"Metro_Area","Date","Data_Type","cases_percentdiff","tests_percentdiff","cases_percentdiff_spline","cases_percentdiff_spline_lower","cases_percentdiff_spline_upper","tests_percentdiff_spline","tests_percentdiff_spline_lower","tests_percentdiff_spline_upper"
"Metro",2020-04-22,"Raw",0,0,89.1518569325966,14.7859079226032,163.51780594259,15.0123169434471,-162.350466033193,192.375099920088
"Metro",2020-04-23,"Raw",-8.02005012531328,-49.653887113951,81.4241057697675,9.82192026777685,153.026291271758,18.5611532087256,-153.908433291118,191.030739708569
"Metro",2020-04-24,"Raw",-5.26315789473685,180.497870074547,73.7208423430432,4.8421059021,142.599578783986,22.1123274940031,-145.534757488728,189.759412476735
"Metro",2020-04-25,"Raw",10.5263157894737,83.4531416400426,66.0665543885293,-0.135782655755548,132.268891432814,25.6681778192788,-137.235651905519,188.572007544077
"Metro",2020-04-26,"Raw",-7.76942355889725,-66.2406815761448,58.4857296423302,-5.0943849518811,122.065844236542,29.2310422045516,-129.017534717085,187.479619126188
"Metro",2020-04-27,"Raw",-29.5739348370927,9.13205537806176,51.0028558405516,-10.0167640646602,112.022475745763,32.8032586698209,-120.887017514878,186.49353485452
"Metro",2020-04-28,"Raw",-13.4085213032581,-53.1017039403621,43.6424207192982,-14.8864334959066,102.171274934503,36.3871652350853,-112.850886594498,185.625217064669
"Metro",2020-04-29,"Raw",3.75939849624061,85.0505857294995,36.4289120146751,-19.6873753503164,92.5451993796666,39.9850999203444,-104.916075246035,184.886275086724
"Metro",2020-04-30,"Raw",6.14035087719298,31.6560170394036,29.3868174627875,-24.4040440554781,83.177678981053,43.599400745597,-97.0896250695419,184.288426560736
"Metro",2020-05-01,"Raw",23.5588972431078,-109.078807241747,22.5406247997402,-29.0213479484904,74.1025975479707,47.2324057308421,-89.3786341784772,183.843445640161
"Metro",2020-05-02,"Raw",48.8721804511278,35.8093716719915,15.9148217616383,-33.5245989443176,65.3542424675942,50.8864528960789,-81.7901900849352,183.563095877093
"Metro",2020-05-03,"Raw",14.4110275689223,-93.3306709265176,9.5338960845871,-37.8994185072354,56.9672106764096,54.5638802613065,-74.3312851351897,183.459045657803
"Metro",2020-05-04,"Raw",-6.39097744360902,81.5362087326944,3.42233550469142,-42.1315868230165,48.9762578323994,58.2670258465238,-67.0087126445854,183.542764337633
"Metro",2020-05-05,"Raw",9.27318295739348,-100,-2.39537224194353,-46.2068222763407,41.4160777924536,61.9982276717301,-59.8289424342689,183.825397777729
"Metro",2020-05-06,"Raw",19.2982456140351,139.470181043663,-7.89473941921286,-50.1104812163714,34.3210023779456,65.7598237569242,-52.7979753614076,184.317622875256
"Metro",2020-05-07,"Raw",27.6942355889724,175.89190628328,-13.0512782910114,-53.8271747626905,27.7246181806677,69.5541521221056,-45.9211777034906,185.029481947702
"Metro",2020-05-08,"Raw",35.8395989974937,232.947284345048,-17.8405011212341,-57.3403108934044,21.6593086509363,73.3835507872731,-39.2030979123193,185.970199486866
"Metro",2020-05-09,"Raw",47.9949874686717,161.594781682641,-22.237920173776,-60.6315859726696,16.1557456251177,77.2503577724257,-32.647270240953,187.147985785804
"Metro",2020-05-10,"Raw",9.3984962406015,194.462193823216,-26.219047712532,-63.6804680080311,11.2423725829671,81.1569110975625,-26.2560119346046,188.56983412973
"Metro",2020-05-11,"Raw",23.3082706766917,149.733759318424,-29.7593960013968,-66.4637298131778,6.94493781038421,85.1055487826828,-20.0302228424115,190.241320407777
"Metro",2020-05-12,"Raw",26.9423558897243,316.999467518637,-32.8344773042659,-68.9550979086948,3.28614330016308,89.0986088477854,-13.9691981482558,192.166415843827
"Metro",2020-05-13,"Raw",45.9899749373434,148.056443024494,-35.4198038850337,-71.1250770613657,0.285469291298362,93.1384293128695,-8.07046608506354,194.347324710803
"Metro",2020-05-14,"Raw",65.9147869674186,261.195420660277,-37.4908880075954,-72.9409890023973,-2.04078701279358,97.2273481979342,-2.32966265107468,196.784359046943
"Metro",2020-05-15,"Raw",48.3709273182957,-19.19595314164,-39.0232419358459,-74.3672307956935,-3.67925307599833,101.367703522979,3.25954575604526,199.475861289912
"Metro",2020-05-16,"Raw",111.654135338346,144.635250266241,-39.9923779336801,-75.3657222899059,-4.61903357745437,105.561833308002,8.70548330245052,202.418183313553
"Metro",2020-05-17,"Raw",-10.4010025062657,204.592651757188,-40.3738082649931,-75.8964834469697,-4.85113308301659,109.812075573003,14.0184243979173,205.605726748088
"Metro",2020-05-18,"Raw",6.64160401002507,241.74653887114,-40.1430451936798,-75.9182685938263,-4.36782179353325,114.12076833798,19.2104916004581,209.031045075503
"Metro",2020-05-19,"Raw",30.3258145363408,309.198615548456,-39.275600983635,-75.3891875164221,-3.16201445084796,118.490249622934,24.2954958642492,212.685003381619
"Metro",2020-05-20,"Raw",48.1203007518797,193.929712460064,-37.7469878987537,-74.2672589495402,-1.22671684796727,122.922857447863,29.2887274496778,216.556987446048
"Metro",2020-05-21,"Raw",17.9197994987469,133.426517571885,-35.532718202931,-72.5108636429979,1.44542723713596,127.420929832766,34.2067090387377,220.635150626793
"Metro",2020-05-22,"Raw",47.7443609022556,108.732694355698,-32.6083041600616,-70.0790853033125,4.86247698318926,131.986804797642,39.0669244635929,224.90668513169
"Metro",2020-05-23,"Raw",17.5438596491228,-100,-28.9492580340407,-66.931944121685,9.03342805360355,136.62282036249,43.8875368261821,229.358103898797
"Metro",2020-05-24,"Raw",-0.626566416040097,306.58945686901,-24.5310920887631,-63.0305378227324,13.9683536452062,141.331314547309,48.6871087785861,233.975520316032
"Metro",2020-05-25,"Raw",-27.6942355889724,178.035143769968,-19.3293185881237,-58.3371097421211,19.6784725658737,146.114625372099,53.484335658226,238.744915085972
"Metro",2020-05-26,"Raw",-34.5864661654135,134.464856230032,-13.3194497960176,-52.815063890356,26.1761642983208,150.975090856859,58.2977994431094,243.652382270608
"Metro",2020-05-27,"Raw",22.3057644110276,61.1687965921193,-6.47699797633963,-46.4289449627057,33.4749490100264,155.915049021586,63.1457485333032,248.68434950987
"Metro",2020-05-28,"Raw",77.0676691729323,209.291799787007,1.22252460701529,-39.144398183814,41.5894473978446,160.936837886282,68.0459055327648,253.827770239799
"Metro",2020-05-29,"Raw",30.952380952381,100.998402555911,9.80360569015215,-30.9281206547926,50.5353320350969,166.042795470944,73.0153027500041,259.070288191884
"Metro",2020-05-30,"Raw",42.2305764411028,165.774760383387,19.290733009176,-21.7478130208851,60.3292790392371,171.235259795572,78.0701431890814,264.400376402063
"Metro",2020-05-31,"Raw",42.9824561403509,-12.2470713525027,29.7083943001919,-11.5721380276752,70.9889266280589,176.516568880165,83.2256833943059,269.807454366024
"Metro",2020-06-01,"Raw",-29.6992481203007,342.944621938232,41.081077299305,-0.370690934261724,82.5328455328716,181.889060744722,88.4961335985251,275.281987890919
"Metro",2020-06-02,"Raw",63.7844611528822,349.10809371672,53.4332697426202,11.886014235471,94.9805252497693,187.355073409242,93.8945701183771,280.815576700106
"Metro",2020-06-03,"Raw",73.6842105263158,-198.043130990415,66.7894593662425,25.2265390675512,108.352379664934,192.916944893723,99.4328547359064,286.40103505154
"Metro",2020-06-04,"Raw",75.9398496240601,208.612886048988,81.1739135324542,39.6782529073034,122.669574157605,198.576994141061,105.121516381112,292.032471901009
"Metro",2020-06-05,"Raw",91.6040100250627,41.4137380191693,96.5842343709559,55.2385860683196,137.929882673592,204.335231764381,110.964950542193,297.705512986569
"Metro",2020-06-06,"Raw",126.190476190476,202.249733759318,112.966236163046,71.8478591914203,154.084613134672,210.187185257019,116.956971781719,303.417398732319
"Metro",2020-06-07,"Raw",74.3107769423559,549.880191693291,130.259783096803,89.4392020275749,171.08036416603,216.127867030458,123.08918508548,309.166548975437
"Metro",2020-06-08,"Raw",-20.1754385964912,72.5772097976571,148.404739360304,107.945090224312,188.864388496295,222.152289496185,129.352218612893,314.952360379476
"Metro",2020-06-09,"Raw",119.674185463659,159.850905218317,167.340969141628,127.2974044151,207.384533868155,228.255465065684,135.735877119158,320.775053012209
"Metro",2020-06-10,"Raw",185.588972431078,-100,187.008336628852,147.427481453283,226.58919180442,234.43240615044,142.229284058121,326.635528242759
"Metro",2020-06-11,"Raw",111.40350877193,133.120340788072,207.346706010054,168.266162983675,246.427249036433,240.678125161939,148.821015074044,332.535235249833
"Metro",2020-06-12,"Raw",136.09022556391,-80.7507987220447,228.295941473313,189.743846508708,266.848036437919,246.987634511665,155.499225257345,338.476043765985
"Metro",2020-06-13,"Raw",166.416040100251,98.4691160809372,249.795907206707,211.790544226671,287.801270186743,253.355946611105,162.251772158251,344.460121063958
"Metro",2020-06-14,"Raw",122.18045112782,188.857827476038,271.786467398313,234.33595507681,309.236979719816,259.778073871742,169.066336129658,350.489811613826
"Metro",2020-06-15,"Raw",52.8822055137845,173.32268370607,294.207486236209,257.309555462825,331.105417009593,266.249028705062,175.930539109844,356.567518300281
"Metro",2020-06-16,"Raw",279.448621553885,309.757720979766,316.998827908474,280.640713842674,353.356941974274,272.763823522551,182.832062461135,362.695584583967
"Metro",2020-06-17,"Raw",259.273182957393,111.754526091587,340.100356603185,304.258833532398,375.941879673973,279.317470735693,189.75876395973,368.876177511656
"Metro",2020-06-18,"Raw",306.015037593985,198.948349307774,363.451936508421,328.093526432009,398.810346584833,285.904982755974,196.698793498014,375.111172013934
"Metro",2020-06-19,"Raw",291.979949874687,365.575079872204,386.993431812259,352.074817751621,421.912045872896,292.521371994878,203.640706534082,381.402037455674
"Metro",2020-06-20,"Raw",421.428571428571,344.102768903088,410.664706702777,376.133378147154,445.1960352584,299.161650863891,210.573573831168,387.749727896614
"Metro",2020-06-21,"Raw",367.543859649123,179.845580404686,434.405625368054,400.200775165087,468.61047557102,305.820831774498,217.487085605117,394.154577943879
"Metro",2020-06-22,"Raw",284.461152882206,305.005324813632,458.156051996167,424.209731072313,492.102372920021,312.493927138184,224.371647876692,400.616206399676
"Metro",2020-06-23,"Raw",538.220551378446,304.35303514377,481.855850775194,448.094369872042,515.617331678346,319.175949366434,231.218468641446,407.133430091423
"Metro",2020-06-24,"Raw",543.483709273183,54.073482428115,505.444885893213,471.790433648748,539.099338137679,325.861910870734,238.019631450617,413.704190290851
"Metro",2020-06-25,"Raw",602.255639097744,20.8466453674121,528.863021538303,495.235448346586,562.49059473002,332.546824062568,244.768154157631,420.325493967505
"Metro",2020-06-26,"Raw",561.278195488722,295.64696485623,552.050121898541,518.368822242306,585.731421554777,339.225701353422,251.458030925557,426.993371781287
"Metro",2020-06-27,"Raw",573.4335839599,510.995740149095,574.946051162005,541.131866568019,608.760235755992,345.893555154781,258.084256092076,433.702854217485
"Metro",2020-06-28,"Raw",549.749373433584,541.147497337593,597.490673516774,563.467735988916,631.513611044632,352.545397878129,264.642829112782,440.447966643476
"Metro",2020-06-29,"Raw",405.388471177945,336.315228966986,619.623853150925,585.321295353813,653.926410948036,359.176241934952,271.130740498648,447.221743371257
"Metro",2020-06-30,"Raw",673.558897243108,317.665069222577,641.285454252535,606.638926577155,675.931981927916,365.781099736736,277.545939368268,454.016260105204
"Metro",2020-07-01,"Raw",817.167919799499,305.058572949947,662.415341009685,627.36829433054,697.462387688829,372.354983694965,283.887283887884,460.822683502046
"Metro",2020-07-02,"Raw",804.135338345865,354.699148029819,682.95337761045,647.458090821457,718.448664399443,378.892906221125,290.154476416542,467.631336025708
"Metro",2020-07-03,"Raw",759.398496240602,334.438232161874,702.839428242909,666.857778535912,738.821077949907,385.3898797267,296.347985567836,474.431773885563
"Metro",2020-07-04,"Raw",844.360902255639,450.532481363152,722.013357095141,685.517346244846,758.509367945436,391.840916623175,302.468957618633,481.212875627717
"Metro",2020-07-05,"Raw",304.385964912281,451.55750798722,740.415028355223,703.387088899385,777.44296781106,398.241029322037,308.519119732783,487.962938911291
"Metro",2020-07-06,"Raw",531.829573934837,432.348242811502,757.984306211232,720.417417264814,795.551195157651,404.58523023477,314.500677335129,494.66978313441
"Metro",2020-07-07,"Raw",1021.42857142857,406.842385516507,774.661054851248,736.558698978534,812.763410723962,410.868531772858,320.416207692126,501.32085585359
"Metro",2020-07-08,"Raw",1028.44611528822,420.367412140575,790.385138463348,751.761129527407,829.009147399289,417.085946347789,326.268551362396,507.903341333181
"Metro",2020-07-09,"Raw",941.729323308271,663.485090521832,805.09642123561,765.97462949202,844.218212979201,423.232486371045,332.060702708501,514.404270033589
"Metro",2020-07-10,"Raw",984.83709273183,499.813631522897,818.734767356112,779.148763169269,858.320771542956,429.303164254113,337.795700143175,520.810628365051
"Metro",2020-07-11,"Raw",1054.26065162907,376.198083067093,831.240041012933,791.232673133549,871.247408892316,435.292992408478,343.476516246783,527.109468570172
"Metro",2020-07-12,"Raw",844.110275689223,583.958998935037,842.552106394149,802.175025183793,882.929187604505,441.196983245624,349.105947358272,533.288019132977
"Metro",2020-07-13,"Raw",562.280701754386,377.915335463259,852.610827687839,811.92395822556,893.297697150118,447.010149177038,354.686501721368,539.333796632708
"Metro",2020-07-14,"Raw",1084.21052631579,422.004792332268,861.356069082081,820.427033772441,902.285104391721,452.727502614204,360.22028476626,545.234720462147
"Metro",2020-07-15,"Raw",1109.02255639098,349.813631522897,868.727694764953,827.631179778047,909.824209751859,458.344055968607,365.708879623148,550.979232314066
"Metro",2020-07-16,"Raw",1058.02005012531,75.7055378061768,874.665568924533,833.48262331806,915.848514531007,463.854821651732,371.153220492854,556.55642281061
"Metro",2020-07-17,"Raw",1038.47117794486,390.601703940362,879.111910798144,837.928965377139,920.29485621915,469.254933513148,376.553401727523,561.956465298772
"Metro",2020-07-18,"Raw",1044.48621553885,403.753993610224,882.063105755746,840.966591317467,923.159620194026,474.542318478326,381.907351870276,567.177285086377
"Metro",2020-07-19,"Raw",762.65664160401,579.113418530351,883.569705299936,842.64067087923,924.498739720641,479.717696548646,387.210833627913,572.224559469379
"Metro",2020-07-20,"Raw",791.353383458647,321.858359957401,883.684615982554,842.997747712311,924.371484252797,484.781909163566,392.458769834425,577.105048492707
"Metro",2020-07-21,"Raw",934.21052631579,380.684238551651,882.460744355443,842.083664589298,922.837824121587,489.735797762548,397.645434395801,581.826161129294
"Metro",2020-07-22,"Raw",937.719298245614,252.409478168264,879.950996970443,839.943630723411,919.958363217476,494.580203785051,402.76457893686,586.395828633243
"Metro",2020-07-23,"Raw",962.907268170426,261.009052183174,876.208280379398,836.622277936537,915.794282822259,499.315968670537,407.809552296268,590.822385044806
"Metro",2020-07-24,"Raw",856.641604010025,310.902555910543,871.285501134148,832.163711157928,910.407291110368,503.943933858464,412.773415244124,595.114452472805
"Metro",2020-07-25,"Raw",781.954887218045,253.980298189563,865.235565786535,826.611558542272,903.859573030797,508.464940788295,417.649052325418,599.280829251171
"Metro",2020-07-26,"Raw",593.609022556391,375.692225772098,858.1113808884,820.009026522896,896.213735253904,512.879830899489,422.42928224898,603.330379549997
"Metro",2020-07-27,"Raw",354.761904761905,429.446219382322,849.965852991585,812.398965250898,887.532740732272,517.189445631505,427.106967740182,607.271923522829
"Metro",2020-07-28,"Raw",723.057644110276,142.74494142705,840.851888647932,803.823949972971,877.879827322894,521.394626423806,431.675125255527,611.114127592085
"Metro",2020-07-29,"Raw",897.744360902256,205.005324813632,830.822394409282,794.326383787606,867.318405030959,525.496214715851,436.127034423022,614.86539500868
"Metro",2020-07-30,"Raw",849.122807017544,390.149094781683,819.930276827477,783.948626668289,855.911926986666,529.4950519471,440.456346536241,618.53375735796
"Metro",2020-07-31,"Raw",896.240601503759,307.601171458999,808.228442454359,772.733154406093,843.723730502625,533.391979557014,444.657190912365,622.126768201663
"Metro",2020-08-01,"Raw",1017.29323308271,470.913205537806,795.769797841769,760.722748976232,830.816846707305,537.187838985054,448.724277452811,625.651400517297
"Metro",2020-08-02,"Raw",646.491228070175,1127.82215122471,782.607249541548,747.960718643244,817.253780439851,540.883471670679,452.652993352418,629.113949988939
"Metro",2020-08-03,"Raw",596.616541353383,1303.03514376997,768.793704105538,734.491141954828,803.096266256249,544.47971905335,456.439491624375,632.519946482324
"Metro",2020-08-04,"Raw",891.604010025063,548.961661341853,754.382068085581,720.359124999228,788.405011171935,547.977422572527,460.080768975309,635.874076169744
"Metro",2020-08-05,"Raw",887.092731829574,696.099574014909,739.425248033519,705.61105662619,773.239439440848,551.37742366767,463.574730602395,639.180116732945
"Metro",2020-08-06,"Raw",674.436090225564,447.590521831736,723.976150501192,690.294842754782,757.657458247603,554.680563778241,466.920239702833,642.440887853648
"Metro",2020-08-07,"Raw",648.997493734336,2181.92225772098,708.087682040444,674.460099490413,741.715264590475,557.887684343698,470.117149879445,645.658218807952
"Metro",2020-08-08,"Raw",650.877192982456,1882.65441959531,691.812749203114,658.158286373052,725.467212033177,560.999626803504,473.166319169713,648.832934437295
"Metro",2020-08-09,"Raw",483.959899749373,1568.25079872204,675.204258541046,641.442765898147,708.965751183944,564.017232597117,476.069605077023,651.964860117211
"Metro",2020-08-10,"Raw",407.894736842105,1573.84185303514,658.315116606079,624.368782892499,692.261450319659,566.941343163999,478.829840686767,655.052845641231
"Metro",2020-08-11,"Raw",863.784461152882,967.718317358892,641.198229950057,606.993366040151,675.403093859963,569.772799943609,481.450792644137,658.094807243082
"Metro",2020-08-12,"Raw",592.606516290727,405.01863684771,623.90650512482,589.37516210304,658.4378481466,572.512444375409,483.937102394037,661.087786356781
"Metro",2020-08-13,"Raw",606.892230576441,1811.20873269436,606.49284868221,571.574219575459,641.411477788961,575.161117898858,486.294212584253,664.028023213462
"Metro",2020-08-14,"Raw",638.095238095238,784.305111821086,589.010167174069,553.651741667899,624.368592680239,577.719661953416,488.5282808736,666.911043033232
"Metro",2020-08-15,"Raw",859.52380952381,-97.510649627263,571.511367152238,535.669828477234,607.352905827243,580.188917978545,490.646083547764,669.731752409325
"Metro",2020-08-16,"Raw",663.032581453634,792.07933972311,554.04935516856,517.691225542241,590.407484794879,582.569727413704,492.654911326459,672.484543500949
"Metro",2020-08-17,"Raw",220.676691729323,940.814696485623,536.677037774875,499.779091708304,573.574983841445,584.862931698354,494.562459561668,675.16340383504
"Metro",2020-08-18,"Raw",712.531328320802,741.866347177849,519.447321523024,481.996794401754,556.897848644295,587.069372271955,496.376714705649,677.76202983826
"Metro",2020-08-19,"Raw",637.218045112782,192.97124600639,502.413112964851,464.407735904445,540.418490025257,589.189890573967,498.105838503119,680.273942644815
"Metro",2020-08-20,"Raw",444.360902255639,752.489350372737,485.627318652196,447.075210550333,524.17942675406,591.225328043851,499.758050870195,682.692605217508
"Metro",2020-08-21,"Raw",423.558897243108,593.091054313099,469.142845136901,430.062290135984,508.223400137818,593.176526121068,501.341511896265,685.011540345871
"Metro",2020-08-22,"Raw",393.233082706767,581.389776357827,453.012598970807,413.431733197288,492.593464744327,595.044326245077,502.864202871142,687.224449619012
"Metro",2020-08-23,"Raw",305.639097744361,15.1624068157614,437.289486705757,397.245912964455,477.333060447058,596.829569855339,504.333805719071,689.325333991606
"Metro",2020-08-24,"Raw",200,78.1283280085197,422.026414893591,381.566758523742,462.486071263439,598.533098391314,505.757579726716,691.308617055912
"Metro",2020-08-25,"Raw",560.902255639098,558.413205537806,407.276290086151,366.455703751162,448.09687642114,600.155753292463,507.142233991854,693.169272593072
"Metro",2020-08-26,"Raw",474.937343358396,1196.61874334398,393.092018835279,351.973638740606,434.210398929952,601.698375998245,508.493793597421,694.90295839907
"Metro",2020-08-27,"Raw",474.436090225564,336.009052183174,379.526507692817,338.180858569495,420.872156816138,603.161807948122,509.817457135385,696.50615876086
"Metro",2020-08-28,"Raw",314.160401002506,597.484025559105,366.632663210606,325.137004208822,408.12832221239,604.546890581554,511.117442873587,697.976338289521
"Metro",2020-08-29,"Raw",425.563909774436,146.884984025559,354.458458461965,312.895542350151,396.021374573779,605.854533308363,512.39633870269,699.312727914035
"Metro",2020-08-30,"Raw",348.872180451128,257.25505857295,343.008926984932,301.461678316661,384.556175653204,607.086237132264,513.651223299309,700.521250965219
"Metro",2020-08-31,"Raw",228.696741854637,162.220447284345,332.26699302491,290.815234333738,373.718751716081,608.243807664892,514.875652952296,701.611962377488
"Metro",2020-09-01,"Raw",347.744360902256,97.5638977635783,322.215398105872,280.934878034434,363.495918177311,609.329053035303,516.061871055308,702.596235015298
"Metro",2020-09-02,"Raw",372.932330827068,700.479233226837,312.836883751795,271.798352656949,353.875414846642,610.343781372552,517.200905207364,703.48665753774
"Metro",2020-09-03,"Raw",330.451127819549,252.422790202343,304.114191486655,263.382482669134,344.845900304175,611.289800805694,518.282648357267,704.29695325412
"Metro",2020-09-04,"Raw",360.15037593985,698.149627263046,296.030062834425,255.663160018901,336.39696564995,612.168919463785,519.295947102035,705.041891825535
"Metro",2020-09-05,"Raw",370.676691729323,186.581469648562,288.567239319083,248.615314546539,328.519164091626,612.98294547588,520.228702414903,705.737188536858
"Metro",2020-09-06,"Raw",244.611528822055,144.395633652822,281.708462464602,242.212872540118,321.204052389086,613.733686971035,521.067987864437,706.399386077634
"Metro",2020-09-07,"Raw",151.127819548872,667.851437699681,275.436473794959,236.428708402483,314.444239187435,614.422952078306,521.800189864882,707.045714291729
"Metro",2020-09-08,"Raw",42.8571428571429,57.321618743344,269.734014834129,231.234595997976,308.233433670283,615.052548926746,522.4111735646,707.693924288893
"Metro",2020-09-09,"Raw",348.370927318296,786.261980830671,264.583827106087,226.60116849714,302.566485715034,615.624285645413,522.886476547446,708.36209474338
"Metro",2020-09-10,"Raw",335.714285714286,34.1719914802982,259.968652134809,222.497898387484,297.439405882135,616.139970363361,523.211530549061,709.068410177662
"Metro",2020-09-11,"Raw",260.526315789474,668.264110756124,255.87123144427,218.893112539122,292.849350349418,616.601411209646,523.371908909995,709.830913509298
"Metro",2020-09-12,"Raw",343.483709273183,1113.83120340788,252.274306558445,215.754060285625,288.794552831265,617.010416313324,523.353594637403,710.667237989245
"Metro",2020-09-13,"Raw",108.270676691729,-745.5404685836,249.16061900131,213.047054477578,285.274183525041,617.368793803449,523.143260981345,711.594326625553
"Metro",2020-09-14,"Raw",196.616541353383,329.818956336528,246.512910296839,210.737705017134,282.288115576545,617.678351809078,522.728553712549,712.628149905606
"Metro",2020-09-15,"Raw",410.275689223058,583.439829605964,244.31392196901,208.791259807808,279.836584130211,617.940898459265,522.098362241337,713.783434677193
"Metro",2020-09-16,"Raw",260.15037593985,525.412673056443,242.546395541796,207.173057829767,277.919733253824,618.158241883066,521.243065755714,715.073418010418
"Metro",2020-09-17,"Raw",309.774436090226,1183.35995740149,241.193072539173,205.849082638609,276.537062439737,618.332190209537,520.154740986027,716.509639433046
"Metro",2020-09-18,"Raw",313.408521303258,1444.51544195953,240.236694485117,204.786583466624,275.686805503609,618.464551567732,518.827320131413,718.101783004051
"Metro",2020-09-19,"Raw",254.511278195489,297.697018104366,239.660002903603,203.954709478439,275.365296328766,618.557134086708,517.256690763993,719.857577409423
"Metro",2020-09-20,"Raw",167.669172932331,262.619808306709,239.445739318606,203.325087098771,275.56639153844,618.61174589552,515.440733766006,721.782758025034
"Metro",2020-09-21,"Raw",104.636591478697,557.454739084132,239.576645254101,202.872267458507,276.281023049696,618.630195123223,513.379299980134,723.881090266312
"Metro",2020-09-22,"Raw",310.651629072682,836.395101171459,240.035462234065,202.573984752446,277.496939715684,618.614289898873,511.074130631058,726.154449166688
"Metro",2020-09-23,"Raw",206.265664160401,1002.46272630458,240.804931782472,202.411194944153,279.198668620791,618.565838351525,508.528730146823,728.602946556227
"Metro",2020-09-24,"Raw",313.28320802005,561.208732694356,241.867795423298,202.367900291352,281.367690555243,618.486648610234,505.748202391691,731.225094828777
"Metro",2020-09-25,"Raw",247.49373433584,914.550053248136,243.206794680518,202.430798234441,283.982791126595,618.378528804057,502.73906237191,734.017995236204
"Metro",2020-09-26,"Raw",270.300751879699,197.523961661342,244.804671078107,202.588814550222,287.020527605992,618.243287062048,499.509035272866,736.97753885123
"Metro",2020-09-27,"Raw",57.5187969924812,2020.27422790202,246.644166140041,202.83258660405,290.455745676033,618.082731513263,496.066853481315,740.098609545211
"Metro",2020-09-28,"Raw",65.1629072681704,275.905218317359,248.708021390296,203.153954875739,294.262087904852,617.898670286757,492.422060379962,743.375280193552
"Metro",2020-09-29,"Raw",295.739348370927,368.330670926518,250.978978352846,203.545505048854,298.412451656838,617.692911511586,488.584827524121,746.800995499051
"Metro",2020-09-30,"Raw",527.694235588972,505.218317358892,253.439778551667,204.000184819619,302.879372283715,617.467263316805,484.565789622114,750.368737011496
"Metro",2020-10-01,"Raw",241.729323308271,1132.56123535676,256.073163510734,204.511003666367,307.635323355101,617.22353383147,480.375899761221,754.071167901718
"Metro",2020-10-02,"Raw",187.468671679198,1317.97124600639,258.861874754023,205.070812330991,312.652937177055,616.963531184636,476.026305678469,757.900756690803
"Metro",2020-10-03,"Raw",286.215538847118,739.656549520767,261.788653805509,205.672151994894,317.905155616125,616.689063505358,471.528246620898,761.849880389818
"Metro",2020-10-04,"Raw",163.533834586466,360.197018104366,264.836242189168,206.307160253675,323.365324124661,616.401938922692,466.892969464729,765.910908380656
"Metro",2020-10-05,"Raw",152.380952380952,797.09797657082,267.987381428974,206.967520788127,329.007242069822,616.103965565694,462.131662221638,770.07626890975
"Metro",2020-10-06,"Raw",300,277.609158679446,271.224813048904,207.644444952898,334.80518114491,615.796951563418,457.255402789775,774.338500337062
"Metro",2020-10-07,"Raw",298.370927318296,426.903620873269,274.531278572932,208.328675498037,340.733881647827,615.482705044921,452.275120739969,778.690289349874
"Metro",2020-10-08,"Raw",319.674185463659,433.120340788072,277.889519525034,209.010504749546,346.768534300521,615.163034139258,447.201570001818,783.124498276697
"Metro",2020-10-09,"Raw",291.478696741855,1040.98775292865,281.282277429185,209.679801501282,352.884753357088,614.839746975483,442.045310477984,787.634183472983
"Metro",2020-10-10,"Raw",365.413533834586,-100,284.692293809361,210.326042482987,359.058545135735,614.514651682653,436.816696827345,792.212606537962
"Non-Metro",2020-04-22,"Raw",0,0,175.735954302432,-40.7926034420364,392.2645120469,-141.536579257028,-323.05428299933,39.9811244852736
"Non-Metro",2020-04-23,"Raw",90.9090909090909,90.3462749213012,165.621430099258,-42.9071823494847,374.150042548001,-147.281719336204,-324.752602605594,30.1891639331853
"Non-Metro",2020-04-24,"Raw",37.6623376623377,-442.497376705142,155.536034886777,-45.1094613782174,356.18153115177,-153.026796166022,-326.50597766159,20.4523853295447
"Non-Metro",2020-04-25,"Raw",14.2857142857143,-184.05036726128,145.508897655679,-47.389699685227,338.407494996586,-158.771746497125,-328.319687527655,10.7761945334053
"Non-Metro",2020-04-26,"Raw",62.3376623376623,-110.073452256034,135.569147396659,-49.7392693334379,320.877564126756,-164.516507080153,-330.199046357147,1.16603219684083
"Non-Metro",2020-04-27,"Raw",37.6623376623377,-169.464847848898,125.745913100408,-52.1507419997413,303.642568200557,-170.26101466575,-332.149388781648,-8.3726405498528
"Non-Metro",2020-04-28,"Raw",140.25974025974,-83.8405036726128,116.068323757618,-54.617962062223,286.754609577459,-176.005206004558,-334.176052520297,-17.8343594888186
"Non-Metro",2020-04-29,"Raw",-23.3766233766234,-179.643231899265,106.565508358982,-57.1360943491951,270.267111067159,-181.749017847218,-336.284357523817,-27.2136781706189
"Non-Metro",2020-04-30,"Raw",145.454545454545,-164.323189926548,97.2665958951916,-59.7016303611595,254.234822151543,-187.492386944373,-338.479581269022,-36.5051926197232
"Non-Metro",2020-05-01,"Raw",115.584415584416,-105.14165792235,88.2007153569393,-62.3123314699724,238.713762183851,-193.235250046664,-340.766929844072,-45.7035702492566
"Non-Metro",2020-05-02,"Raw",38.961038961039,-156.348373557188,79.3969957349175,-64.9670818279465,223.761073297782,-198.977543904735,-343.15150451384,-54.8035832956288
"Non-Metro",2020-05-03,"Raw",50.6493506493507,-117.838405036726,70.8845660198185,-67.6656183271243,209.434750366761,-204.719205269226,-345.638263534259,-63.8001470041928
"Non-Metro",2020-05-04,"Raw",-48.0519480519481,-216.579223504722,62.6925552023343,-70.408101458628,195.793211863297,-210.46017089078,-348.231979099779,-72.6883626817815
"Non-Metro",2020-05-05,"Raw",125.974025974026,-100,54.8500922731575,-73.1944916801718,182.894676226487,-216.20037752004,-350.937189463704,-81.4635655763756
"Non-Metro",2020-05-06,"Raw",35.0649350649351,-238.824763903463,47.3863062229802,-76.023703992673,170.796316438633,-221.939761907647,-353.75814646969,-90.1213773456033
"Non-Metro",2020-05-07,"Raw",59.7402597402597,-275.970619097587,40.3303260424945,-78.8925321273431,159.553184212332,-227.678260804243,-356.698758973941,-98.6577626345452
"Non-Metro",2020-05-08,"Raw",83.1168831168831,-285.519412381952,33.711280722393,-81.7943652585387,149.216926703325,-233.415810960471,-359.7625329172,-107.069089003742
"Non-Metro",2020-05-09,"Raw",-9.09090909090909,-343.336831059811,27.5582992533676,-84.717763670938,139.834362177673,-239.152349126972,-362.952509114123,-115.35218913982
"Non-Metro",2020-05-10,"Raw",79.2207792207792,-301.364113326338,21.9005106261109,-87.6450093963731,131.446030648595,-244.887812054389,-366.271200149676,-123.504423959101
"Non-Metro",2020-05-11,"Raw",-77.9220779220779,-209.024134312697,16.7670438313151,-90.5507915348514,124.084879197482,-250.622136493363,-369.720528086445,-131.523744900282
"Non-Metro",2020-05-12,"Raw",122.077922077922,-279.643231899265,12.1870278596722,-93.4012077130981,117.775263432443,-256.355259194538,-373.301764966526,-139.408753422549
"Non-Metro",2020-05-13,"Raw",170.12987012987,-187.408184679958,8.18959170187488,-96.1532483201222,112.532431723872,-262.087116908554,-377.015478306528,-147.158755510579
"Non-Metro",2020-05-14,"Raw",105.194805194805,-284.994753410283,4.80386434861517,-98.7548733775243,108.362602074755,-267.817646386054,-380.861483903254,-154.773808868854
"Non-Metro",2020-05-15,"Raw",115.584415584416,-143.336831059811,2.05897479058539,-101.145702497574,105.263652078744,-273.546784377681,-384.838808262987,-162.254760492375
"Non-Metro",2020-05-16,"Raw",51.9480519480519,-220.566631689402,-0.0159479815222132,-103.25823939389,103.226343430846,-279.274467634076,-388.945662818759,-169.603272449392
"Non-Metro",2020-05-17,"Raw",-7.79220779220779,-230.430220356768,-1.39177497701538,-105.019471865834,102.235921911803,-285.00063290588,-393.179431799384,-176.821834012377
"Non-Metro",2020-05-18,"Raw",-24.6753246753247,-420.146904512067,-2.0393772052018,-106.352647138059,102.273892727656,-290.725216943738,-397.536675168285,-183.913758719191
"Non-Metro",2020-05-19,"Raw",138.961038961039,-393.284365162644,-1.92962567538926,-107.179026796003,103.319775445225,-296.44815649829,-402.013147482876,-190.883165513704
"Non-Metro",2020-05-20,"Raw",201.298701298701,-226.442812172088,-1.03339139688544,-107.419465942184,105.352683148413,-302.169388320178,-406.60383287557,-197.734943764787
"Non-Metro",2020-05-21,"Raw",68.8311688311688,-271.878279118573,0.678454621001928,-106.995719687467,108.352628929471,-307.888849160046,-411.302995676369,-204.474702643722
"Non-Metro",2020-05-22,"Raw",90.9090909090909,-240.398740818468,3.23504136896506,-105.831438771244,112.301521509174,-313.606475768534,-416.10424554127,-211.108705995797
"Non-Metro",2020-05-23,"Raw",59.7402597402597,-100,6.6654978376963,-103.852862873742,117.183858549134,-319.322204896285,-421.0006153761,-217.643794416469
"Non-Metro",2020-05-24,"Raw",-38.961038961039,-335.676810073452,10.9989530178877,-100.98925027459,122.987156310366,-325.03597329394,-425.984649898966,-224.087296688915
"Non-Metro",2020-05-25,"Raw",-40.2597402597403,-266.631689401889,16.264535900232,-97.1730968630234,129.702168663487,-330.747717712144,-431.048502399351,-230.446933024936
"Non-Metro",2020-05-26,"Raw",41.5584415584416,-300.734522560336,22.491375475421,-92.3402000322385,137.322950983081,-336.457374901536,-436.184037143236,-236.730712659835
"Non-Metro",2020-05-27,"Raw",400,-316.264428121721,29.7086007341472,-86.4296182589126,145.846819727207,-342.164881612759,-441.382934938523,-242.946828286996
"Non-Metro",2020-05-28,"Raw",477.922077922078,-246.274921301154,37.9453406671028,-79.3835690399558,155.274250374161,-347.870174596456,-446.636799594336,-249.103549598576
"Non-Metro",2020-05-29,"Raw",141.558441558442,-266.631689401889,47.2307242649801,-71.1472990132064,165.608747543167,-353.573190603268,-451.937263350337,-255.2091178562
"Non-Metro",2020-05-30,"Raw",187.012987012987,-400.944386149003,57.5938805184713,-61.6689520897004,176.856713126643,-359.273866383838,-457.276089779939,-261.271642987738
"Non-Metro",2020-05-31,"Raw",950.649350649351,-196.85204616999,69.0639384182688,-50.899455001615,189.027331838153,-364.972138688808,-462.645273144847,-267.299004232769
"Non-Metro",2020-06-01,"Raw",-58.4415584415584,-1250.99685204617,81.6700269550648,-38.7924350279846,202.132488938114,-370.667944268819,-468.037133660951,-273.298754876688
"Non-Metro",2020-06-02,"Raw",401.298701298701,-536.096537250787,95.4412751195515,-25.3041817308899,216.186731969993,-376.361219874515,-473.444408596596,-279.278031152433
"Non-Metro",2020-06-03,"Raw",315.584415584416,-471.983210912907,110.406811902421,-10.393663141004,231.207286945846,-382.051902256536,-478.860339540592,-285.243464972479
"Non-Metro",2020-06-04,"Raw",220.779220779221,-186.568730325289,126.595514005658,5.97708664760398,247.213941363712,-387.739922691975,-484.278761981371,-291.201083402579
"Non-Metro",2020-06-05,"Raw",124.675324675325,-270.828961175236,144.00573119758,23.8060885275851,264.205373867574,-393.424550158373,-489.694840073372,-297.154260243373
"Non-Metro",2020-06-06,"Raw",84.4155844155844,-327.806925498426,162.576525400124,43.0167822781791,282.136268522069,-399.103767349016,-495.105729368289,-303.101805329744
"Non-Metro",2020-06-07,"Raw",-53.2467532467533,-692.02518363064,182.240146740114,63.5222194747956,300.958074005432,-404.775409171343,-500.509388265843,-309.041430076843
"Non-Metro",2020-06-08,"Raw",-98.7012987012987,-247.84889821616,202.928845344372,85.2335659401916,320.624124748553,-410.43731053279,-505.904343208806,-314.970277856775
"Non-Metro",2020-06-09,"Raw",168.831168831169,-362.434417628541,224.574871339722,108.060278223602,341.089464455841,-416.087306340795,-511.289603157468,-320.885009524122
"Non-Metro",2020-06-10,"Raw",238.961038961039,-100,247.110474852985,131.910257373333,362.310692332637,-421.723231502794,-516.664577221503,-326.781885784085
"Non-Metro",2020-06-11,"Raw",94.8051948051948,-322.350472193074,270.467906010985,156.689994830558,384.245817191411,-427.342920926224,-522.028995359885,-332.656846492563
"Non-Metro",2020-06-12,"Raw",181.818181818182,-117.94333683106,294.579414940544,182.304725067892,406.854104813195,-432.944209518523,-527.382832059386,-338.50558697766
"Non-Metro",2020-06-13,"Raw",177.922077922078,-199.790136411333,319.377251768485,208.658599814044,430.095903722926,-438.524932187128,-532.726232936467,-344.323631437789
"Non-Metro",2020-06-14,"Raw",-9.09090909090909,-378.279118572928,344.793666621631,235.654899007571,453.932434235691,-444.082923839475,-538.059444266884,-350.106403412067
"Non-Metro",2020-06-15,"Raw",-54.5454545454545,-366.526757607555,370.760909626804,263.196293574124,478.325525679484,-449.616019383003,-543.382745523391,-355.849293242615
"Non-Metro",2020-06-16,"Raw",1367.53246753247,-399.580272822665,397.211230910828,291.185174178086,503.237287643569,-455.122053725147,-548.696385086472,-361.547722363823
"Non-Metro",2020-06-17,"Raw",262.337662337662,-317.733473242392,424.076880600524,319.524057628905,528.629703572143,-460.598861773346,-554.000519378427,-367.197204168266
"Non-Metro",2020-06-18,"Raw",267.532467532468,-360.020986358867,451.290108822716,348.116077986048,554.464139659384,-466.044278435036,-559.29515575005,-372.793401120023
"Non-Metro",2020-06-19,"Raw",346.753246753247,-370.93389296957,478.783165704226,376.865562118628,580.700769289825,-471.456138617655,-564.580099515011,-378.332177720298
"Non-Metro",2020-06-20,"Raw",250.649350649351,-468.94018887723,506.488301371878,405.678679439267,607.297923304489,-476.832277228638,-569.854905573986,-383.809648883291
"Non-Metro",2020-06-21,"Raw",75.3246753246753,-677.964323189927,534.337765952493,434.464143308791,634.211388596196,-482.170529175425,-575.118835093908,-389.222223256941
"Non-Metro",2020-06-22,"Raw",175.324675324675,-858.761804826863,562.263809572896,463.133928627023,661.393690518768,-487.468729365451,-580.370817704263,-394.566641026639
"Non-Metro",2020-06-23,"Raw",475.324675324675,-618.048268625393,590.198682359907,491.603958680556,688.793406039257,-492.724712706154,-585.609419640582,-399.840005771726
"Non-Metro",2020-06-24,"Raw",446.753246753247,-257.187827911857,618.07463444035,519.794707232569,716.354561648131,-497.936314104971,-590.832818205925,-405.039810004017
"Non-Metro",2020-06-25,"Raw",412.987012987013,-254.879328436516,645.823915941048,547.631661746483,744.016170135614,-503.101368469339,-596.038782836639,-410.163954102038
"Non-Metro",2020-06-26,"Raw",481.818181818182,-583.735571878279,673.378776988823,575.04560205076,771.711951926887,-508.217710706694,-601.224662953799,-415.210758459589
"Non-Metro",2020-06-27,"Raw",392.207792207792,-336.411332633788,700.671467710499,601.972665281495,799.370270139504,-513.283175724476,-606.387382662532,-420.17896878642
"Non-Metro",2020-06-28,"Raw",135.064935064935,-381.532004197272,727.634238232898,628.354190032396,826.9142864334,-518.295598430119,-611.523442235452,-425.067754624786
"Non-Metro",2020-06-29,"Raw",232.467532467532,-383.840503672613,754.199338682842,654.136356131972,854.262321233713,-523.252813731062,-616.628926191633,-429.876701270491
"Non-Metro",2020-06-30,"Raw",946.753246753247,-366.631689401889,780.299019187155,679.269656766592,881.328381607718,-528.152656534741,-621.699517666731,-434.605795402751
"Non-Metro",2020-07-01,"Raw",910.38961038961,-1235.78174186779,805.865529872659,703.708253137042,908.022806608276,-532.992961748594,-626.730518670463,-439.255404826725
"Non-Metro",2020-07-02,"Raw",816.883116883117,-1025.18363064008,830.831120866177,727.409266762519,934.252974969835,-537.771564280058,-631.716875750288,-443.826252809827
"Non-Metro",2020-07-03,"Raw",807.792207792208,-1388.35257082896,855.128042294531,750.332061365137,959.924023223926,-542.486299036569,-636.653210529395,-448.319387543744
"Non-Metro",2020-07-04,"Raw",851.948051948052,-358.551941238195,878.688544284545,772.437557056916,984.939531512173,-547.135000925566,-641.533854565206,-452.736147285926
"Non-Metro",2020-07-05,"Raw",194.805194805195,-413.850996852046,901.44487696304,793.687607129417,1009.20214679666,-551.715504854485,-646.352887982275,-457.078121726694
"Non-Metro",2020-07-06,"Raw",262.337662337662,-590.0314795383,923.329290456841,814.044454796592,1032.61412611709,-556.225645730762,-651.104181369579,-461.347110091945
"Non-Metro",2020-07-07,"Raw",1303.8961038961,-563.378803777545,944.274034892769,833.470275736576,1055.07779404896,-560.663258461836,-655.781440494382,-465.54507642929
"Non-Metro",2020-07-08,"Raw",1168.83116883117,-498.635886673662,964.211360397647,851.926803286491,1076.4959175088,-565.026177955143,-660.37825346971,-469.674102440577
"Non-Metro",2020-07-09,"Raw",1861.03896103896,-419.727177334732,983.073517098298,869.375026932292,1096.7720072643,-569.312239118121,-664.888140116183,-473.73633812006
"Non-Metro",2020-07-10,"Raw",1393.50649350649,-483.945435466947,1000.79275512154,885.774951014911,1115.81055922818,-573.519276858207,-669.304603377466,-477.733950338947
"Non-Metro",2020-07-11,"Raw",1389.61038961039,-732.528856243442,1017.30132459421,901.085398768425,1133.51725042,-577.645126082837,-673.621182778218,-481.669069387455
"Non-Metro",2020-07-12,"Raw",767.532467532468,-448.583420776495,1032.53147564312,915.263846258908,1149.79910502732,-581.687621699448,-677.831510050764,-485.543733348133
"Non-Metro",2020-07-13,"Raw",380.519480519481,-550.99685204617,1046.41545839509,928.266270894286,1164.56464589589,-585.644598615479,-681.929367199073,-489.359830031885
"Non-Metro",2020-07-14,"Raw",1584.41558441558,-522.350472193074,1058.88552297694,940.046999417348,1177.72404653654,-589.513891738366,-685.908747413835,-493.119036062896
"Non-Metro",2020-07-15,"Raw",1389.61038961039,-511.752360965373,1069.87391951551,950.558540274013,1189.18929875701,-593.293335975545,-689.763919398618,-496.822752552472
"Non-Metro",2020-07-16,"Raw",1306.49350649351,-258.447009443861,1079.31289813761,959.751384647208,1198.87441162801,-596.980766234455,-693.489495812784,-500.472036656126
"Non-Metro",2020-07-17,"Raw",1423.37662337662,-611.332633788038,1087.13724859387,967.575738555738,1206.69875863201,-600.574095956194,-697.080681672157,-504.067510240231
"Non-Metro",2020-07-18,"Raw",1520.77922077922,-433.683105981112,1093.34017198265,974.024802941228,1212.65554102408,-604.073044856075,-700.537193956569,-507.608895755581
"Non-Metro",2020-07-19,"Raw",475.324675324675,-502.413431269675,1097.97328075,979.134773678037,1216.81178782196,-607.479138923626,-703.863262156728,-511.095015690524
"Non-Metro",2020-07-20,"Raw",305.194805194805,-421.511017838405,1101.09072696577,982.941561491337,1219.2398924402,-610.793982682037,-707.063709095302,-514.524256268771
"Non-Metro",2020-07-21,"Raw",1514.28571428571,-617.523609653725,1102.74666269984,985.479059856824,1220.01426554286,-614.019180654497,-710.143702625398,-517.894658683596
"Non-Metro",2020-07-22,"Raw",1987.01298701299,-385.519412381952,1102.99524002207,986.779343966439,1219.21113607771,-617.156337364196,-713.10868727569,-521.203987452702
"Non-Metro",2020-07-23,"Raw",1235.06493506494,-434.312696747114,1101.89061100233,986.87283836088,1216.90838364378,-620.207057334323,-715.964320006094,-524.449794662553
"Non-Metro",2020-07-24,"Raw",1666.23376623377,-500.104931794334,1099.48692771048,985.788468938637,1213.18538648233,-623.172945088068,-718.716409368088,-527.629480808048
"Non-Metro",2020-07-25,"Raw",1316.88311688312,-341.343126967471,1095.8383422164,983.553814449585,1208.12286998321,-626.055605148621,-721.370857508817,-530.740352788425
"Non-Metro",2020-07-26,"Raw",297.402597402597,-393.494228751312,1090.99900658993,980.19527256107,1201.80274061879,-628.856642039171,-723.93360460382,-533.779679474522
"Non-Metro",2020-07-27,"Raw",735.064935064935,-341.02833158447,1085.02307290096,975.738255826242,1194.30788997567,-631.577660282907,-726.41057544809,-536.744745117725
"Non-Metro",2020-07-28,"Raw",2210.38961038961,-159.601259181532,1077.96469321934,970.207432985941,1185.72195345274,-634.22026440302,-728.807628077331,-539.632900728709
"Non-Metro",2020-07-29,"Raw",1306.49350649351,-392.549842602309,1069.87801961494,963.627030488259,1176.12900874163,-636.786058922698,-731.130504428672,-542.441613416724
"Non-Metro",2020-07-30,"Raw",1497.4025974026,-849.213011542497,1060.81720415764,956.021207304079,1165.61320101119,-639.276648365132,-733.384783179893,-545.16851355037
"Non-Metro",2020-07-31,"Raw",1066.23376623377,-1290.45120671563,1050.83639891728,947.414512395918,1154.25828543864,-641.69363725351,-735.57583502514,-547.81143948188
"Non-Metro",2020-08-01,"Raw",723.376623376623,-1058.13221406086,1039.98975596374,937.832427984973,1142.14708394251,-644.038630111022,-737.708780749428,-550.368479472617
"Non-Metro",2020-08-02,"Raw",249.350649350649,-982.371458551941,1028.33142736689,927.301992769343,1129.36086196444,-646.313231460859,-739.788452549819,-552.838010371899
"Non-Metro",2020-08-03,"Raw",263.636363636364,-752.465897166842,1015.91556519659,915.852487741388,1115.97864265179,-648.519045826209,-741.819359114265,-555.218732538153
"Non-Metro",2020-08-04,"Raw",1533.76623376623,-1017.52360965373,1002.7963215227,903.516154302574,1102.07648874283,-650.657677730262,-743.805655006205,-557.509700454319
"Non-Metro",2020-08-05,"Raw",994.805194805195,-909.9685204617,989.027848415099,890.328901952706,1087.72679487749,-652.730731696208,-745.751114911644,-559.710348480771
"Non-Metro",2020-08-06,"Raw",1762.33766233766,-512.172088142707,974.664297943642,876.330953620009,1072.99764226727,-654.739812247235,-747.659113284572,-561.820511209899
"Non-Metro",2020-08-07,"Raw",1296.1038961039,-2462.53934942288,959.759822178198,861.56737351853,1057.95227083786,-656.686523906535,-749.532609876548,-563.840437936522
"Non-Metro",2020-08-08,"Raw",1246.75324675325,-2770.0944386149,944.368573188632,846.088427346735,1042.64871903053,-658.572471197295,-751.374141559678,-565.770800834913
"Non-Metro",2020-08-09,"Raw",185.714285714286,-1383.94543546695,928.544703044812,829.949738110944,1027.13966797868,-660.399258642707,-753.185820753048,-567.612696532366
"Non-Metro",2020-08-10,"Raw",423.376623376623,-2025.18363064008,912.342363816601,813.212221156583,1011.47250647662,-662.168490765959,-754.969340647021,-569.367640884896
"Non-Metro",2020-08-11,"Raw",1492.20779220779,-637.88037775446,895.815707573866,795.941805480375,995.689609667357,-663.88177209024,-756.725987294753,-571.037556885727
"Non-Metro",2020-08-12,"Raw",790.909090909091,-498.530954879328,879.018886386473,778.208970488918,979.828802284028,-665.540707138741,-758.456658513722,-572.62475576376
"Non-Metro",2020-08-13,"Raw",1353.24675324675,-1050.7869884575,862.006052324286,760.088143897515,963.923960751058,-667.146900434651,-760.161889420116,-574.131911449186
"Non-Metro",2020-08-14,"Raw",1441.55844155844,-572.612801678909,844.831357457173,741.657014877542,948.005700036804,-668.70195650116,-761.841884312949,-575.56202868937
"Non-Metro",2020-08-15,"Raw",794.805194805195,-101.259181532004,827.548953854999,722.995816466493,932.102091243505,-670.207479861456,-763.496554539142,-576.918405183771
"Non-Metro",2020-08-16,"Raw",50.6493506493507,-808.709338929696,810.212993587629,704.186624168437,916.23936300682,-671.66507503873,-765.125561910097,-578.204588167364
"Non-Metro",2020-08-17,"Raw",105.194805194805,-691.290661070304,792.877628724928,685.312706227999,900.442551221858,-673.076346556172,-766.72836720729,-579.424325905054
"Non-Metro",2020-08-18,"Raw",938.961038961039,-501.678908709339,775.597011336764,666.45794807971,884.736074593818,-674.44289893697,-768.304283309604,-580.581514564337
"Non-Metro",2020-08-19,"Raw",705.194805194805,-395.383001049318,758.425293493001,647.706361251879,869.144225734123,-675.766336704315,-769.852532497243,-581.680140911386
"Non-Metro",2020-08-20,"Raw",690.909090909091,-892.86463798531,741.416627263505,629.141676967968,853.691577559042,-677.048264381395,-771.3723075328,-582.72422122999
"Non-Metro",2020-08-21,"Raw",545.454545454545,-884.88982161595,724.625164718142,610.84701740093,838.403312035354,-678.290286491401,-772.862836184698,-583.717736798103
"Non-Metro",2020-08-22,"Raw",1220.77922077922,-721.301154249738,708.105057926778,592.904632899831,823.305482953724,-679.494007557521,-774.323448936021,-584.664566179021
"Non-Metro",2020-08-23,"Raw",233.766233766234,-175.236096537251,691.910458959277,575.395691037674,808.42522688088,-680.661032102946,-775.753649705736,-585.568414500157
"Non-Metro",2020-08-24,"Raw",371.428571428571,-288.982161594963,676.095519885507,558.400102385945,793.79093738507,-681.792964650866,-777.153189492446,-586.432739809285
"Non-Metro",2020-08-25,"Raw",1307.79220779221,-473.137460650577,660.714392775333,541.99636787276,779.432417677905,-682.891409724468,-778.522142925091,-587.260676523846
"Non-Metro",2020-08-26,"Raw",844.155844155844,-1071.3536201469,645.821229698619,526.261432883197,765.381026514042,-683.957971846944,-779.860987762361,-588.054955931528
"Non-Metro",2020-08-27,"Raw",596.103896103896,-503.98740818468,631.470182725233,511.270533477981,751.669831972485,-684.994255541483,-781.170687414304,-588.817823668662
"Non-Metro",2020-08-28,"Raw",775.324675324675,-733.05351521511,617.71540392504,497.097019902392,738.333787947687,-686.001865331274,-782.452776556319,-589.550954106229
"Non-Metro",2020-08-29,"Raw",735.064935064935,-216.894018887723,604.606145763879,483.805766299892,725.406525227867,-686.982336783724,-783.709674217885,-590.254999349564
"Non-Metro",2020-08-30,"Raw",223.376623376623,-507.869884575026,592.149016005893,471.403708666227,712.894323345559,-687.936605295545,-784.946474166141,-590.926736424948
"Non-Metro",2020-08-31,"Raw",36.3636363636364,-468.415529905561,580.328664930515,459.866407309316,700.790922551714,-688.865297239384,-786.169948054901,-591.560646423867
"Non-Metro",2020-09-01,"Raw",693.506493506493,-236.621196222455,569.129561350365,449.166427211748,689.092695488982,-689.769036433973,-787.387460928036,-592.15061193991
"Non-Metro",2020-09-02,"Raw",528.571428571429,-649.947534102833,558.536174078062,439.273654788964,677.798693367161,-690.648446698044,-788.606877581673,-592.690015814415
"Non-Metro",2020-09-03,"Raw",529.87012987013,-386.358866736621,548.532971926226,430.155314058512,666.910629793941,-691.504151850327,-789.836474083392,-593.171829617263
"Non-Metro",2020-09-04,"Raw",645.454545454545,-683.630640083945,539.104423707476,421.775928359221,656.432919055731,-692.336775709554,-791.084845440119,-593.58870597899
"Non-Metro",2020-09-05,"Raw",948.051948051948,-397.271773347324,530.234998234431,414.097238059956,646.372758408906,-693.146942094457,-792.3608091226,-593.933075066313
"Non-Metro",2020-09-06,"Raw",-29.8701298701299,-506.190975865687,521.90916431971,407.078086091929,636.740242547492,-693.935274823765,-793.673304579161,-594.19724506837
"Non-Metro",2020-09-07,"Raw",-5.1948051948052,-655.299055613851,514.111390775934,400.674286068669,627.548495483198,-694.702397716212,-795.03128933875,-594.373506093674
"Non-Metro",2020-09-08,"Raw",276.623376623377,-211.647429171039,506.82614641572,394.838492400638,618.813800430802,-695.448934590527,-796.443632788548,-594.454236392505
"Non-Metro",2020-09-09,"Raw",832.467532467532,-858.551941238195,500.037900051688,389.520098236102,610.555701867274,-696.175509265442,-797.919009183061,-594.432009347823
"Non-Metro",2020-09-10,"Raw",463.636363636364,-434.417628541448,493.731120496459,384.665195060066,602.797045932851,-696.882745559689,-799.465791862013,-594.299699257364
"Non-Metro",2020-09-11,"Raw",612.987012987013,-911.332633788038,487.89027656265,380.216636629297,595.563916496003,-697.571267291998,-801.091950983914,-594.050583600082
"Non-Metro",2020-09-12,"Raw",503.896103896104,-1626.44281217209,482.499837062881,376.114258050637,588.885416075126,-698.241698281101,-802.804957283175,-593.678439279027
"Non-Metro",2020-09-13,"Raw",131.168831168831,2203.46274921301,477.544270809772,372.295305540075,582.793236079469,-698.894662345729,-804.611694401335,-593.177630290123
"Non-Metro",2020-09-14,"Raw",146.753246753247,-352.570828961175,473.008046615942,368.695129869659,577.320963362226,-699.530783304613,-806.518382210004,-592.543184399223
"Non-Metro",2020-09-15,"Raw",875.324675324675,-724.973767051417,468.87563329401,365.248182151987,572.503084436033,-700.150684976485,-808.530513234063,-591.770856718907
"Non-Metro",2020-09-16,"Raw",657.142857142857,-509.12906610703,465.131499656596,361.889320512599,568.373678800592,-700.754991180076,-810.652803816356,-590.857178543796
"Non-Metro",2020-09-17,"Raw",410.38961038961,-947.743966421826,461.760114516318,358.555389421506,564.96483961113,-701.344325734117,-812.889161074932,-589.799490393302
"Non-Metro",2020-09-18,"Raw",805.194805194805,-938.300104931794,458.745946685797,355.186974767537,562.304918604057,-701.91931245734,-815.24266603973,-588.595958874949
"Non-Metro",2020-09-19,"Raw",693.506493506493,-468.625393494229,456.07346497765,351.730179267945,560.416750687356,-702.480575168474,-817.715572673898,-587.245577663051
"Non-Metro",2020-09-20,"Raw",36.3636363636364,-493.494228751312,453.727138204499,348.13822242897,559.316053980028,-703.028737686253,-820.309321842329,-585.748153530176
"Non-Metro",2020-09-21,"Raw",48.0519480519481,-616.998950682057,451.691435178961,344.372664930674,559.010205427249,-703.564423829407,-823.024568736279,-584.104278922534
"Non-Metro",2020-09-22,"Raw",819.480519480519,-1026.12801678909,449.950824713657,340.404098371419,559.497551055895,-704.088257416667,-825.861221835329,-582.315292998004
"Non-Metro",2020-09-23,"Raw",672.727272727273,-709.338929695698,448.489775621205,336.212221871332,560.767329371079,-704.600862266764,-828.818491207816,-580.383233325713
"Non-Metro",2020-09-24,"Raw",462.337662337662,-763.378803777545,447.292756714226,331.785326032961,562.80018739549,-705.102862198431,-831.894943822851,-578.310780574011
"Non-Metro",2020-09-25,"Raw",644.155844155844,-1326.02308499475,446.344236805337,327.119294159564,565.56917945111,-705.594881030397,-835.088563561116,-576.101198499678
"Non-Metro",2020-09-26,"Raw",381.818181818182,-437.145855194124,445.628684707159,322.216287399876,569.041082014442,-706.077542581395,-838.396813746056,-573.758271416733
"Non-Metro",2020-09-27,"Raw",-54.5454545454545,-2045.85519412382,445.130569232311,317.083295283932,573.177843180689,-706.551470670155,-841.816700243399,-571.286241096911
"Non-Metro",2020-09-28,"Raw",29.8701298701299,-389.192025183631,444.834359193411,311.730711359381,577.938007027442,-707.017289115409,-845.344833463816,-568.689744767002
"Non-Metro",2020-09-29,"Raw",818.181818181818,-622.875131164743,444.72452340308,306.171049928089,583.277996878072,-707.475621735888,-848.977487921008,-565.973755550768
"Non-Metro",2020-09-30,"Raw",385.714285714286,-546.274921301154,444.785530673937,300.417870292305,589.15319105557,-707.927092350324,-852.710658319405,-563.143526381242
"Non-Metro",2020-10-01,"Raw",618.181818181818,-1018.15320041973,445.001849818601,294.484931407755,595.518768229447,-708.372324777446,-856.540111451442,-560.20453810345
"Non-Metro",2020-10-02,"Raw",548.051948051948,-1527.59706190976,445.357949649691,288.38556833126,602.330330968122,-708.811942835988,-860.461433459534,-557.162452212442
"Non-Metro",2020-10-03,"Raw",285.714285714286,-823.819517313746,445.838298979827,282.132263154801,609.544334804853,-709.24657034468,-864.470072253681,-554.023068435679
"Non-Metro",2020-10-04,"Raw",1.29870129870129,-460.545645330535,446.427366621627,275.736375029353,617.118358213901,-709.676831122253,-868.561375068461,-550.792287176045
"Non-Metro",2020-10-05,"Raw",157.142857142857,-595.383001049318,447.109621387712,269.207993126696,625.011249648728,-710.103348987438,-872.730621293178,-547.476076681699
"Non-Metro",2020-10-06,"Raw",850.649350649351,-394.01888772298,447.8695320907,262.555879879691,633.18318430171,-710.526747758968,-876.973050819106,-544.08044469883
"Non-Metro",2020-10-07,"Raw",829.87012987013,-731.584470094439,448.691567543211,255.787477235097,641.595657851326,-710.947651255572,-881.283888222815,-540.611414288329
"Non-Metro",2020-10-08,"Raw",544.155844155844,-683.001049317943,449.560196557865,248.908954424905,650.211438690824,-711.366683295983,-885.658363150007,-537.075003441959
"Non-Metro",2020-10-09,"Raw",606.493506493507,-1194.22875131165,450.459887947279,241.9252810691,658.994494825459,-711.784467698931,-890.091727285774,-533.477208112087
"Non-Metro",2020-10-10,"Raw",394.805194805195,-100,451.375110524074,234.840313894019,667.90990715413,-712.201628283147,-894.579268300267,-529.823988266028
