Date,Variant,Variant_Label,Total_Sequences,Proportion,Sequences
2021-09-28,B.1.1.7,Alpha,9169,5e-04,4
2021-09-29,B.1.1.7,Alpha,9169,5e-04,4
2021-10-01,B.1.1.7,Alpha,9169,5e-04,4
2021-10-02,B.1.1.7,Alpha,9169,5e-04,4
2021-10-03,B.1.1.7,Alpha,9169,5e-04,4
2021-10-04,B.1.1.7,Alpha,9836,5e-04,4
2021-10-05,B.1.1.7,Alpha,9836,5e-04,4
2021-10-06,B.1.1.7,Alpha,9836,5e-04,4
2021-10-08,B.1.1.7,Alpha,9836,5e-04,4
2021-10-09,B.1.1.7,Alpha,9836,5e-04,4
2021-10-10,B.1.1.7,Alpha,9836,5e-04,4
2021-12-07,B.1.1.7,Alpha,5118,0,0
2021-12-08,B.1.1.7,Alpha,5118,0,0
2021-12-10,B.1.1.7,Alpha,5118,0,0
2021-12-12,B.1.1.7,Alpha,5118,0,0
2021-12-13,B.1.1.7,Alpha,5758,0,0
2021-12-14,B.1.1.7,Alpha,5758,0,0
2021-12-15,B.1.1.7,Alpha,5758,0,0
2021-12-17,B.1.1.7,Alpha,5758,0,0
2021-12-18,B.1.1.7,Alpha,5758,0,0
2021-12-19,B.1.1.7,Alpha,5758,0,0
2021-12-20,B.1.1.7,Alpha,5107,0,0
2021-12-21,B.1.1.7,Alpha,5107,0,0
2021-12-22,B.1.1.7,Alpha,5107,0,0
2021-12-24,B.1.1.7,Alpha,5107,0,0
2021-12-25,B.1.1.7,Alpha,5107,0,0
2021-12-27,B.1.1.7,Alpha,4669,0,0
2021-12-29,B.1.1.7,Alpha,4669,0,0
2021-12-31,B.1.1.7,Alpha,4669,0,0
2022-01-01,B.1.1.7,Alpha,4669,0,0
2022-01-02,B.1.1.7,Alpha,4669,0,0
2022-01-03,B.1.1.7,Alpha,3824,0,0
2022-01-04,B.1.1.7,Alpha,3824,0,0
2022-01-05,B.1.1.7,Alpha,3824,0,0
2022-01-06,B.1.1.7,Alpha,3824,0,0
2022-01-07,B.1.1.7,Alpha,3824,0,0
2022-01-09,B.1.1.7,Alpha,3824,0,0
2022-01-11,B.1.1.7,Alpha,4360,0,0
2022-01-12,B.1.1.7,Alpha,4360,0,0
2022-01-14,B.1.1.7,Alpha,4360,0,0
2022-01-15,B.1.1.7,Alpha,4360,0,0
2022-01-16,B.1.1.7,Alpha,4360,0,0
2022-01-17,B.1.1.7,Alpha,6571,0,0
2022-01-18,B.1.1.7,Alpha,6571,0,0
2022-01-20,B.1.1.7,Alpha,6571,0,0
2022-01-21,B.1.1.7,Alpha,6571,0,0
2022-01-22,B.1.1.7,Alpha,6571,0,0
2022-01-23,B.1.1.7,Alpha,6571,0,0
2022-01-25,B.1.1.7,Alpha,9956,0,0
2022-01-26,B.1.1.7,Alpha,9956,0,0
2022-01-27,B.1.1.7,Alpha,9956,0,0
2022-01-28,B.1.1.7,Alpha,9956,0,0
2022-01-29,B.1.1.7,Alpha,9956,0,0
2022-01-30,B.1.1.7,Alpha,9956,0,0
2022-01-31,B.1.1.7,Alpha,11842,0,0
2022-02-01,B.1.1.7,Alpha,11842,0,0
2022-02-02,B.1.1.7,Alpha,11842,0,0
2022-02-04,B.1.1.7,Alpha,11842,0,0
2022-02-05,B.1.1.7,Alpha,11842,0,0
2022-02-06,B.1.1.7,Alpha,11842,0,0
2022-02-07,B.1.1.7,Alpha,12493,0,0
2022-02-08,B.1.1.7,Alpha,12493,0,0
2022-02-09,B.1.1.7,Alpha,12493,0,0
2022-02-11,B.1.1.7,Alpha,12493,0,0
2022-02-12,B.1.1.7,Alpha,12493,0,0
2022-02-13,B.1.1.7,Alpha,12493,0,0
2022-02-14,B.1.1.7,Alpha,11538,0,0
2022-02-15,B.1.1.7,Alpha,11538,0,0
2022-02-16,B.1.1.7,Alpha,11538,0,0
2022-02-18,B.1.1.7,Alpha,11538,0,0
2022-02-19,B.1.1.7,Alpha,11538,0,0
2022-02-20,B.1.1.7,Alpha,11538,0,0
2022-02-21,B.1.1.7,Alpha,10105,0,0
2021-09-28,B.1.351,Beta,9169,1e-04,0
2021-09-29,B.1.351,Beta,9169,1e-04,0
2021-10-01,B.1.351,Beta,9169,1e-04,0
2021-10-02,B.1.351,Beta,9169,1e-04,0
2021-10-03,B.1.351,Beta,9169,1e-04,0
2021-10-04,B.1.351,Beta,9836,1e-04,0
2021-10-05,B.1.351,Beta,9836,1e-04,0
2021-10-06,B.1.351,Beta,9836,1e-04,0
2021-10-08,B.1.351,Beta,9836,1e-04,0
2021-10-09,B.1.351,Beta,9836,1e-04,0
2021-10-10,B.1.351,Beta,9836,1e-04,0
2021-12-07,B.1.351,Beta,5118,0,0
2021-12-08,B.1.351,Beta,5118,0,0
2021-12-10,B.1.351,Beta,5118,0,0
2021-12-12,B.1.351,Beta,5118,0,0
2021-12-13,B.1.351,Beta,5758,0,0
2021-12-14,B.1.351,Beta,5758,0,0
2021-12-15,B.1.351,Beta,5758,0,0
2021-12-17,B.1.351,Beta,5758,0,0
2021-12-18,B.1.351,Beta,5758,0,0
2021-12-19,B.1.351,Beta,5758,0,0
2021-12-20,B.1.351,Beta,5107,0,0
2021-12-21,B.1.351,Beta,5107,0,0
2021-12-22,B.1.351,Beta,5107,0,0
2021-12-24,B.1.351,Beta,5107,0,0
2021-12-25,B.1.351,Beta,5107,0,0
2021-12-27,B.1.351,Beta,4669,0,0
2021-12-29,B.1.351,Beta,4669,0,0
2021-12-31,B.1.351,Beta,4669,0,0
2022-01-01,B.1.351,Beta,4669,0,0
2022-01-02,B.1.351,Beta,4669,0,0
2022-01-03,B.1.351,Beta,3824,0,0
2022-01-04,B.1.351,Beta,3824,0,0
2022-01-05,B.1.351,Beta,3824,0,0
2022-01-06,B.1.351,Beta,3824,0,0
2022-01-07,B.1.351,Beta,3824,0,0
2022-01-09,B.1.351,Beta,3824,0,0
2022-01-11,B.1.351,Beta,4360,0,0
2022-01-12,B.1.351,Beta,4360,0,0
2022-01-14,B.1.351,Beta,4360,0,0
2022-01-15,B.1.351,Beta,4360,0,0
2022-01-16,B.1.351,Beta,4360,0,0
2022-01-17,B.1.351,Beta,6571,0,0
2022-01-18,B.1.351,Beta,6571,0,0
2022-01-20,B.1.351,Beta,6571,0,0
2022-01-21,B.1.351,Beta,6571,0,0
2022-01-22,B.1.351,Beta,6571,0,0
2022-01-23,B.1.351,Beta,6571,0,0
2022-01-25,B.1.351,Beta,9956,0,0
2022-01-26,B.1.351,Beta,9956,0,0
2022-01-27,B.1.351,Beta,9956,0,0
2022-01-28,B.1.351,Beta,9956,0,0
2022-01-29,B.1.351,Beta,9956,0,0
2022-01-30,B.1.351,Beta,9956,0,0
2022-01-31,B.1.351,Beta,11842,0,0
2022-02-01,B.1.351,Beta,11842,0,0
2022-02-02,B.1.351,Beta,11842,0,0
2022-02-04,B.1.351,Beta,11842,0,0
2022-02-05,B.1.351,Beta,11842,0,0
2022-02-06,B.1.351,Beta,11842,0,0
2022-02-07,B.1.351,Beta,12493,0,0
2022-02-08,B.1.351,Beta,12493,0,0
2022-02-09,B.1.351,Beta,12493,0,0
2022-02-11,B.1.351,Beta,12493,0,0
2022-02-12,B.1.351,Beta,12493,0,0
2022-02-13,B.1.351,Beta,12493,0,0
2022-02-14,B.1.351,Beta,11538,0,0
2022-02-15,B.1.351,Beta,11538,0,0
2022-02-16,B.1.351,Beta,11538,0,0
2022-02-18,B.1.351,Beta,11538,0,0
2022-02-19,B.1.351,Beta,11538,0,0
2022-02-20,B.1.351,Beta,11538,0,0
2022-02-21,B.1.351,Beta,10105,0,0
2021-09-28,P.1,Gamma,9169,0.0016,14
2021-09-29,P.1,Gamma,9169,0.0016,14
2021-10-01,P.1,Gamma,9169,0.0016,14
2021-10-02,P.1,Gamma,9169,0.0016,14
2021-10-03,P.1,Gamma,9169,0.0016,14
2021-10-04,P.1,Gamma,9836,0.0015,14
2021-10-05,P.1,Gamma,9836,0.0015,14
2021-10-06,P.1,Gamma,9836,0.0015,14
2021-10-08,P.1,Gamma,9836,0.0015,14
2021-10-09,P.1,Gamma,9836,0.0015,14
2021-10-10,P.1,Gamma,9836,0.0015,14
2021-12-07,P.1,Gamma,5118,0,0
2021-12-08,P.1,Gamma,5118,0,0
2021-12-10,P.1,Gamma,5118,0,0
2021-12-12,P.1,Gamma,5118,0,0
2021-12-13,P.1,Gamma,5758,0,0
2021-12-14,P.1,Gamma,5758,0,0
2021-12-15,P.1,Gamma,5758,0,0
2021-12-17,P.1,Gamma,5758,0,0
2021-12-18,P.1,Gamma,5758,0,0
2021-12-19,P.1,Gamma,5758,0,0
2021-12-20,P.1,Gamma,5107,0,0
2021-12-21,P.1,Gamma,5107,0,0
2021-12-22,P.1,Gamma,5107,0,0
2021-12-24,P.1,Gamma,5107,0,0
2021-12-25,P.1,Gamma,5107,0,0
2021-12-27,P.1,Gamma,4669,0,0
2021-12-29,P.1,Gamma,4669,0,0
2021-12-31,P.1,Gamma,4669,0,0
2022-01-01,P.1,Gamma,4669,0,0
2022-01-02,P.1,Gamma,4669,0,0
2022-01-03,P.1,Gamma,3824,0,0
2022-01-04,P.1,Gamma,3824,0,0
2022-01-05,P.1,Gamma,3824,0,0
2022-01-06,P.1,Gamma,3824,0,0
2022-01-07,P.1,Gamma,3824,0,0
2022-01-09,P.1,Gamma,3824,0,0
2022-01-11,P.1,Gamma,4360,0,0
2022-01-12,P.1,Gamma,4360,0,0
2022-01-14,P.1,Gamma,4360,0,0
2022-01-15,P.1,Gamma,4360,0,0
2022-01-16,P.1,Gamma,4360,0,0
2022-01-17,P.1,Gamma,6571,0,0
2022-01-18,P.1,Gamma,6571,0,0
2022-01-20,P.1,Gamma,6571,0,0
2022-01-21,P.1,Gamma,6571,0,0
2022-01-22,P.1,Gamma,6571,0,0
2022-01-23,P.1,Gamma,6571,0,0
2022-01-25,P.1,Gamma,9956,0,0
2022-01-26,P.1,Gamma,9956,0,0
2022-01-27,P.1,Gamma,9956,0,0
2022-01-28,P.1,Gamma,9956,0,0
2022-01-29,P.1,Gamma,9956,0,0
2022-01-30,P.1,Gamma,9956,0,0
2022-01-31,P.1,Gamma,11842,0,0
2022-02-01,P.1,Gamma,11842,0,0
2022-02-02,P.1,Gamma,11842,0,0
2022-02-04,P.1,Gamma,11842,0,0
2022-02-05,P.1,Gamma,11842,0,0
2022-02-06,P.1,Gamma,11842,0,0
2022-02-07,P.1,Gamma,12493,0,0
2022-02-08,P.1,Gamma,12493,0,0
2022-02-09,P.1,Gamma,12493,0,0
2022-02-11,P.1,Gamma,12493,0,0
2022-02-12,P.1,Gamma,12493,0,0
2022-02-13,P.1,Gamma,12493,0,0
2022-02-14,P.1,Gamma,11538,0,0
2022-02-15,P.1,Gamma,11538,0,0
2022-02-16,P.1,Gamma,11538,0,0
2022-02-18,P.1,Gamma,11538,0,0
2022-02-19,P.1,Gamma,11538,0,0
2022-02-20,P.1,Gamma,11538,0,0
2022-02-21,P.1,Gamma,10105,0,0
2021-09-28,B.1.617.2,Delta,9169,0.9525,8733
2021-09-29,B.1.617.2,Delta,9169,0.9525,8733
2021-10-01,B.1.617.2,Delta,9169,0.9525,8733
2021-10-02,B.1.617.2,Delta,9169,0.9525,8733
2021-10-03,B.1.617.2,Delta,9169,0.9525,8733
2021-10-04,B.1.617.2,Delta,9836,0.9554,9397
2021-10-05,B.1.617.2,Delta,9836,0.9554,9397
2021-10-06,B.1.617.2,Delta,9836,0.9554,9397
2021-10-08,B.1.617.2,Delta,9836,0.9554,9397
2021-10-09,B.1.617.2,Delta,9836,0.9554,9397
2021-10-10,B.1.617.2,Delta,9836,0.9554,9397
2021-12-07,B.1.617.2,Delta,5118,0.985,5041
2021-12-08,B.1.617.2,Delta,5118,0.985,5041
2021-12-10,B.1.617.2,Delta,5118,0.985,5041
2021-12-12,B.1.617.2,Delta,5118,0.985,5041
2021-12-13,B.1.617.2,Delta,5758,0.979,5637
2021-12-14,B.1.617.2,Delta,5758,0.979,5637
2021-12-15,B.1.617.2,Delta,5758,0.979,5637
2021-12-17,B.1.617.2,Delta,5758,0.979,5637
2021-12-18,B.1.617.2,Delta,5758,0.979,5637
2021-12-19,B.1.617.2,Delta,5758,0.979,5637
2021-12-20,B.1.617.2,Delta,5107,0.981,5009
2021-12-21,B.1.617.2,Delta,5107,0.981,5009
2021-12-22,B.1.617.2,Delta,5107,0.981,5009
2021-12-24,B.1.617.2,Delta,5107,0.981,5009
2021-12-25,B.1.617.2,Delta,5107,0.981,5009
2021-12-27,B.1.617.2,Delta,4669,0.978,4566
2021-12-29,B.1.617.2,Delta,4669,0.978,4566
2021-12-31,B.1.617.2,Delta,4669,0.978,4566
2022-01-01,B.1.617.2,Delta,4669,0.978,4566
2022-01-02,B.1.617.2,Delta,4669,0.978,4566
2022-01-03,B.1.617.2,Delta,3824,0.0091,34
2022-01-04,B.1.617.2,Delta,3824,0.0091,34
2022-01-05,B.1.617.2,Delta,3824,0.0091,34
2022-01-06,B.1.617.2,Delta,3824,0.0091,34
2022-01-07,B.1.617.2,Delta,3824,0.0091,34
2022-01-09,B.1.617.2,Delta,3824,0.0091,34
2022-01-11,B.1.617.2,Delta,4360,0.621,2707
2022-01-12,B.1.617.2,Delta,4360,0.621,2707
2022-01-14,B.1.617.2,Delta,4360,0.621,2707
2022-01-15,B.1.617.2,Delta,4360,0.621,2707
2022-01-16,B.1.617.2,Delta,4360,0.621,2707
2022-01-17,B.1.617.2,Delta,6571,0,0
2022-01-18,B.1.617.2,Delta,6571,0,0
2022-01-20,B.1.617.2,Delta,6571,0,0
2022-01-21,B.1.617.2,Delta,6571,0,0
2022-01-22,B.1.617.2,Delta,6571,0,0
2022-01-23,B.1.617.2,Delta,6571,0,0
2022-01-25,B.1.617.2,Delta,9956,0,0
2022-01-26,B.1.617.2,Delta,9956,0,0
2022-01-27,B.1.617.2,Delta,9956,0,0
2022-01-28,B.1.617.2,Delta,9956,0,0
2022-01-29,B.1.617.2,Delta,9956,0,0
2022-01-30,B.1.617.2,Delta,9956,0,0
2022-01-31,B.1.617.2,Delta,11842,0,0
2022-02-01,B.1.617.2,Delta,11842,0,0
2022-02-02,B.1.617.2,Delta,11842,0,0
2022-02-04,B.1.617.2,Delta,11842,0,0
2022-02-05,B.1.617.2,Delta,11842,0,0
2022-02-06,B.1.617.2,Delta,11842,0,0
2022-02-07,B.1.617.2,Delta,12493,0,0
2022-02-08,B.1.617.2,Delta,12493,0,0
2022-02-09,B.1.617.2,Delta,12493,0,0
2022-02-11,B.1.617.2,Delta,12493,0,0
2022-02-12,B.1.617.2,Delta,12493,0,0
2022-02-13,B.1.617.2,Delta,12493,0,0
2022-02-14,B.1.617.2,Delta,11538,0,0
2022-02-15,B.1.617.2,Delta,11538,0,0
2022-02-16,B.1.617.2,Delta,11538,0,0
2022-02-18,B.1.617.2,Delta,11538,0,0
2022-02-19,B.1.617.2,Delta,11538,0,0
2022-02-20,B.1.617.2,Delta,11538,0,0
2022-02-21,B.1.617.2,Delta,10105,0,0
2021-09-28,B.1.526,Iota,9169,0,0
2021-09-29,B.1.526,Iota,9169,0,0
2021-10-01,B.1.526,Iota,9169,0,0
2021-10-02,B.1.526,Iota,9169,0,0
2021-10-03,B.1.526,Iota,9169,0,0
2021-10-04,B.1.526,Iota,9836,0,0
2021-10-05,B.1.526,Iota,9836,0,0
2021-10-06,B.1.526,Iota,9836,0,0
2021-10-08,B.1.526,Iota,9836,0,0
2021-10-09,B.1.526,Iota,9836,0,0
2021-10-10,B.1.526,Iota,9836,0,0
2021-12-07,B.1.526,Iota,5118,0,0
2021-12-08,B.1.526,Iota,5118,0,0
2021-12-10,B.1.526,Iota,5118,0,0
2021-12-12,B.1.526,Iota,5118,0,0
2021-12-13,B.1.526,Iota,5758,0,0
2021-12-14,B.1.526,Iota,5758,0,0
2021-12-15,B.1.526,Iota,5758,0,0
2021-12-17,B.1.526,Iota,5758,0,0
2021-12-18,B.1.526,Iota,5758,0,0
2021-12-19,B.1.526,Iota,5758,0,0
2021-12-20,B.1.526,Iota,5107,0,0
2021-12-21,B.1.526,Iota,5107,0,0
2021-12-22,B.1.526,Iota,5107,0,0
2021-12-24,B.1.526,Iota,5107,0,0
2021-12-25,B.1.526,Iota,5107,0,0
2021-12-27,B.1.526,Iota,4669,0,0
2021-12-29,B.1.526,Iota,4669,0,0
2021-12-31,B.1.526,Iota,4669,0,0
2022-01-01,B.1.526,Iota,4669,0,0
2022-01-02,B.1.526,Iota,4669,0,0
2022-01-03,B.1.526,Iota,3824,0,0
2022-01-04,B.1.526,Iota,3824,0,0
2022-01-05,B.1.526,Iota,3824,0,0
2022-01-06,B.1.526,Iota,3824,0,0
2022-01-07,B.1.526,Iota,3824,0,0
2022-01-09,B.1.526,Iota,3824,0,0
2022-01-11,B.1.526,Iota,4360,0,0
2022-01-12,B.1.526,Iota,4360,0,0
2022-01-14,B.1.526,Iota,4360,0,0
2022-01-15,B.1.526,Iota,4360,0,0
2022-01-16,B.1.526,Iota,4360,0,0
2022-01-17,B.1.526,Iota,6571,0,0
2022-01-18,B.1.526,Iota,6571,0,0
2022-01-20,B.1.526,Iota,6571,0,0
2022-01-21,B.1.526,Iota,6571,0,0
2022-01-22,B.1.526,Iota,6571,0,0
2022-01-23,B.1.526,Iota,6571,0,0
2022-01-25,B.1.526,Iota,9956,0,0
2022-01-26,B.1.526,Iota,9956,0,0
2022-01-27,B.1.526,Iota,9956,0,0
2022-01-28,B.1.526,Iota,9956,0,0
2022-01-29,B.1.526,Iota,9956,0,0
2022-01-30,B.1.526,Iota,9956,0,0
2022-01-31,B.1.526,Iota,11842,0,0
2022-02-01,B.1.526,Iota,11842,0,0
2022-02-02,B.1.526,Iota,11842,0,0
2022-02-04,B.1.526,Iota,11842,0,0
2022-02-05,B.1.526,Iota,11842,0,0
2022-02-06,B.1.526,Iota,11842,0,0
2022-02-07,B.1.526,Iota,12493,0,0
2022-02-08,B.1.526,Iota,12493,0,0
2022-02-09,B.1.526,Iota,12493,0,0
2022-02-11,B.1.526,Iota,12493,0,0
2022-02-12,B.1.526,Iota,12493,0,0
2022-02-13,B.1.526,Iota,12493,0,0
2022-02-14,B.1.526,Iota,11538,0,0
2022-02-15,B.1.526,Iota,11538,0,0
2022-02-16,B.1.526,Iota,11538,0,0
2022-02-18,B.1.526,Iota,11538,0,0
2022-02-19,B.1.526,Iota,11538,0,0
2022-02-20,B.1.526,Iota,11538,0,0
2022-02-21,B.1.526,Iota,10105,0,0
2021-09-28,B.1.617.1,Kappa,9169,0,0
2021-09-29,B.1.617.1,Kappa,9169,0,0
2021-10-01,B.1.617.1,Kappa,9169,0,0
2021-10-02,B.1.617.1,Kappa,9169,0,0
2021-10-03,B.1.617.1,Kappa,9169,0,0
2021-10-04,B.1.617.1,Kappa,9836,0,0
2021-10-05,B.1.617.1,Kappa,9836,0,0
2021-10-06,B.1.617.1,Kappa,9836,0,0
2021-10-08,B.1.617.1,Kappa,9836,0,0
2021-10-09,B.1.617.1,Kappa,9836,0,0
2021-10-10,B.1.617.1,Kappa,9836,0,0
2021-12-07,B.1.617.1,Kappa,5118,0,0
2021-12-08,B.1.617.1,Kappa,5118,0,0
2021-12-10,B.1.617.1,Kappa,5118,0,0
2021-12-12,B.1.617.1,Kappa,5118,0,0
2021-12-13,B.1.617.1,Kappa,5758,0,0
2021-12-14,B.1.617.1,Kappa,5758,0,0
2021-12-15,B.1.617.1,Kappa,5758,0,0
2021-12-17,B.1.617.1,Kappa,5758,0,0
2021-12-18,B.1.617.1,Kappa,5758,0,0
2021-12-19,B.1.617.1,Kappa,5758,0,0
2021-12-20,B.1.617.1,Kappa,5107,0,0
2021-12-21,B.1.617.1,Kappa,5107,0,0
2021-12-22,B.1.617.1,Kappa,5107,0,0
2021-12-24,B.1.617.1,Kappa,5107,0,0
2021-12-25,B.1.617.1,Kappa,5107,0,0
2021-12-27,B.1.617.1,Kappa,4669,0,0
2021-12-29,B.1.617.1,Kappa,4669,0,0
2021-12-31,B.1.617.1,Kappa,4669,0,0
2022-01-01,B.1.617.1,Kappa,4669,0,0
2022-01-02,B.1.617.1,Kappa,4669,0,0
2022-01-03,B.1.617.1,Kappa,3824,0,0
2022-01-04,B.1.617.1,Kappa,3824,0,0
2022-01-05,B.1.617.1,Kappa,3824,0,0
2022-01-06,B.1.617.1,Kappa,3824,0,0
2022-01-07,B.1.617.1,Kappa,3824,0,0
2022-01-09,B.1.617.1,Kappa,3824,0,0
2022-01-11,B.1.617.1,Kappa,4360,0,0
2022-01-12,B.1.617.1,Kappa,4360,0,0
2022-01-14,B.1.617.1,Kappa,4360,0,0
2022-01-15,B.1.617.1,Kappa,4360,0,0
2022-01-16,B.1.617.1,Kappa,4360,0,0
2022-01-17,B.1.617.1,Kappa,6571,0,0
2022-01-18,B.1.617.1,Kappa,6571,0,0
2022-01-20,B.1.617.1,Kappa,6571,0,0
2022-01-21,B.1.617.1,Kappa,6571,0,0
2022-01-22,B.1.617.1,Kappa,6571,0,0
2022-01-23,B.1.617.1,Kappa,6571,0,0
2022-01-25,B.1.617.1,Kappa,9956,0,0
2022-01-26,B.1.617.1,Kappa,9956,0,0
2022-01-27,B.1.617.1,Kappa,9956,0,0
2022-01-28,B.1.617.1,Kappa,9956,0,0
2022-01-29,B.1.617.1,Kappa,9956,0,0
2022-01-30,B.1.617.1,Kappa,9956,0,0
2022-01-31,B.1.617.1,Kappa,11842,0,0
2022-02-01,B.1.617.1,Kappa,11842,0,0
2022-02-02,B.1.617.1,Kappa,11842,0,0
2022-02-04,B.1.617.1,Kappa,11842,0,0
2022-02-05,B.1.617.1,Kappa,11842,0,0
2022-02-06,B.1.617.1,Kappa,11842,0,0
2022-02-07,B.1.617.1,Kappa,12493,0,0
2022-02-08,B.1.617.1,Kappa,12493,0,0
2022-02-09,B.1.617.1,Kappa,12493,0,0
2022-02-11,B.1.617.1,Kappa,12493,0,0
2022-02-12,B.1.617.1,Kappa,12493,0,0
2022-02-13,B.1.617.1,Kappa,12493,0,0
2022-02-14,B.1.617.1,Kappa,11538,0,0
2022-02-15,B.1.617.1,Kappa,11538,0,0
2022-02-16,B.1.617.1,Kappa,11538,0,0
2022-02-18,B.1.617.1,Kappa,11538,0,0
2022-02-19,B.1.617.1,Kappa,11538,0,0
2022-02-20,B.1.617.1,Kappa,11538,0,0
2022-02-21,B.1.617.1,Kappa,10105,0,0
2021-09-28,B.1.621,Mu,9169,5e-04,4
2021-09-29,B.1.621,Mu,9169,5e-04,4
2021-10-01,B.1.621,Mu,9169,5e-04,4
2021-10-02,B.1.621,Mu,9169,5e-04,4
2021-10-03,B.1.621,Mu,9169,5e-04,4
2021-10-04,B.1.621,Mu,9836,5e-04,4
2021-10-05,B.1.621,Mu,9836,5e-04,4
2021-10-06,B.1.621,Mu,9836,5e-04,4
2021-10-08,B.1.621,Mu,9836,5e-04,4
2021-10-09,B.1.621,Mu,9836,5e-04,4
2021-10-10,B.1.621,Mu,9836,5e-04,4
2021-12-07,B.1.621,Mu,5118,0,0
2021-12-08,B.1.621,Mu,5118,0,0
2021-12-10,B.1.621,Mu,5118,0,0
2021-12-12,B.1.621,Mu,5118,0,0
2021-12-13,B.1.621,Mu,5758,0,0
2021-12-14,B.1.621,Mu,5758,0,0
2021-12-15,B.1.621,Mu,5758,0,0
2021-12-17,B.1.621,Mu,5758,0,0
2021-12-18,B.1.621,Mu,5758,0,0
2021-12-19,B.1.621,Mu,5758,0,0
2021-12-20,B.1.621,Mu,5107,0,0
2021-12-21,B.1.621,Mu,5107,0,0
2021-12-22,B.1.621,Mu,5107,0,0
2021-12-24,B.1.621,Mu,5107,0,0
2021-12-25,B.1.621,Mu,5107,0,0
2021-12-27,B.1.621,Mu,4669,0,0
2021-12-29,B.1.621,Mu,4669,0,0
2021-12-31,B.1.621,Mu,4669,0,0
2022-01-01,B.1.621,Mu,4669,0,0
2022-01-02,B.1.621,Mu,4669,0,0
2022-01-03,B.1.621,Mu,3824,0,0
2022-01-04,B.1.621,Mu,3824,0,0
2022-01-05,B.1.621,Mu,3824,0,0
2022-01-06,B.1.621,Mu,3824,0,0
2022-01-07,B.1.621,Mu,3824,0,0
2022-01-09,B.1.621,Mu,3824,0,0
2022-01-11,B.1.621,Mu,4360,0,0
2022-01-12,B.1.621,Mu,4360,0,0
2022-01-14,B.1.621,Mu,4360,0,0
2022-01-15,B.1.621,Mu,4360,0,0
2022-01-16,B.1.621,Mu,4360,0,0
2022-01-17,B.1.621,Mu,6571,0,0
2022-01-18,B.1.621,Mu,6571,0,0
2022-01-20,B.1.621,Mu,6571,0,0
2022-01-21,B.1.621,Mu,6571,0,0
2022-01-22,B.1.621,Mu,6571,0,0
2022-01-23,B.1.621,Mu,6571,0,0
2022-01-25,B.1.621,Mu,9956,0,0
2022-01-26,B.1.621,Mu,9956,0,0
2022-01-27,B.1.621,Mu,9956,0,0
2022-01-28,B.1.621,Mu,9956,0,0
2022-01-29,B.1.621,Mu,9956,0,0
2022-01-30,B.1.621,Mu,9956,0,0
2022-01-31,B.1.621,Mu,11842,0,0
2022-02-01,B.1.621,Mu,11842,0,0
2022-02-02,B.1.621,Mu,11842,0,0
2022-02-04,B.1.621,Mu,11842,0,0
2022-02-05,B.1.621,Mu,11842,0,0
2022-02-06,B.1.621,Mu,11842,0,0
2022-02-07,B.1.621,Mu,12493,0,0
2022-02-08,B.1.621,Mu,12493,0,0
2022-02-09,B.1.621,Mu,12493,0,0
2022-02-11,B.1.621,Mu,12493,0,0
2022-02-12,B.1.621,Mu,12493,0,0
2022-02-13,B.1.621,Mu,12493,0,0
2022-02-14,B.1.621,Mu,11538,0,0
2022-02-15,B.1.621,Mu,11538,0,0
2022-02-16,B.1.621,Mu,11538,0,0
2022-02-18,B.1.621,Mu,11538,0,0
2022-02-19,B.1.621,Mu,11538,0,0
2022-02-20,B.1.621,Mu,11538,0,0
2022-02-21,B.1.621,Mu,10105,0,0
2021-09-28,Other,Other,9169,0.0446,408
2021-09-29,Other,Other,9169,0.0446,408
2021-10-01,Other,Other,9169,0.0446,408
2021-10-02,Other,Other,9169,0.0446,408
2021-10-03,Other,Other,9169,0.0446,408
2021-10-04,Other,Other,9836,0.042,413
2021-10-05,Other,Other,9836,0.042,413
2021-10-06,Other,Other,9836,0.042,413
2021-10-08,Other,Other,9836,0.042,413
2021-10-09,Other,Other,9836,0.042,413
2021-10-10,Other,Other,9836,0.042,413
2021-12-07,Other,Other,5118,0.014,71
2021-12-08,Other,Other,5118,0.014,71
2021-12-10,Other,Other,5118,0.014,71
2021-12-12,Other,Other,5118,0.014,71
2021-12-13,Other,Other,5758,0.02,115
2021-12-14,Other,Other,5758,0.02,115
2021-12-15,Other,Other,5758,0.02,115
2021-12-17,Other,Other,5758,0.02,115
2021-12-18,Other,Other,5758,0.02,115
2021-12-19,Other,Other,5758,0.02,115
2021-12-20,Other,Other,5107,0.019,97
2021-12-21,Other,Other,5107,0.019,97
2021-12-22,Other,Other,5107,0.019,97
2021-12-24,Other,Other,5107,0.019,97
2021-12-25,Other,Other,5107,0.019,97
2021-12-27,Other,Other,4669,0.015,70
2021-12-29,Other,Other,4669,0.015,70
2021-12-31,Other,Other,4669,0.015,70
2022-01-01,Other,Other,4669,0.015,70
2022-01-02,Other,Other,4669,0.015,70
2022-01-03,Other,Other,3824,1e-04,0
2022-01-04,Other,Other,3824,1e-04,0
2022-01-05,Other,Other,3824,1e-04,0
2022-01-06,Other,Other,3824,1e-04,0
2022-01-07,Other,Other,3824,1e-04,0
2022-01-09,Other,Other,3824,1e-04,0
2022-01-11,Other,Other,4360,0.005,21
2022-01-12,Other,Other,4360,0.005,21
2022-01-14,Other,Other,4360,0.005,21
2022-01-15,Other,Other,4360,0.005,21
2022-01-16,Other,Other,4360,0.005,21
2022-01-17,Other,Other,6571,0.005,32
2022-01-18,Other,Other,6571,0.005,32
2022-01-20,Other,Other,6571,0.005,32
2022-01-21,Other,Other,6571,0.005,32
2022-01-22,Other,Other,6571,0.005,32
2022-01-23,Other,Other,6571,0.005,32
2022-01-25,Other,Other,9956,0.009,89
2022-01-26,Other,Other,9956,0.009,89
2022-01-27,Other,Other,9956,0.009,89
2022-01-28,Other,Other,9956,0.009,89
2022-01-29,Other,Other,9956,0.009,89
2022-01-30,Other,Other,9956,0.009,89
2022-01-31,Other,Other,11842,0.0083,98
2022-02-01,Other,Other,11842,0.0083,98
2022-02-02,Other,Other,11842,0.0083,98
2022-02-04,Other,Other,11842,0.0083,98
2022-02-05,Other,Other,11842,0.0083,98
2022-02-06,Other,Other,11842,0.0083,98
2022-02-07,Other,Other,12493,0.006,74
2022-02-08,Other,Other,12493,0.006,74
2022-02-09,Other,Other,12493,0.006,74
2022-02-11,Other,Other,12493,0.006,74
2022-02-12,Other,Other,12493,0.006,74
2022-02-13,Other,Other,12493,0.006,74
2022-02-14,Other,Other,11538,0.003,34
2022-02-15,Other,Other,11538,0.003,34
2022-02-16,Other,Other,11538,0.003,34
2022-02-18,Other,Other,11538,0.003,34
2022-02-19,Other,Other,11538,0.003,34
2022-02-20,Other,Other,11538,0.003,34
2022-02-21,Other,Other,10105,1e-05,0
2021-09-28,B.1.427/429,Epsilon,9169,0,0
2021-09-29,B.1.427/429,Epsilon,9169,0,0
2021-10-01,B.1.427/429,Epsilon,9169,0,0
2021-10-02,B.1.427/429,Epsilon,9169,0,0
2021-10-03,B.1.427/429,Epsilon,9169,0,0
2021-10-04,B.1.427/429,Epsilon,9836,0,0
2021-10-05,B.1.427/429,Epsilon,9836,0,0
2021-10-06,B.1.427/429,Epsilon,9836,0,0
2021-10-08,B.1.427/429,Epsilon,9836,0,0
2021-10-09,B.1.427/429,Epsilon,9836,0,0
2021-10-10,B.1.427/429,Epsilon,9836,0,0
2021-12-07,B.1.427/429,Epsilon,5118,0,0
2021-12-08,B.1.427/429,Epsilon,5118,0,0
2021-12-10,B.1.427/429,Epsilon,5118,0,0
2021-12-12,B.1.427/429,Epsilon,5118,0,0
2021-12-13,B.1.427/429,Epsilon,5758,0,0
2021-12-14,B.1.427/429,Epsilon,5758,0,0
2021-12-15,B.1.427/429,Epsilon,5758,0,0
2021-12-17,B.1.427/429,Epsilon,5758,0,0
2021-12-18,B.1.427/429,Epsilon,5758,0,0
2021-12-19,B.1.427/429,Epsilon,5758,0,0
2021-12-20,B.1.427/429,Epsilon,5107,0,0
2021-12-21,B.1.427/429,Epsilon,5107,0,0
2021-12-22,B.1.427/429,Epsilon,5107,0,0
2021-12-24,B.1.427/429,Epsilon,5107,0,0
2021-12-25,B.1.427/429,Epsilon,5107,0,0
2021-12-27,B.1.427/429,Epsilon,4669,0,0
2021-12-29,B.1.427/429,Epsilon,4669,0,0
2021-12-31,B.1.427/429,Epsilon,4669,0,0
2022-01-01,B.1.427/429,Epsilon,4669,0,0
2022-01-02,B.1.427/429,Epsilon,4669,0,0
2022-01-03,B.1.427/429,Epsilon,3824,0,0
2022-01-04,B.1.427/429,Epsilon,3824,0,0
2022-01-05,B.1.427/429,Epsilon,3824,0,0
2022-01-06,B.1.427/429,Epsilon,3824,0,0
2022-01-07,B.1.427/429,Epsilon,3824,0,0
2022-01-09,B.1.427/429,Epsilon,3824,0,0
2022-01-11,B.1.427/429,Epsilon,4360,0,0
2022-01-12,B.1.427/429,Epsilon,4360,0,0
2022-01-14,B.1.427/429,Epsilon,4360,0,0
2022-01-15,B.1.427/429,Epsilon,4360,0,0
2022-01-16,B.1.427/429,Epsilon,4360,0,0
2022-01-17,B.1.427/429,Epsilon,6571,0,0
2022-01-18,B.1.427/429,Epsilon,6571,0,0
2022-01-20,B.1.427/429,Epsilon,6571,0,0
2022-01-21,B.1.427/429,Epsilon,6571,0,0
2022-01-22,B.1.427/429,Epsilon,6571,0,0
2022-01-23,B.1.427/429,Epsilon,6571,0,0
2022-01-25,B.1.427/429,Epsilon,9956,0,0
2022-01-26,B.1.427/429,Epsilon,9956,0,0
2022-01-27,B.1.427/429,Epsilon,9956,0,0
2022-01-28,B.1.427/429,Epsilon,9956,0,0
2022-01-29,B.1.427/429,Epsilon,9956,0,0
2022-01-30,B.1.427/429,Epsilon,9956,0,0
2022-01-31,B.1.427/429,Epsilon,11842,0,0
2022-02-01,B.1.427/429,Epsilon,11842,0,0
2022-02-02,B.1.427/429,Epsilon,11842,0,0
2022-02-04,B.1.427/429,Epsilon,11842,0,0
2022-02-05,B.1.427/429,Epsilon,11842,0,0
2022-02-06,B.1.427/429,Epsilon,11842,0,0
2022-02-07,B.1.427/429,Epsilon,12493,0,0
2022-02-08,B.1.427/429,Epsilon,12493,0,0
2022-02-09,B.1.427/429,Epsilon,12493,0,0
2022-02-11,B.1.427/429,Epsilon,12493,0,0
2022-02-12,B.1.427/429,Epsilon,12493,0,0
2022-02-13,B.1.427/429,Epsilon,12493,0,0
2022-02-14,B.1.427/429,Epsilon,11538,0,0
2022-02-15,B.1.427/429,Epsilon,11538,0,0
2022-02-16,B.1.427/429,Epsilon,11538,0,0
2022-02-18,B.1.427/429,Epsilon,11538,0,0
2022-02-19,B.1.427/429,Epsilon,11538,0,0
2022-02-20,B.1.427/429,Epsilon,11538,0,0
2022-02-21,B.1.427/429,Epsilon,10105,0,0
2021-09-28,B.1.525,Eta,9169,0,0
2021-09-29,B.1.525,Eta,9169,0,0
2021-10-01,B.1.525,Eta,9169,0,0
2021-10-02,B.1.525,Eta,9169,0,0
2021-10-03,B.1.525,Eta,9169,0,0
2021-10-04,B.1.525,Eta,9836,0,0
2021-10-05,B.1.525,Eta,9836,0,0
2021-10-06,B.1.525,Eta,9836,0,0
2021-10-08,B.1.525,Eta,9836,0,0
2021-10-09,B.1.525,Eta,9836,0,0
2021-10-10,B.1.525,Eta,9836,0,0
2021-12-07,B.1.525,Eta,5118,0,0
2021-12-08,B.1.525,Eta,5118,0,0
2021-12-10,B.1.525,Eta,5118,0,0
2021-12-12,B.1.525,Eta,5118,0,0
2021-12-13,B.1.525,Eta,5758,0,0
2021-12-14,B.1.525,Eta,5758,0,0
2021-12-15,B.1.525,Eta,5758,0,0
2021-12-17,B.1.525,Eta,5758,0,0
2021-12-18,B.1.525,Eta,5758,0,0
2021-12-19,B.1.525,Eta,5758,0,0
2021-12-20,B.1.525,Eta,5107,0,0
2021-12-21,B.1.525,Eta,5107,0,0
2021-12-22,B.1.525,Eta,5107,0,0
2021-12-24,B.1.525,Eta,5107,0,0
2021-12-25,B.1.525,Eta,5107,0,0
2021-12-27,B.1.525,Eta,4669,0,0
2021-12-29,B.1.525,Eta,4669,0,0
2021-12-31,B.1.525,Eta,4669,0,0
2022-01-01,B.1.525,Eta,4669,0,0
2022-01-02,B.1.525,Eta,4669,0,0
2022-01-03,B.1.525,Eta,3824,0,0
2022-01-04,B.1.525,Eta,3824,0,0
2022-01-05,B.1.525,Eta,3824,0,0
2022-01-06,B.1.525,Eta,3824,0,0
2022-01-07,B.1.525,Eta,3824,0,0
2022-01-09,B.1.525,Eta,3824,0,0
2022-01-11,B.1.525,Eta,4360,0,0
2022-01-12,B.1.525,Eta,4360,0,0
2022-01-14,B.1.525,Eta,4360,0,0
2022-01-15,B.1.525,Eta,4360,0,0
2022-01-16,B.1.525,Eta,4360,0,0
2022-01-17,B.1.525,Eta,6571,0,0
2022-01-18,B.1.525,Eta,6571,0,0
2022-01-20,B.1.525,Eta,6571,0,0
2022-01-21,B.1.525,Eta,6571,0,0
2022-01-22,B.1.525,Eta,6571,0,0
2022-01-23,B.1.525,Eta,6571,0,0
2022-01-25,B.1.525,Eta,9956,0,0
2022-01-26,B.1.525,Eta,9956,0,0
2022-01-27,B.1.525,Eta,9956,0,0
2022-01-28,B.1.525,Eta,9956,0,0
2022-01-29,B.1.525,Eta,9956,0,0
2022-01-30,B.1.525,Eta,9956,0,0
2022-01-31,B.1.525,Eta,11842,0,0
2022-02-01,B.1.525,Eta,11842,0,0
2022-02-02,B.1.525,Eta,11842,0,0
2022-02-04,B.1.525,Eta,11842,0,0
2022-02-05,B.1.525,Eta,11842,0,0
2022-02-06,B.1.525,Eta,11842,0,0
2022-02-07,B.1.525,Eta,12493,0,0
2022-02-08,B.1.525,Eta,12493,0,0
2022-02-09,B.1.525,Eta,12493,0,0
2022-02-11,B.1.525,Eta,12493,0,0
2022-02-12,B.1.525,Eta,12493,0,0
2022-02-13,B.1.525,Eta,12493,0,0
2022-02-14,B.1.525,Eta,11538,0,0
2022-02-15,B.1.525,Eta,11538,0,0
2022-02-16,B.1.525,Eta,11538,0,0
2022-02-18,B.1.525,Eta,11538,0,0
2022-02-19,B.1.525,Eta,11538,0,0
2022-02-20,B.1.525,Eta,11538,0,0
2022-02-21,B.1.525,Eta,10105,0,0
2021-09-28,P.2,Zeta,9169,0,0
2021-09-29,P.2,Zeta,9169,0,0
2021-10-01,P.2,Zeta,9169,0,0
2021-10-02,P.2,Zeta,9169,0,0
2021-10-03,P.2,Zeta,9169,0,0
2021-10-04,P.2,Zeta,9836,0,0
2021-10-05,P.2,Zeta,9836,0,0
2021-10-06,P.2,Zeta,9836,0,0
2021-10-08,P.2,Zeta,9836,0,0
2021-10-09,P.2,Zeta,9836,0,0
2021-10-10,P.2,Zeta,9836,0,0
2021-12-07,P.2,Zeta,5118,0,0
2021-12-08,P.2,Zeta,5118,0,0
2021-12-10,P.2,Zeta,5118,0,0
2021-12-12,P.2,Zeta,5118,0,0
2021-12-13,P.2,Zeta,5758,0,0
2021-12-14,P.2,Zeta,5758,0,0
2021-12-15,P.2,Zeta,5758,0,0
2021-12-17,P.2,Zeta,5758,0,0
2021-12-18,P.2,Zeta,5758,0,0
2021-12-19,P.2,Zeta,5758,0,0
2021-12-20,P.2,Zeta,5107,0,0
2021-12-21,P.2,Zeta,5107,0,0
2021-12-22,P.2,Zeta,5107,0,0
2021-12-24,P.2,Zeta,5107,0,0
2021-12-25,P.2,Zeta,5107,0,0
2021-12-27,P.2,Zeta,4669,0,0
2021-12-29,P.2,Zeta,4669,0,0
2021-12-31,P.2,Zeta,4669,0,0
2022-01-01,P.2,Zeta,4669,0,0
2022-01-02,P.2,Zeta,4669,0,0
2022-01-03,P.2,Zeta,3824,0,0
2022-01-04,P.2,Zeta,3824,0,0
2022-01-05,P.2,Zeta,3824,0,0
2022-01-06,P.2,Zeta,3824,0,0
2022-01-07,P.2,Zeta,3824,0,0
2022-01-09,P.2,Zeta,3824,0,0
2022-01-11,P.2,Zeta,4360,0,0
2022-01-12,P.2,Zeta,4360,0,0
2022-01-14,P.2,Zeta,4360,0,0
2022-01-15,P.2,Zeta,4360,0,0
2022-01-16,P.2,Zeta,4360,0,0
2022-01-17,P.2,Zeta,6571,0,0
2022-01-18,P.2,Zeta,6571,0,0
2022-01-20,P.2,Zeta,6571,0,0
2022-01-21,P.2,Zeta,6571,0,0
2022-01-22,P.2,Zeta,6571,0,0
2022-01-23,P.2,Zeta,6571,0,0
2022-01-25,P.2,Zeta,9956,0,0
2022-01-26,P.2,Zeta,9956,0,0
2022-01-27,P.2,Zeta,9956,0,0
2022-01-28,P.2,Zeta,9956,0,0
2022-01-29,P.2,Zeta,9956,0,0
2022-01-30,P.2,Zeta,9956,0,0
2022-01-31,P.2,Zeta,11842,0,0
2022-02-01,P.2,Zeta,11842,0,0
2022-02-02,P.2,Zeta,11842,0,0
2022-02-04,P.2,Zeta,11842,0,0
2022-02-05,P.2,Zeta,11842,0,0
2022-02-06,P.2,Zeta,11842,0,0
2022-02-07,P.2,Zeta,12493,0,0
2022-02-08,P.2,Zeta,12493,0,0
2022-02-09,P.2,Zeta,12493,0,0
2022-02-11,P.2,Zeta,12493,0,0
2022-02-12,P.2,Zeta,12493,0,0
2022-02-13,P.2,Zeta,12493,0,0
2022-02-14,P.2,Zeta,11538,0,0
2022-02-15,P.2,Zeta,11538,0,0
2022-02-16,P.2,Zeta,11538,0,0
2022-02-18,P.2,Zeta,11538,0,0
2022-02-19,P.2,Zeta,11538,0,0
2022-02-20,P.2,Zeta,11538,0,0
2022-02-21,P.2,Zeta,10105,0,0
2021-09-28,B.1.1.529,,9169,0,0
2021-09-29,B.1.1.529,,9169,0,0
2021-10-01,B.1.1.529,,9169,0,0
2021-10-02,B.1.1.529,,9169,0,0
2021-10-03,B.1.1.529,,9169,0,0
2021-10-04,B.1.1.529,,9836,0,0
2021-10-05,B.1.1.529,,9836,0,0
2021-10-06,B.1.1.529,,9836,0,0
2021-10-08,B.1.1.529,,9836,0,0
2021-10-09,B.1.1.529,,9836,0,0
2021-10-10,B.1.1.529,,9836,0,0
2021-12-07,B.1.1.529,,5118,0,0
2021-12-08,B.1.1.529,,5118,0,0
2021-12-10,B.1.1.529,,5118,0,0
2021-12-12,B.1.1.529,,5118,0,0
2021-12-13,B.1.1.529,,5758,0,0
2021-12-14,B.1.1.529,,5758,0,0
2021-12-15,B.1.1.529,,5758,0,0
2021-12-17,B.1.1.529,,5758,0,0
2021-12-18,B.1.1.529,,5758,0,0
2021-12-19,B.1.1.529,,5758,0,0
2021-12-20,B.1.1.529,,5107,0,0
2021-12-21,B.1.1.529,,5107,0,0
2021-12-22,B.1.1.529,,5107,0,0
2021-12-24,B.1.1.529,,5107,0,0
2021-12-25,B.1.1.529,,5107,0,0
2021-12-27,B.1.1.529,,4669,0.007,32
2021-12-29,B.1.1.529,,4669,0.007,32
2021-12-31,B.1.1.529,,4669,0.007,32
2022-01-01,B.1.1.529,,4669,0.007,32
2022-01-02,B.1.1.529,,4669,0.007,32
2022-01-03,B.1.1.529,,3824,0.00081,3
2022-01-04,B.1.1.529,,3824,0.00081,3
2022-01-05,B.1.1.529,,3824,0.00081,3
2022-01-06,B.1.1.529,,3824,0.00081,3
2022-01-07,B.1.1.529,,3824,0.00081,3
2022-01-09,B.1.1.529,,3824,0.00081,3
2022-01-11,B.1.1.529,,4360,0.374,1630
2022-01-12,B.1.1.529,,4360,0.374,1630
2022-01-14,B.1.1.529,,4360,0.374,1630
2022-01-15,B.1.1.529,,4360,0.374,1630
2022-01-16,B.1.1.529,,4360,0.374,1630
2022-01-17,B.1.1.529,,6571,0.995,6538
2022-01-18,B.1.1.529,,6571,0.995,6538
2022-01-20,B.1.1.529,,6571,0.995,6538
2022-01-21,B.1.1.529,,6571,0.995,6538
2022-01-22,B.1.1.529,,6571,0.995,6538
2022-01-23,B.1.1.529,,6571,0.995,6538
2022-01-25,B.1.1.529,,9956,0.991,9866
2022-01-26,B.1.1.529,,9956,0.991,9866
2022-01-27,B.1.1.529,,9956,0.991,9866
2022-01-28,B.1.1.529,,9956,0.991,9866
2022-01-29,B.1.1.529,,9956,0.991,9866
2022-01-30,B.1.1.529,,9956,0.991,9866
2022-01-31,B.1.1.529,,11842,0.9917,11743
2022-02-01,B.1.1.529,,11842,0.9917,11743
2022-02-02,B.1.1.529,,11842,0.9917,11743
2022-02-04,B.1.1.529,,11842,0.9917,11743
2022-02-05,B.1.1.529,,11842,0.9917,11743
2022-02-06,B.1.1.529,,11842,0.9917,11743
2022-02-07,B.1.1.529,,12493,0.994,12418
2022-02-08,B.1.1.529,,12493,0.994,12418
2022-02-09,B.1.1.529,,12493,0.994,12418
2022-02-11,B.1.1.529,,12493,0.994,12418
2022-02-12,B.1.1.529,,12493,0.994,12418
2022-02-13,B.1.1.529,,12493,0.994,12418
2022-02-14,B.1.1.529,,11538,0.996,11491
2022-02-15,B.1.1.529,,11538,0.996,11491
2022-02-16,B.1.1.529,,11538,0.996,11491
2022-02-18,B.1.1.529,,11538,0.996,11491
2022-02-19,B.1.1.529,,11538,0.996,11491
2022-02-20,B.1.1.529,,11538,0.996,11491
2022-02-21,B.1.1.529,,10105,0.01,101
2021-09-28,AY.1 (Delta),,9169,0,0
2021-09-29,AY.1 (Delta),,9169,0,0
2021-10-01,AY.1 (Delta),,9169,0,0
2021-10-02,AY.1 (Delta),,9169,0,0
2021-10-03,AY.1 (Delta),,9169,0,0
2021-10-04,AY.1 (Delta),,9836,0,0
2021-10-05,AY.1 (Delta),,9836,0,0
2021-10-06,AY.1 (Delta),,9836,0,0
2021-10-08,AY.1 (Delta),,9836,0,0
2021-10-09,AY.1 (Delta),,9836,0,0
2021-10-10,AY.1 (Delta),,9836,0,0
2021-12-07,AY.1 (Delta),,5118,0,0
2021-12-08,AY.1 (Delta),,5118,0,0
2021-12-10,AY.1 (Delta),,5118,0,0
2021-12-12,AY.1 (Delta),,5118,0,0
2021-12-13,AY.1 (Delta),,5758,0,0
2021-12-14,AY.1 (Delta),,5758,0,0
2021-12-15,AY.1 (Delta),,5758,0,0
2021-12-17,AY.1 (Delta),,5758,0,0
2021-12-18,AY.1 (Delta),,5758,0,0
2021-12-19,AY.1 (Delta),,5758,0,0
2021-12-20,AY.1 (Delta),,5107,0,0
2021-12-21,AY.1 (Delta),,5107,0,0
2021-12-22,AY.1 (Delta),,5107,0,0
2021-12-24,AY.1 (Delta),,5107,0,0
2021-12-25,AY.1 (Delta),,5107,0,0
2021-12-27,AY.1 (Delta),,4669,0.007,32
2021-12-29,AY.1 (Delta),,4669,0.007,32
2021-12-31,AY.1 (Delta),,4669,0.007,32
2022-01-01,AY.1 (Delta),,4669,0.007,32
2022-01-02,AY.1 (Delta),,4669,0.007,32
2022-01-03,AY.1 (Delta),,3824,0.00081,3
2022-01-04,AY.1 (Delta),,3824,0.00081,3
2022-01-05,AY.1 (Delta),,3824,0.00081,3
2022-01-06,AY.1 (Delta),,3824,0.00081,3
2022-01-07,AY.1 (Delta),,3824,0.00081,3
2022-01-09,AY.1 (Delta),,3824,0.00081,3
2022-01-11,AY.1 (Delta),,4360,0.374,1630
2022-01-12,AY.1 (Delta),,4360,0.374,1630
2022-01-14,AY.1 (Delta),,4360,0.374,1630
2022-01-15,AY.1 (Delta),,4360,0.374,1630
2022-01-16,AY.1 (Delta),,4360,0.374,1630
2022-01-17,AY.1 (Delta),,6571,0.995,6538
2022-01-18,AY.1 (Delta),,6571,0.995,6538
2022-01-20,AY.1 (Delta),,6571,0.995,6538
2022-01-21,AY.1 (Delta),,6571,0.995,6538
2022-01-22,AY.1 (Delta),,6571,0.995,6538
2022-01-23,AY.1 (Delta),,6571,0.995,6538
2022-01-25,AY.1 (Delta),,9956,0.991,9866
2022-01-26,AY.1 (Delta),,9956,0.991,9866
2022-01-27,AY.1 (Delta),,9956,0.991,9866
2022-01-28,AY.1 (Delta),,9956,0.991,9866
2022-01-29,AY.1 (Delta),,9956,0.991,9866
2022-01-30,AY.1 (Delta),,9956,0.991,9866
2022-01-31,AY.1 (Delta),,11842,0.9917,11743
2022-02-01,AY.1 (Delta),,11842,0.9917,11743
2022-02-02,AY.1 (Delta),,11842,0.9917,11743
2022-02-04,AY.1 (Delta),,11842,0.9917,11743
2022-02-05,AY.1 (Delta),,11842,0.9917,11743
2022-02-06,AY.1 (Delta),,11842,0.9917,11743
2022-02-07,AY.1 (Delta),,12493,0.994,12418
2022-02-08,AY.1 (Delta),,12493,0.994,12418
2022-02-09,AY.1 (Delta),,12493,0.994,12418
2022-02-11,AY.1 (Delta),,12493,0.994,12418
2022-02-12,AY.1 (Delta),,12493,0.994,12418
2022-02-13,AY.1 (Delta),,12493,0.994,12418
2022-02-14,AY.1 (Delta),,11538,0.996,11491
2022-02-15,AY.1 (Delta),,11538,0.996,11491
2022-02-16,AY.1 (Delta),,11538,0.996,11491
2022-02-18,AY.1 (Delta),,11538,0.996,11491
2022-02-19,AY.1 (Delta),,11538,0.996,11491
2022-02-20,AY.1 (Delta),,11538,0.996,11491
2022-02-21,AY.1 (Delta),,10105,0.01,101
2021-09-28,AY.2 (Delta),,9169,0,0
2021-09-29,AY.2 (Delta),,9169,0,0
2021-10-01,AY.2 (Delta),,9169,0,0
2021-10-02,AY.2 (Delta),,9169,0,0
2021-10-03,AY.2 (Delta),,9169,0,0
2021-10-04,AY.2 (Delta),,9836,0,0
2021-10-05,AY.2 (Delta),,9836,0,0
2021-10-06,AY.2 (Delta),,9836,0,0
2021-10-08,AY.2 (Delta),,9836,0,0
2021-10-09,AY.2 (Delta),,9836,0,0
2021-10-10,AY.2 (Delta),,9836,0,0
2021-12-07,AY.2 (Delta),,5118,0,0
2021-12-08,AY.2 (Delta),,5118,0,0
2021-12-10,AY.2 (Delta),,5118,0,0
2021-12-12,AY.2 (Delta),,5118,0,0
2021-12-13,AY.2 (Delta),,5758,0,0
2021-12-14,AY.2 (Delta),,5758,0,0
2021-12-15,AY.2 (Delta),,5758,0,0
2021-12-17,AY.2 (Delta),,5758,0,0
2021-12-18,AY.2 (Delta),,5758,0,0
2021-12-19,AY.2 (Delta),,5758,0,0
2021-12-20,AY.2 (Delta),,5107,0,0
2021-12-21,AY.2 (Delta),,5107,0,0
2021-12-22,AY.2 (Delta),,5107,0,0
2021-12-24,AY.2 (Delta),,5107,0,0
2021-12-25,AY.2 (Delta),,5107,0,0
2021-12-27,AY.2 (Delta),,4669,0.007,32
2021-12-29,AY.2 (Delta),,4669,0.007,32
2021-12-31,AY.2 (Delta),,4669,0.007,32
2022-01-01,AY.2 (Delta),,4669,0.007,32
2022-01-02,AY.2 (Delta),,4669,0.007,32
2022-01-03,AY.2 (Delta),,3824,0.00081,3
2022-01-04,AY.2 (Delta),,3824,0.00081,3
2022-01-05,AY.2 (Delta),,3824,0.00081,3
2022-01-06,AY.2 (Delta),,3824,0.00081,3
2022-01-07,AY.2 (Delta),,3824,0.00081,3
2022-01-09,AY.2 (Delta),,3824,0.00081,3
2022-01-11,AY.2 (Delta),,4360,0.374,1630
2022-01-12,AY.2 (Delta),,4360,0.374,1630
2022-01-14,AY.2 (Delta),,4360,0.374,1630
2022-01-15,AY.2 (Delta),,4360,0.374,1630
2022-01-16,AY.2 (Delta),,4360,0.374,1630
2022-01-17,AY.2 (Delta),,6571,0.995,6538
2022-01-18,AY.2 (Delta),,6571,0.995,6538
2022-01-20,AY.2 (Delta),,6571,0.995,6538
2022-01-21,AY.2 (Delta),,6571,0.995,6538
2022-01-22,AY.2 (Delta),,6571,0.995,6538
2022-01-23,AY.2 (Delta),,6571,0.995,6538
2022-01-25,AY.2 (Delta),,9956,0.991,9866
2022-01-26,AY.2 (Delta),,9956,0.991,9866
2022-01-27,AY.2 (Delta),,9956,0.991,9866
2022-01-28,AY.2 (Delta),,9956,0.991,9866
2022-01-29,AY.2 (Delta),,9956,0.991,9866
2022-01-30,AY.2 (Delta),,9956,0.991,9866
2022-01-31,AY.2 (Delta),,11842,0.9917,11743
2022-02-01,AY.2 (Delta),,11842,0.9917,11743
2022-02-02,AY.2 (Delta),,11842,0.9917,11743
2022-02-04,AY.2 (Delta),,11842,0.9917,11743
2022-02-05,AY.2 (Delta),,11842,0.9917,11743
2022-02-06,AY.2 (Delta),,11842,0.9917,11743
2022-02-07,AY.2 (Delta),,12493,0.994,12418
2022-02-08,AY.2 (Delta),,12493,0.994,12418
2022-02-09,AY.2 (Delta),,12493,0.994,12418
2022-02-11,AY.2 (Delta),,12493,0.994,12418
2022-02-12,AY.2 (Delta),,12493,0.994,12418
2022-02-13,AY.2 (Delta),,12493,0.994,12418
2022-02-14,AY.2 (Delta),,11538,0.996,11491
2022-02-15,AY.2 (Delta),,11538,0.996,11491
2022-02-16,AY.2 (Delta),,11538,0.996,11491
2022-02-18,AY.2 (Delta),,11538,0.996,11491
2022-02-19,AY.2 (Delta),,11538,0.996,11491
2022-02-20,AY.2 (Delta),,11538,0.996,11491
2022-02-21,AY.2 (Delta),,10105,0.01,101
2021-09-28,B.1.1.7 (Alpha),,9169,0,0
2021-09-29,B.1.1.7 (Alpha),,9169,0,0
2021-10-01,B.1.1.7 (Alpha),,9169,0,0
2021-10-02,B.1.1.7 (Alpha),,9169,0,0
2021-10-03,B.1.1.7 (Alpha),,9169,0,0
2021-10-04,B.1.1.7 (Alpha),,9836,0,0
2021-10-05,B.1.1.7 (Alpha),,9836,0,0
2021-10-06,B.1.1.7 (Alpha),,9836,0,0
2021-10-08,B.1.1.7 (Alpha),,9836,0,0
2021-10-09,B.1.1.7 (Alpha),,9836,0,0
2021-10-10,B.1.1.7 (Alpha),,9836,0,0
2021-12-07,B.1.1.7 (Alpha),,5118,0,0
2021-12-08,B.1.1.7 (Alpha),,5118,0,0
2021-12-10,B.1.1.7 (Alpha),,5118,0,0
2021-12-12,B.1.1.7 (Alpha),,5118,0,0
2021-12-13,B.1.1.7 (Alpha),,5758,0,0
2021-12-14,B.1.1.7 (Alpha),,5758,0,0
2021-12-15,B.1.1.7 (Alpha),,5758,0,0
2021-12-17,B.1.1.7 (Alpha),,5758,0,0
2021-12-18,B.1.1.7 (Alpha),,5758,0,0
2021-12-19,B.1.1.7 (Alpha),,5758,0,0
2021-12-20,B.1.1.7 (Alpha),,5107,0,0
2021-12-21,B.1.1.7 (Alpha),,5107,0,0
2021-12-22,B.1.1.7 (Alpha),,5107,0,0
2021-12-24,B.1.1.7 (Alpha),,5107,0,0
2021-12-25,B.1.1.7 (Alpha),,5107,0,0
2021-12-27,B.1.1.7 (Alpha),,4669,0.007,32
2021-12-29,B.1.1.7 (Alpha),,4669,0.007,32
2021-12-31,B.1.1.7 (Alpha),,4669,0.007,32
2022-01-01,B.1.1.7 (Alpha),,4669,0.007,32
2022-01-02,B.1.1.7 (Alpha),,4669,0.007,32
2022-01-03,B.1.1.7 (Alpha),,3824,0.00081,3
2022-01-04,B.1.1.7 (Alpha),,3824,0.00081,3
2022-01-05,B.1.1.7 (Alpha),,3824,0.00081,3
2022-01-06,B.1.1.7 (Alpha),,3824,0.00081,3
2022-01-07,B.1.1.7 (Alpha),,3824,0.00081,3
2022-01-09,B.1.1.7 (Alpha),,3824,0.00081,3
2022-01-11,B.1.1.7 (Alpha),,4360,0.374,1630
2022-01-12,B.1.1.7 (Alpha),,4360,0.374,1630
2022-01-14,B.1.1.7 (Alpha),,4360,0.374,1630
2022-01-15,B.1.1.7 (Alpha),,4360,0.374,1630
2022-01-16,B.1.1.7 (Alpha),,4360,0.374,1630
2022-01-17,B.1.1.7 (Alpha),,6571,0.995,6538
2022-01-18,B.1.1.7 (Alpha),,6571,0.995,6538
2022-01-20,B.1.1.7 (Alpha),,6571,0.995,6538
2022-01-21,B.1.1.7 (Alpha),,6571,0.995,6538
2022-01-22,B.1.1.7 (Alpha),,6571,0.995,6538
2022-01-23,B.1.1.7 (Alpha),,6571,0.995,6538
2022-01-25,B.1.1.7 (Alpha),,9956,0.991,9866
2022-01-26,B.1.1.7 (Alpha),,9956,0.991,9866
2022-01-27,B.1.1.7 (Alpha),,9956,0.991,9866
2022-01-28,B.1.1.7 (Alpha),,9956,0.991,9866
2022-01-29,B.1.1.7 (Alpha),,9956,0.991,9866
2022-01-30,B.1.1.7 (Alpha),,9956,0.991,9866
2022-01-31,B.1.1.7 (Alpha),,11842,0.9917,11743
2022-02-01,B.1.1.7 (Alpha),,11842,0.9917,11743
2022-02-02,B.1.1.7 (Alpha),,11842,0.9917,11743
2022-02-04,B.1.1.7 (Alpha),,11842,0.9917,11743
2022-02-05,B.1.1.7 (Alpha),,11842,0.9917,11743
2022-02-06,B.1.1.7 (Alpha),,11842,0.9917,11743
2022-02-07,B.1.1.7 (Alpha),,12493,0.994,12418
2022-02-08,B.1.1.7 (Alpha),,12493,0.994,12418
2022-02-09,B.1.1.7 (Alpha),,12493,0.994,12418
2022-02-11,B.1.1.7 (Alpha),,12493,0.994,12418
2022-02-12,B.1.1.7 (Alpha),,12493,0.994,12418
2022-02-13,B.1.1.7 (Alpha),,12493,0.994,12418
2022-02-14,B.1.1.7 (Alpha),,11538,0.996,11491
2022-02-15,B.1.1.7 (Alpha),,11538,0.996,11491
2022-02-16,B.1.1.7 (Alpha),,11538,0.996,11491
2022-02-18,B.1.1.7 (Alpha),,11538,0.996,11491
2022-02-19,B.1.1.7 (Alpha),,11538,0.996,11491
2022-02-20,B.1.1.7 (Alpha),,11538,0.996,11491
2022-02-21,B.1.1.7 (Alpha),,10105,0.01,101
2021-09-28,B.1.1.529 (Omicron),,9169,0,0
2021-09-29,B.1.1.529 (Omicron),,9169,0,0
2021-10-01,B.1.1.529 (Omicron),,9169,0,0
2021-10-02,B.1.1.529 (Omicron),,9169,0,0
2021-10-03,B.1.1.529 (Omicron),,9169,0,0
2021-10-04,B.1.1.529 (Omicron),,9836,0,0
2021-10-05,B.1.1.529 (Omicron),,9836,0,0
2021-10-06,B.1.1.529 (Omicron),,9836,0,0
2021-10-08,B.1.1.529 (Omicron),,9836,0,0
2021-10-09,B.1.1.529 (Omicron),,9836,0,0
2021-10-10,B.1.1.529 (Omicron),,9836,0,0
2021-12-07,B.1.1.529 (Omicron),,5118,0,0
2021-12-08,B.1.1.529 (Omicron),,5118,0,0
2021-12-10,B.1.1.529 (Omicron),,5118,0,0
2021-12-12,B.1.1.529 (Omicron),,5118,0,0
2021-12-13,B.1.1.529 (Omicron),,5758,0,0
2021-12-14,B.1.1.529 (Omicron),,5758,0,0
2021-12-15,B.1.1.529 (Omicron),,5758,0,0
2021-12-17,B.1.1.529 (Omicron),,5758,0,0
2021-12-18,B.1.1.529 (Omicron),,5758,0,0
2021-12-19,B.1.1.529 (Omicron),,5758,0,0
2021-12-20,B.1.1.529 (Omicron),,5107,0,0
2021-12-21,B.1.1.529 (Omicron),,5107,0,0
2021-12-22,B.1.1.529 (Omicron),,5107,0,0
2021-12-24,B.1.1.529 (Omicron),,5107,0,0
2021-12-25,B.1.1.529 (Omicron),,5107,0,0
2021-12-27,B.1.1.529 (Omicron),,4669,0.007,32
2021-12-29,B.1.1.529 (Omicron),,4669,0.007,32
2021-12-31,B.1.1.529 (Omicron),,4669,0.007,32
2022-01-01,B.1.1.529 (Omicron),,4669,0.007,32
2022-01-02,B.1.1.529 (Omicron),,4669,0.007,32
2022-01-03,B.1.1.529 (Omicron),,3824,0.00081,3
2022-01-04,B.1.1.529 (Omicron),,3824,0.00081,3
2022-01-05,B.1.1.529 (Omicron),,3824,0.00081,3
2022-01-06,B.1.1.529 (Omicron),,3824,0.00081,3
2022-01-07,B.1.1.529 (Omicron),,3824,0.00081,3
2022-01-09,B.1.1.529 (Omicron),,3824,0.00081,3
2022-01-11,B.1.1.529 (Omicron),,4360,0.374,1630
2022-01-12,B.1.1.529 (Omicron),,4360,0.374,1630
2022-01-14,B.1.1.529 (Omicron),,4360,0.374,1630
2022-01-15,B.1.1.529 (Omicron),,4360,0.374,1630
2022-01-16,B.1.1.529 (Omicron),,4360,0.374,1630
2022-01-17,B.1.1.529 (Omicron),,6571,0.995,6538
2022-01-18,B.1.1.529 (Omicron),,6571,0.995,6538
2022-01-20,B.1.1.529 (Omicron),,6571,0.995,6538
2022-01-21,B.1.1.529 (Omicron),,6571,0.995,6538
2022-01-22,B.1.1.529 (Omicron),,6571,0.995,6538
2022-01-23,B.1.1.529 (Omicron),,6571,0.995,6538
2022-01-25,B.1.1.529 (Omicron),,9956,0.991,9866
2022-01-26,B.1.1.529 (Omicron),,9956,0.991,9866
2022-01-27,B.1.1.529 (Omicron),,9956,0.991,9866
2022-01-28,B.1.1.529 (Omicron),,9956,0.991,9866
2022-01-29,B.1.1.529 (Omicron),,9956,0.991,9866
2022-01-30,B.1.1.529 (Omicron),,9956,0.991,9866
2022-01-31,B.1.1.529 (Omicron),,11842,0.9917,11743
2022-02-01,B.1.1.529 (Omicron),,11842,0.9917,11743
2022-02-02,B.1.1.529 (Omicron),,11842,0.9917,11743
2022-02-04,B.1.1.529 (Omicron),,11842,0.9917,11743
2022-02-05,B.1.1.529 (Omicron),,11842,0.9917,11743
2022-02-06,B.1.1.529 (Omicron),,11842,0.9917,11743
2022-02-07,B.1.1.529 (Omicron),,12493,0.994,12418
2022-02-08,B.1.1.529 (Omicron),,12493,0.994,12418
2022-02-09,B.1.1.529 (Omicron),,12493,0.994,12418
2022-02-11,B.1.1.529 (Omicron),,12493,0.994,12418
2022-02-12,B.1.1.529 (Omicron),,12493,0.994,12418
2022-02-13,B.1.1.529 (Omicron),,12493,0.994,12418
2022-02-14,B.1.1.529 (Omicron),,11538,0.996,11491
2022-02-15,B.1.1.529 (Omicron),,11538,0.996,11491
2022-02-16,B.1.1.529 (Omicron),,11538,0.996,11491
2022-02-18,B.1.1.529 (Omicron),,11538,0.996,11491
2022-02-19,B.1.1.529 (Omicron),,11538,0.996,11491
2022-02-20,B.1.1.529 (Omicron),,11538,0.996,11491
2022-02-21,B.1.1.529 (Omicron),,10105,0.01,101
2021-09-28,B.1.526 (Iota),,9169,0,0
2021-09-29,B.1.526 (Iota),,9169,0,0
2021-10-01,B.1.526 (Iota),,9169,0,0
2021-10-02,B.1.526 (Iota),,9169,0,0
2021-10-03,B.1.526 (Iota),,9169,0,0
2021-10-04,B.1.526 (Iota),,9836,0,0
2021-10-05,B.1.526 (Iota),,9836,0,0
2021-10-06,B.1.526 (Iota),,9836,0,0
2021-10-08,B.1.526 (Iota),,9836,0,0
2021-10-09,B.1.526 (Iota),,9836,0,0
2021-10-10,B.1.526 (Iota),,9836,0,0
2021-12-07,B.1.526 (Iota),,5118,0,0
2021-12-08,B.1.526 (Iota),,5118,0,0
2021-12-10,B.1.526 (Iota),,5118,0,0
2021-12-12,B.1.526 (Iota),,5118,0,0
2021-12-13,B.1.526 (Iota),,5758,0,0
2021-12-14,B.1.526 (Iota),,5758,0,0
2021-12-15,B.1.526 (Iota),,5758,0,0
2021-12-17,B.1.526 (Iota),,5758,0,0
2021-12-18,B.1.526 (Iota),,5758,0,0
2021-12-19,B.1.526 (Iota),,5758,0,0
2021-12-20,B.1.526 (Iota),,5107,0,0
2021-12-21,B.1.526 (Iota),,5107,0,0
2021-12-22,B.1.526 (Iota),,5107,0,0
2021-12-24,B.1.526 (Iota),,5107,0,0
2021-12-25,B.1.526 (Iota),,5107,0,0
2021-12-27,B.1.526 (Iota),,4669,0.007,32
2021-12-29,B.1.526 (Iota),,4669,0.007,32
2021-12-31,B.1.526 (Iota),,4669,0.007,32
2022-01-01,B.1.526 (Iota),,4669,0.007,32
2022-01-02,B.1.526 (Iota),,4669,0.007,32
2022-01-03,B.1.526 (Iota),,3824,0.00081,3
2022-01-04,B.1.526 (Iota),,3824,0.00081,3
2022-01-05,B.1.526 (Iota),,3824,0.00081,3
2022-01-06,B.1.526 (Iota),,3824,0.00081,3
2022-01-07,B.1.526 (Iota),,3824,0.00081,3
2022-01-09,B.1.526 (Iota),,3824,0.00081,3
2022-01-11,B.1.526 (Iota),,4360,0.374,1630
2022-01-12,B.1.526 (Iota),,4360,0.374,1630
2022-01-14,B.1.526 (Iota),,4360,0.374,1630
2022-01-15,B.1.526 (Iota),,4360,0.374,1630
2022-01-16,B.1.526 (Iota),,4360,0.374,1630
2022-01-17,B.1.526 (Iota),,6571,0.995,6538
2022-01-18,B.1.526 (Iota),,6571,0.995,6538
2022-01-20,B.1.526 (Iota),,6571,0.995,6538
2022-01-21,B.1.526 (Iota),,6571,0.995,6538
2022-01-22,B.1.526 (Iota),,6571,0.995,6538
2022-01-23,B.1.526 (Iota),,6571,0.995,6538
2022-01-25,B.1.526 (Iota),,9956,0.991,9866
2022-01-26,B.1.526 (Iota),,9956,0.991,9866
2022-01-27,B.1.526 (Iota),,9956,0.991,9866
2022-01-28,B.1.526 (Iota),,9956,0.991,9866
2022-01-29,B.1.526 (Iota),,9956,0.991,9866
2022-01-30,B.1.526 (Iota),,9956,0.991,9866
2022-01-31,B.1.526 (Iota),,11842,0.9917,11743
2022-02-01,B.1.526 (Iota),,11842,0.9917,11743
2022-02-02,B.1.526 (Iota),,11842,0.9917,11743
2022-02-04,B.1.526 (Iota),,11842,0.9917,11743
2022-02-05,B.1.526 (Iota),,11842,0.9917,11743
2022-02-06,B.1.526 (Iota),,11842,0.9917,11743
2022-02-07,B.1.526 (Iota),,12493,0.994,12418
2022-02-08,B.1.526 (Iota),,12493,0.994,12418
2022-02-09,B.1.526 (Iota),,12493,0.994,12418
2022-02-11,B.1.526 (Iota),,12493,0.994,12418
2022-02-12,B.1.526 (Iota),,12493,0.994,12418
2022-02-13,B.1.526 (Iota),,12493,0.994,12418
2022-02-14,B.1.526 (Iota),,11538,0.996,11491
2022-02-15,B.1.526 (Iota),,11538,0.996,11491
2022-02-16,B.1.526 (Iota),,11538,0.996,11491
2022-02-18,B.1.526 (Iota),,11538,0.996,11491
2022-02-19,B.1.526 (Iota),,11538,0.996,11491
2022-02-20,B.1.526 (Iota),,11538,0.996,11491
2022-02-21,B.1.526 (Iota),,10105,0.01,101
2021-09-28,B.1.617.2 (Delta),,9169,0,0
2021-09-29,B.1.617.2 (Delta),,9169,0,0
2021-10-01,B.1.617.2 (Delta),,9169,0,0
2021-10-02,B.1.617.2 (Delta),,9169,0,0
2021-10-03,B.1.617.2 (Delta),,9169,0,0
2021-10-04,B.1.617.2 (Delta),,9836,0,0
2021-10-05,B.1.617.2 (Delta),,9836,0,0
2021-10-06,B.1.617.2 (Delta),,9836,0,0
2021-10-08,B.1.617.2 (Delta),,9836,0,0
2021-10-09,B.1.617.2 (Delta),,9836,0,0
2021-10-10,B.1.617.2 (Delta),,9836,0,0
2021-12-07,B.1.617.2 (Delta),,5118,0,0
2021-12-08,B.1.617.2 (Delta),,5118,0,0
2021-12-10,B.1.617.2 (Delta),,5118,0,0
2021-12-12,B.1.617.2 (Delta),,5118,0,0
2021-12-13,B.1.617.2 (Delta),,5758,0,0
2021-12-14,B.1.617.2 (Delta),,5758,0,0
2021-12-15,B.1.617.2 (Delta),,5758,0,0
2021-12-17,B.1.617.2 (Delta),,5758,0,0
2021-12-18,B.1.617.2 (Delta),,5758,0,0
2021-12-19,B.1.617.2 (Delta),,5758,0,0
2021-12-20,B.1.617.2 (Delta),,5107,0,0
2021-12-21,B.1.617.2 (Delta),,5107,0,0
2021-12-22,B.1.617.2 (Delta),,5107,0,0
2021-12-24,B.1.617.2 (Delta),,5107,0,0
2021-12-25,B.1.617.2 (Delta),,5107,0,0
2021-12-27,B.1.617.2 (Delta),,4669,0.007,32
2021-12-29,B.1.617.2 (Delta),,4669,0.007,32
2021-12-31,B.1.617.2 (Delta),,4669,0.007,32
2022-01-01,B.1.617.2 (Delta),,4669,0.007,32
2022-01-02,B.1.617.2 (Delta),,4669,0.007,32
2022-01-03,B.1.617.2 (Delta),,3824,0.00081,3
2022-01-04,B.1.617.2 (Delta),,3824,0.00081,3
2022-01-05,B.1.617.2 (Delta),,3824,0.00081,3
2022-01-06,B.1.617.2 (Delta),,3824,0.00081,3
2022-01-07,B.1.617.2 (Delta),,3824,0.00081,3
2022-01-09,B.1.617.2 (Delta),,3824,0.00081,3
2022-01-11,B.1.617.2 (Delta),,4360,0.374,1630
2022-01-12,B.1.617.2 (Delta),,4360,0.374,1630
2022-01-14,B.1.617.2 (Delta),,4360,0.374,1630
2022-01-15,B.1.617.2 (Delta),,4360,0.374,1630
2022-01-16,B.1.617.2 (Delta),,4360,0.374,1630
2022-01-17,B.1.617.2 (Delta),,6571,0.995,6538
2022-01-18,B.1.617.2 (Delta),,6571,0.995,6538
2022-01-20,B.1.617.2 (Delta),,6571,0.995,6538
2022-01-21,B.1.617.2 (Delta),,6571,0.995,6538
2022-01-22,B.1.617.2 (Delta),,6571,0.995,6538
2022-01-23,B.1.617.2 (Delta),,6571,0.995,6538
2022-01-25,B.1.617.2 (Delta),,9956,0.991,9866
2022-01-26,B.1.617.2 (Delta),,9956,0.991,9866
2022-01-27,B.1.617.2 (Delta),,9956,0.991,9866
2022-01-28,B.1.617.2 (Delta),,9956,0.991,9866
2022-01-29,B.1.617.2 (Delta),,9956,0.991,9866
2022-01-30,B.1.617.2 (Delta),,9956,0.991,9866
2022-01-31,B.1.617.2 (Delta),,11842,0.9917,11743
2022-02-01,B.1.617.2 (Delta),,11842,0.9917,11743
2022-02-02,B.1.617.2 (Delta),,11842,0.9917,11743
2022-02-04,B.1.617.2 (Delta),,11842,0.9917,11743
2022-02-05,B.1.617.2 (Delta),,11842,0.9917,11743
2022-02-06,B.1.617.2 (Delta),,11842,0.9917,11743
2022-02-07,B.1.617.2 (Delta),,12493,0.994,12418
2022-02-08,B.1.617.2 (Delta),,12493,0.994,12418
2022-02-09,B.1.617.2 (Delta),,12493,0.994,12418
2022-02-11,B.1.617.2 (Delta),,12493,0.994,12418
2022-02-12,B.1.617.2 (Delta),,12493,0.994,12418
2022-02-13,B.1.617.2 (Delta),,12493,0.994,12418
2022-02-14,B.1.617.2 (Delta),,11538,0.996,11491
2022-02-15,B.1.617.2 (Delta),,11538,0.996,11491
2022-02-16,B.1.617.2 (Delta),,11538,0.996,11491
2022-02-18,B.1.617.2 (Delta),,11538,0.996,11491
2022-02-19,B.1.617.2 (Delta),,11538,0.996,11491
2022-02-20,B.1.617.2 (Delta),,11538,0.996,11491
2022-02-21,B.1.617.2 (Delta),,10105,0.01,101
2021-09-28,B.1.621 (Mu),,9169,0,0
2021-09-29,B.1.621 (Mu),,9169,0,0
2021-10-01,B.1.621 (Mu),,9169,0,0
2021-10-02,B.1.621 (Mu),,9169,0,0
2021-10-03,B.1.621 (Mu),,9169,0,0
2021-10-04,B.1.621 (Mu),,9836,0,0
2021-10-05,B.1.621 (Mu),,9836,0,0
2021-10-06,B.1.621 (Mu),,9836,0,0
2021-10-08,B.1.621 (Mu),,9836,0,0
2021-10-09,B.1.621 (Mu),,9836,0,0
2021-10-10,B.1.621 (Mu),,9836,0,0
2021-12-07,B.1.621 (Mu),,5118,0,0
2021-12-08,B.1.621 (Mu),,5118,0,0
2021-12-10,B.1.621 (Mu),,5118,0,0
2021-12-12,B.1.621 (Mu),,5118,0,0
2021-12-13,B.1.621 (Mu),,5758,0,0
2021-12-14,B.1.621 (Mu),,5758,0,0
2021-12-15,B.1.621 (Mu),,5758,0,0
2021-12-17,B.1.621 (Mu),,5758,0,0
2021-12-18,B.1.621 (Mu),,5758,0,0
2021-12-19,B.1.621 (Mu),,5758,0,0
2021-12-20,B.1.621 (Mu),,5107,0,0
2021-12-21,B.1.621 (Mu),,5107,0,0
2021-12-22,B.1.621 (Mu),,5107,0,0
2021-12-24,B.1.621 (Mu),,5107,0,0
2021-12-25,B.1.621 (Mu),,5107,0,0
2021-12-27,B.1.621 (Mu),,4669,0.007,32
2021-12-29,B.1.621 (Mu),,4669,0.007,32
2021-12-31,B.1.621 (Mu),,4669,0.007,32
2022-01-01,B.1.621 (Mu),,4669,0.007,32
2022-01-02,B.1.621 (Mu),,4669,0.007,32
2022-01-03,B.1.621 (Mu),,3824,0.00081,3
2022-01-04,B.1.621 (Mu),,3824,0.00081,3
2022-01-05,B.1.621 (Mu),,3824,0.00081,3
2022-01-06,B.1.621 (Mu),,3824,0.00081,3
2022-01-07,B.1.621 (Mu),,3824,0.00081,3
2022-01-09,B.1.621 (Mu),,3824,0.00081,3
2022-01-11,B.1.621 (Mu),,4360,0.374,1630
2022-01-12,B.1.621 (Mu),,4360,0.374,1630
2022-01-14,B.1.621 (Mu),,4360,0.374,1630
2022-01-15,B.1.621 (Mu),,4360,0.374,1630
2022-01-16,B.1.621 (Mu),,4360,0.374,1630
2022-01-17,B.1.621 (Mu),,6571,0.995,6538
2022-01-18,B.1.621 (Mu),,6571,0.995,6538
2022-01-20,B.1.621 (Mu),,6571,0.995,6538
2022-01-21,B.1.621 (Mu),,6571,0.995,6538
2022-01-22,B.1.621 (Mu),,6571,0.995,6538
2022-01-23,B.1.621 (Mu),,6571,0.995,6538
2022-01-25,B.1.621 (Mu),,9956,0.991,9866
2022-01-26,B.1.621 (Mu),,9956,0.991,9866
2022-01-27,B.1.621 (Mu),,9956,0.991,9866
2022-01-28,B.1.621 (Mu),,9956,0.991,9866
2022-01-29,B.1.621 (Mu),,9956,0.991,9866
2022-01-30,B.1.621 (Mu),,9956,0.991,9866
2022-01-31,B.1.621 (Mu),,11842,0.9917,11743
2022-02-01,B.1.621 (Mu),,11842,0.9917,11743
2022-02-02,B.1.621 (Mu),,11842,0.9917,11743
2022-02-04,B.1.621 (Mu),,11842,0.9917,11743
2022-02-05,B.1.621 (Mu),,11842,0.9917,11743
2022-02-06,B.1.621 (Mu),,11842,0.9917,11743
2022-02-07,B.1.621 (Mu),,12493,0.994,12418
2022-02-08,B.1.621 (Mu),,12493,0.994,12418
2022-02-09,B.1.621 (Mu),,12493,0.994,12418
2022-02-11,B.1.621 (Mu),,12493,0.994,12418
2022-02-12,B.1.621 (Mu),,12493,0.994,12418
2022-02-13,B.1.621 (Mu),,12493,0.994,12418
2022-02-14,B.1.621 (Mu),,11538,0.996,11491
2022-02-15,B.1.621 (Mu),,11538,0.996,11491
2022-02-16,B.1.621 (Mu),,11538,0.996,11491
2022-02-18,B.1.621 (Mu),,11538,0.996,11491
2022-02-19,B.1.621 (Mu),,11538,0.996,11491
2022-02-20,B.1.621 (Mu),,11538,0.996,11491
2022-02-21,B.1.621 (Mu),,10105,0.01,101
2021-09-28,BA.2 (Omicron),,9169,0,0
2021-09-29,BA.2 (Omicron),,9169,0,0
2021-10-01,BA.2 (Omicron),,9169,0,0
2021-10-02,BA.2 (Omicron),,9169,0,0
2021-10-03,BA.2 (Omicron),,9169,0,0
2021-10-04,BA.2 (Omicron),,9836,0,0
2021-10-05,BA.2 (Omicron),,9836,0,0
2021-10-06,BA.2 (Omicron),,9836,0,0
2021-10-08,BA.2 (Omicron),,9836,0,0
2021-10-09,BA.2 (Omicron),,9836,0,0
2021-10-10,BA.2 (Omicron),,9836,0,0
2021-12-07,BA.2 (Omicron),,5118,0,0
2021-12-08,BA.2 (Omicron),,5118,0,0
2021-12-10,BA.2 (Omicron),,5118,0,0
2021-12-12,BA.2 (Omicron),,5118,0,0
2021-12-13,BA.2 (Omicron),,5758,0,0
2021-12-14,BA.2 (Omicron),,5758,0,0
2021-12-15,BA.2 (Omicron),,5758,0,0
2021-12-17,BA.2 (Omicron),,5758,0,0
2021-12-18,BA.2 (Omicron),,5758,0,0
2021-12-19,BA.2 (Omicron),,5758,0,0
2021-12-20,BA.2 (Omicron),,5107,0,0
2021-12-21,BA.2 (Omicron),,5107,0,0
2021-12-22,BA.2 (Omicron),,5107,0,0
2021-12-24,BA.2 (Omicron),,5107,0,0
2021-12-25,BA.2 (Omicron),,5107,0,0
2021-12-27,BA.2 (Omicron),,4669,0.007,32
2021-12-29,BA.2 (Omicron),,4669,0.007,32
2021-12-31,BA.2 (Omicron),,4669,0.007,32
2022-01-01,BA.2 (Omicron),,4669,0.007,32
2022-01-02,BA.2 (Omicron),,4669,0.007,32
2022-01-03,BA.2 (Omicron),,3824,0.00081,3
2022-01-04,BA.2 (Omicron),,3824,0.00081,3
2022-01-05,BA.2 (Omicron),,3824,0.00081,3
2022-01-06,BA.2 (Omicron),,3824,0.00081,3
2022-01-07,BA.2 (Omicron),,3824,0.00081,3
2022-01-09,BA.2 (Omicron),,3824,0.00081,3
2022-01-11,BA.2 (Omicron),,4360,0.374,1630
2022-01-12,BA.2 (Omicron),,4360,0.374,1630
2022-01-14,BA.2 (Omicron),,4360,0.374,1630
2022-01-15,BA.2 (Omicron),,4360,0.374,1630
2022-01-16,BA.2 (Omicron),,4360,0.374,1630
2022-01-17,BA.2 (Omicron),,6571,0.995,6538
2022-01-18,BA.2 (Omicron),,6571,0.995,6538
2022-01-20,BA.2 (Omicron),,6571,0.995,6538
2022-01-21,BA.2 (Omicron),,6571,0.995,6538
2022-01-22,BA.2 (Omicron),,6571,0.995,6538
2022-01-23,BA.2 (Omicron),,6571,0.995,6538
2022-01-25,BA.2 (Omicron),,9956,0.991,9866
2022-01-26,BA.2 (Omicron),,9956,0.991,9866
2022-01-27,BA.2 (Omicron),,9956,0.991,9866
2022-01-28,BA.2 (Omicron),,9956,0.991,9866
2022-01-29,BA.2 (Omicron),,9956,0.991,9866
2022-01-30,BA.2 (Omicron),,9956,0.991,9866
2022-01-31,BA.2 (Omicron),,11842,0.9917,11743
2022-02-01,BA.2 (Omicron),,11842,0.9917,11743
2022-02-02,BA.2 (Omicron),,11842,0.9917,11743
2022-02-04,BA.2 (Omicron),,11842,0.9917,11743
2022-02-05,BA.2 (Omicron),,11842,0.9917,11743
2022-02-06,BA.2 (Omicron),,11842,0.9917,11743
2022-02-07,BA.2 (Omicron),,12493,0.994,12418
2022-02-08,BA.2 (Omicron),,12493,0.994,12418
2022-02-09,BA.2 (Omicron),,12493,0.994,12418
2022-02-11,BA.2 (Omicron),,12493,0.994,12418
2022-02-12,BA.2 (Omicron),,12493,0.994,12418
2022-02-13,BA.2 (Omicron),,12493,0.994,12418
2022-02-14,BA.2 (Omicron),,11538,0.996,11491
2022-02-15,BA.2 (Omicron),,11538,0.996,11491
2022-02-16,BA.2 (Omicron),,11538,0.996,11491
2022-02-18,BA.2 (Omicron),,11538,0.996,11491
2022-02-19,BA.2 (Omicron),,11538,0.996,11491
2022-02-20,BA.2 (Omicron),,11538,0.996,11491
2022-02-21,BA.2 (Omicron),,10105,0.01,101
