Date,ZIP,Doses_Administered,At_Least_One_Dose,Fully_Vaccinated
2021-04-05,73301,121,71,55
2021-04-05,73344,NA,NA,NA
2021-04-05,73960,16,9,7
2021-04-05,75001,7928,5380,2736
2021-04-05,75002,36112,24053,12581
2021-04-05,75006,20956,14217,7243
2021-04-05,75007,30341,20093,10827
2021-04-05,75009,7947,5177,2967
2021-04-05,75010,19707,13117,6995
2021-04-05,75011,202,137,73
2021-04-05,75013,30309,20314,10453
2021-04-05,75014,122,92,34
2021-04-05,75015,64,42,22
2021-04-05,75016,107,75,34
2021-04-05,75017,62,41,21
2021-04-05,75019,29481,19600,10908
2021-04-05,75020,8280,5461,3567
2021-04-05,75021,2650,1719,1140
2021-04-05,75022,16740,10871,6080
2021-04-05,75023,26754,17325,9826
2021-04-05,75024,26121,17630,8968
2021-04-05,75025,33908,22567,11864
2021-04-05,75026,213,142,78
2021-04-05,75027,88,60,32
2021-04-05,75028,29664,19274,10853
2021-04-05,75029,95,63,32
2021-04-05,75030,145,88,58
2021-04-05,75032,15884,10041,6262
2021-04-05,75033,22544,14995,7965
2021-04-05,75034,26723,17817,9466
2021-04-05,75035,45360,30570,15595
2021-04-05,75038,10490,7357,3323
2021-04-05,75039,12581,8839,4005
2021-04-05,75040,25201,17187,8535
2021-04-05,75041,9244,6316,3131
2021-04-05,75042,12326,8454,4126
2021-04-05,75043,24825,16325,8882
2021-04-05,75044,24054,15968,8516
2021-04-05,75045,128,87,42
2021-04-05,75046,80,53,29
2021-04-05,75047,60,39,23
2021-04-05,75048,13322,8885,4714
2021-04-05,75049,143,91,56
2021-04-05,75050,12444,8367,4343
2021-04-05,75051,10413,7184,3465
2021-04-05,75052,38159,25913,13042
2021-04-05,75053,150,109,46
2021-04-05,75054,8117,5355,2872
2021-04-05,75056,33501,22352,11746
2021-04-05,75057,4347,2945,1480
2021-04-05,75058,1284,849,512
2021-04-05,75060,16119,10781,5557
2021-04-05,75061,15930,10699,5613
2021-04-05,75062,16778,11381,5672
2021-04-05,75063,25432,17678,8367
2021-04-05,75065,5802,3719,2174
2021-04-05,75067,24220,16384,8317
2021-04-05,75068,26143,17717,8908
2021-04-05,75069,17680,11017,6936
2021-04-05,75070,28052,18996,9577
2021-04-05,75071,30242,19642,11171
2021-04-05,75074,21841,14730,7559
2021-04-05,75075,22429,14462,8319
2021-04-05,75076,4044,2577,1663
2021-04-05,75077,23386,14809,8947
2021-04-05,75078,16288,10819,5771
2021-04-05,75080,25520,16820,9182
2021-04-05,75081,19633,12987,7091
2021-04-05,75082,17753,11657,6378
2021-04-05,75083,263,173,95
2021-04-05,75085,100,63,39
2021-04-05,75086,261,157,105
2021-04-05,75087,18056,11581,7106
2021-04-05,75088,13445,8651,5054
2021-04-05,75089,16173,10757,5874
2021-04-05,75090,5980,4137,2566
2021-04-05,75091,272,166,117
2021-04-05,75092,9663,6411,4186
2021-04-05,75093,34553,21932,13129
2021-04-05,75094,14440,9621,5074
2021-04-05,75097,93,65,37
2021-04-05,75098,26860,17958,9366
2021-04-05,75099,10,7,NA
2021-04-05,75101,158,112,67
2021-04-05,75102,631,375,265
2021-04-05,75103,4450,2806,1799
2021-04-05,75104,21036,13837,7540
2021-04-05,75105,168,108,61
2021-04-05,75106,248,153,96
2021-04-05,75109,2788,1616,1193
2021-04-05,75110,12620,7832,4930
2021-04-05,75114,1931,1299,705
2021-04-05,75115,24884,16207,9295
2021-04-05,75116,7241,4822,2530
2021-04-05,75117,1174,753,485
2021-04-05,75118,47,30,17
2021-04-05,75119,9687,6372,3842
2021-04-05,75120,329,203,141
2021-04-05,75121,76,49,33
2021-04-05,75123,255,157,101
2021-04-05,75124,1382,960,509
2021-04-05,75125,2138,1470,740
2021-04-05,75126,21557,14276,7903
2021-04-05,75127,425,282,156
2021-04-05,75132,108,70,41
2021-04-05,75134,6453,4320,2260
2021-04-05,75135,2166,1351,869
2021-04-05,75137,8859,5788,3221
2021-04-05,75138,228,140,90
2021-04-05,75140,2292,1455,902
2021-04-05,75141,1181,795,410
2021-04-05,75142,6162,4046,2323
2021-04-05,75143,4512,3047,1704
2021-04-05,75144,1782,1066,757
2021-04-05,75146,7692,5163,2753
2021-04-05,75147,2221,1556,837
2021-04-05,75148,1886,1281,696
2021-04-05,75149,18634,12526,6526
2021-04-05,75150,20657,13805,7332
2021-04-05,75151,239,136,105
2021-04-05,75152,1615,1040,646
2021-04-05,75153,227,143,86
2021-04-05,75154,17489,11469,6421
2021-04-05,75155,833,567,300
2021-04-05,75156,4776,3261,1767
2021-04-05,75157,90,58,37
2021-04-05,75158,1556,1023,614
2021-04-05,75159,5598,3771,2045
2021-04-05,75160,9046,5915,3321
2021-04-05,75161,2319,1517,860
2021-04-05,75163,952,630,371
2021-04-05,75164,115,73,50
2021-04-05,75165,19807,12793,7634
2021-04-05,75166,2007,1292,763
2021-04-05,75167,4992,3191,1962
2021-04-05,75168,363,213,158
2021-04-05,75169,4636,3087,1881
2021-04-05,75172,995,705,314
2021-04-05,75173,2109,1354,803
2021-04-05,75180,6154,4242,2052
2021-04-05,75181,10958,7260,3959
2021-04-05,75182,5096,3177,2030
2021-04-05,75185,135,86,54
2021-04-05,75187,63,39,24
2021-04-05,75189,10580,6935,4022
2021-04-05,75201,10417,7072,3643
2021-04-05,75202,1644,1150,522
2021-04-05,75203,4600,3085,1617
2021-04-05,75204,18459,12621,6387
2021-04-05,75205,16591,10529,6439
2021-04-05,75206,24325,16516,8391
2021-04-05,75207,2452,1716,866
2021-04-05,75208,16792,10885,6228
2021-04-05,75209,10884,6711,4375
2021-04-05,75210,1777,1198,610
2021-04-05,75211,23199,15479,8286
2021-04-05,75212,9419,6253,3410
2021-04-05,75214,25528,16473,9719
2021-04-05,75215,5615,3732,2046
2021-04-05,75216,15291,10200,5406
2021-04-05,75217,21297,14552,7345
2021-04-05,75218,16051,10245,6118
2021-04-05,75219,21159,13478,8183
2021-04-05,75220,13797,8785,5230
2021-04-05,75221,45,34,23
2021-04-05,75222,186,115,72
2021-04-05,75223,5823,3913,2026
2021-04-05,75224,11333,7511,4086
2021-04-05,75225,19966,12141,8164
2021-04-05,75226,2267,1591,772
2021-04-05,75227,18178,12186,6406
2021-04-05,75228,24287,15948,8886
2021-04-05,75229,19729,12515,7670
2021-04-05,75230,22182,13668,8944
2021-04-05,75231,14278,9239,5283
2021-04-05,75232,11560,7458,4225
2021-04-05,75233,5732,3682,2115
2021-04-05,75234,16329,11044,5670
2021-04-05,75235,11816,7367,4890
2021-04-05,75236,4976,3397,1640
2021-04-05,75237,3605,2473,1194
2021-04-05,75238,15904,10283,5945
2021-04-05,75240,8453,5700,2956
2021-04-05,75241,9208,6093,3331
2021-04-05,75242,76,49,28
2021-04-05,75243,21289,13784,7922
2021-04-05,75244,8669,5640,3337
2021-04-05,75246,1305,872,454
2021-04-05,75247,669,479,306
2021-04-05,75248,25143,16034,9711
2021-04-05,75249,5619,3816,1948
2021-04-05,75250,22,19,NA
2021-04-05,75251,2000,1310,716
2021-04-05,75252,17682,11204,6774
2021-04-05,75253,4621,3214,1511
2021-04-05,75254,9214,6224,3195
2021-04-05,75260,15,13,NA
2021-04-05,75261,120,89,38
2021-04-05,75262,17,12,NA
2021-04-05,75263,10,7,NA
2021-04-05,75264,NA,NA,NA
2021-04-05,75265,13,7,7
2021-04-05,75266,26,17,9
2021-04-05,75267,NA,NA,NA
2021-04-05,75270,10,7,NA
2021-04-05,75275,88,81,11
2021-04-05,75277,12,9,NA
2021-04-05,75283,NA,NA,NA
2021-04-05,75284,10,NA,NA
2021-04-05,75285,7,NA,NA
2021-04-05,75287,18957,12744,6593
2021-04-05,75303,7,NA,NA
2021-04-05,75312,NA,NA,NA
2021-04-05,75313,63,38,25
2021-04-05,75315,57,33,25
2021-04-05,75320,NA,NA,NA
2021-04-05,75326,NA,NA,NA
2021-04-05,75336,34,18,16
2021-04-05,75339,41,26,15
2021-04-05,75342,NA,NA,NA
2021-04-05,75354,59,39,24
2021-04-05,75355,38,24,17
2021-04-05,75356,34,21,14
2021-04-05,75357,66,45,22
2021-04-05,75358,NA,NA,NA
2021-04-05,75359,NA,NA,NA
2021-04-05,75360,109,65,46
2021-04-05,75367,111,66,48
2021-04-05,75368,NA,NA,NA
2021-04-05,75370,106,73,36
2021-04-05,75371,NA,NA,NA
2021-04-05,75372,14,10,NA
2021-04-05,75374,76,48,29
2021-04-05,75376,100,66,37
2021-04-05,75378,NA,NA,NA
2021-04-05,75379,143,89,57
2021-04-05,75380,143,86,57
2021-04-05,75381,42,29,14
2021-04-05,75382,78,46,33
2021-04-05,75389,NA,NA,NA
2021-04-05,75390,56,30,26
2021-04-05,75393,NA,NA,NA
2021-04-05,75395,NA,NA,NA
2021-04-05,75397,NA,NA,NA
2021-04-05,75398,7,NA,NA
2021-04-05,75401,4591,2849,1883
2021-04-05,75402,7714,4527,3347
2021-04-05,75403,91,59,36
2021-04-05,75404,140,87,58
2021-04-05,75407,6983,4640,2521
2021-04-05,75409,6504,4214,2502
2021-04-05,75410,1712,1092,696
2021-04-05,75411,421,244,182
2021-04-05,75412,251,160,99
2021-04-05,75413,69,42,31
2021-04-05,75414,1086,702,478
2021-04-05,75415,72,46,29
2021-04-05,75416,1147,683,488
2021-04-05,75417,821,499,346
2021-04-05,75418,4533,2699,2042
2021-04-05,75420,375,245,136
2021-04-05,75421,355,214,149
2021-04-05,75422,1055,638,453
2021-04-05,75423,878,534,390
2021-04-05,75424,1126,714,446
2021-04-05,75425,32,20,14
2021-04-05,75426,1927,1233,838
2021-04-05,75428,2670,1689,1101
2021-04-05,75429,157,94,69
2021-04-05,75431,489,338,169
2021-04-05,75432,1176,729,470
2021-04-05,75433,803,519,309
2021-04-05,75434,49,29,20
2021-04-05,75435,392,238,163
2021-04-05,75436,615,384,267
2021-04-05,75437,333,225,115
2021-04-05,75438,437,253,200
2021-04-05,75439,286,169,132
2021-04-05,75440,2422,1511,953
2021-04-05,75441,41,25,16
2021-04-05,75442,3338,2133,1312
2021-04-05,75443,36,21,15
2021-04-05,75444,86,57,41
2021-04-05,75446,1537,870,704
2021-04-05,75447,386,229,174
2021-04-05,75448,200,120,93
2021-04-05,75449,388,249,157
2021-04-05,75450,86,56,31
2021-04-05,75451,357,244,131
2021-04-05,75452,1402,864,642
2021-04-05,75453,1105,656,471
2021-04-05,75454,5487,3563,2033
2021-04-05,75455,7584,5038,2857
2021-04-05,75456,319,190,140
2021-04-05,75457,2070,1340,804
2021-04-05,75458,61,36,26
2021-04-05,75459,1303,880,515
2021-04-05,75460,8064,4903,3338
2021-04-05,75461,158,93,73
2021-04-05,75462,5894,3435,2563
2021-04-05,75468,407,241,174
2021-04-05,75469,174,95,84
2021-04-05,75470,78,48,32
2021-04-05,75471,349,244,130
2021-04-05,75472,1111,729,408
2021-04-05,75473,1642,957,711
2021-04-05,75474,4232,2656,1710
2021-04-05,75475,71,44,36
2021-04-05,75476,459,268,201
2021-04-05,75477,309,183,138
2021-04-05,75478,263,173,93
2021-04-05,75479,592,368,262
2021-04-05,75480,600,385,233
2021-04-05,75481,150,92,61
2021-04-05,75482,8067,5271,2975
2021-04-05,75483,235,145,96
2021-04-05,75485,81,58,31
2021-04-05,75486,915,523,414
2021-04-05,75487,385,260,146
2021-04-05,75488,433,262,201
2021-04-05,75489,307,202,114
2021-04-05,75490,936,587,399
2021-04-05,75491,1620,1092,674
2021-04-05,75492,252,144,121
2021-04-05,75493,96,66,34
2021-04-05,75494,3177,2093,1337
2021-04-05,75495,3543,2326,1420
2021-04-05,75496,1153,678,527
2021-04-05,75497,1746,1111,690
2021-04-05,75501,7638,5155,2865
2021-04-05,75503,11108,7041,4353
2021-04-05,75504,68,40,30
2021-04-05,75505,200,131,78
2021-04-05,75507,NA,NA,NA
2021-04-05,75550,282,181,108
2021-04-05,75551,3264,2256,1165
2021-04-05,75554,566,367,251
2021-04-05,75555,271,188,98
2021-04-05,75556,275,189,101
2021-04-05,75558,433,287,174
2021-04-05,75559,1466,1013,653
2021-04-05,75560,286,205,105
2021-04-05,75561,1145,784,429
2021-04-05,75562,46,33,16
2021-04-05,75563,1225,892,520
2021-04-05,75564,34,23,13
2021-04-05,75565,36,29,8
2021-04-05,75566,220,151,81
2021-04-05,75567,836,568,346
2021-04-05,75568,820,572,310
2021-04-05,75569,728,487,273
2021-04-05,75570,2170,1514,927
2021-04-05,75571,787,547,306
2021-04-05,75572,932,644,326
2021-04-05,75573,110,69,49
2021-04-05,75574,350,258,131
2021-04-05,75601,6895,4166,2809
2021-04-05,75602,6149,3995,2287
2021-04-05,75603,2682,1666,1057
2021-04-05,75604,11070,6812,4514
2021-04-05,75605,16483,9890,6832
2021-04-05,75606,327,191,139
2021-04-05,75607,336,199,140
2021-04-05,75608,406,239,172
2021-04-05,75615,9,NA,NA
2021-04-05,75630,913,590,381
2021-04-05,75631,573,366,245
2021-04-05,75633,3997,2640,1676
2021-04-05,75636,107,76,37
2021-04-05,75637,37,24,19
2021-04-05,75638,1641,1124,693
2021-04-05,75639,483,344,203
2021-04-05,75640,1298,803,530
2021-04-05,75641,12,8,NA
2021-04-05,75642,89,60,39
2021-04-05,75643,426,287,170
2021-04-05,75644,3799,2294,1672
2021-04-05,75645,3003,1822,1284
2021-04-05,75647,4240,2631,1719
2021-04-05,75650,3372,2098,1402
2021-04-05,75651,696,437,310
2021-04-05,75652,4244,2919,1750
2021-04-05,75653,320,212,140
2021-04-05,75654,3505,2349,1410
2021-04-05,75656,1138,801,451
2021-04-05,75657,2884,1785,1169
2021-04-05,75658,49,32,20
2021-04-05,75659,22,16,13
2021-04-05,75660,199,112,92
2021-04-05,75661,747,505,319
2021-04-05,75662,7184,4694,2664
2021-04-05,75663,444,257,193
2021-04-05,75666,58,39,21
2021-04-05,75667,343,235,145
2021-04-05,75668,508,343,199
2021-04-05,75669,193,128,87
2021-04-05,75670,4566,3031,1848
2021-04-05,75671,314,194,135
2021-04-05,75672,5931,3723,2547
2021-04-05,75680,NA,NA,NA
2021-04-05,75681,808,534,355
2021-04-05,75682,167,104,74
2021-04-05,75683,920,580,392
2021-04-05,75684,1556,1060,540
2021-04-05,75685,36,24,20
2021-04-05,75686,4218,2783,1580
2021-04-05,75687,25,19,12
2021-04-05,75688,122,73,52
2021-04-05,75689,21,15,NA
2021-04-05,75691,1367,866,579
2021-04-05,75692,999,721,519
2021-04-05,75693,2313,1397,979
2021-04-05,75694,78,48,37
2021-04-05,75701,13524,8739,4880
2021-04-05,75702,6325,4483,1991
2021-04-05,75703,22714,14076,8803
2021-04-05,75704,2953,2007,999
2021-04-05,75705,786,552,242
2021-04-05,75706,2301,1652,696
2021-04-05,75707,7354,4604,2835
2021-04-05,75708,1750,1253,516
2021-04-05,75709,2439,1576,896
2021-04-05,75710,79,48,31
2021-04-05,75711,370,224,153
2021-04-05,75712,126,84,44
2021-04-05,75713,310,185,128
2021-04-05,75750,1204,793,455
2021-04-05,75751,5846,3898,2241
2021-04-05,75752,2614,1716,1050
2021-04-05,75754,1789,1166,683
2021-04-05,75755,1414,887,605
2021-04-05,75756,1141,759,409
2021-04-05,75757,5283,3344,2021
2021-04-05,75758,3745,2400,1410
2021-04-05,75759,23,19,NA
2021-04-05,75760,820,537,383
2021-04-05,75762,5385,3404,2030
2021-04-05,75763,1723,1115,652
2021-04-05,75764,63,41,27
2021-04-05,75765,3814,2322,1674
2021-04-05,75766,6855,4679,2584
2021-04-05,75770,1062,702,405
2021-04-05,75771,8365,5395,3289
2021-04-05,75772,40,27,20
2021-04-05,75773,4781,3014,1968
2021-04-05,75778,1064,696,438
2021-04-05,75779,84,51,37
2021-04-05,75780,55,42,17
2021-04-05,75782,48,34,16
2021-04-05,75783,2537,1667,1042
2021-04-05,75784,186,126,71
2021-04-05,75785,3295,2068,1393
2021-04-05,75788,26,18,11
2021-04-05,75789,2377,1571,855
2021-04-05,75790,1285,815,536
2021-04-05,75791,4999,3224,1833
2021-04-05,75792,1174,773,418
2021-04-05,75797,NA,NA,NA
2021-04-05,75798,NA,NA,NA
2021-04-05,75799,22,16,7
2021-04-05,75801,4468,3209,1665
2021-04-05,75802,333,223,135
2021-04-05,75803,3871,2699,1472
2021-04-05,75831,1417,966,545
2021-04-05,75832,48,30,23
2021-04-05,75833,1091,771,386
2021-04-05,75834,NA,NA,NA
2021-04-05,75835,4322,2911,1720
2021-04-05,75838,148,100,66
2021-04-05,75839,1063,761,432
2021-04-05,75840,2023,1376,748
2021-04-05,75844,1706,1129,748
2021-04-05,75845,976,663,402
2021-04-05,75846,768,489,307
2021-04-05,75847,546,373,208
2021-04-05,75848,48,29,21
2021-04-05,75849,61,37,25
2021-04-05,75850,181,121,81
2021-04-05,75851,793,530,319
2021-04-05,75852,487,330,195
2021-04-05,75853,279,199,107
2021-04-05,75855,690,509,236
2021-04-05,75856,115,72,52
2021-04-05,75858,57,39,19
2021-04-05,75859,1077,683,428
2021-04-05,75860,1538,1071,666
2021-04-05,75861,446,310,194
2021-04-05,75862,4044,2431,1685
2021-04-05,75865,48,39,13
2021-04-05,75880,15,9,NA
2021-04-05,75882,16,14,NA
2021-04-05,75884,NA,NA,NA
2021-04-05,75886,NA,NA,NA
2021-04-05,75901,10908,7381,3873
2021-04-05,75902,163,105,71
2021-04-05,75903,64,41,24
2021-04-05,75904,12816,8541,4603
2021-04-05,75915,344,208,146
2021-04-05,75925,1283,816,584
2021-04-05,75926,358,232,143
2021-04-05,75928,445,257,196
2021-04-05,75929,699,428,290
2021-04-05,75930,461,296,187
2021-04-05,75931,1344,780,604
2021-04-05,75932,482,270,217
2021-04-05,75933,455,273,201
2021-04-05,75934,60,40,20
2021-04-05,75935,4024,2544,1754
2021-04-05,75936,367,220,156
2021-04-05,75937,394,254,174
2021-04-05,75938,841,504,362
2021-04-05,75939,1342,903,475
2021-04-05,75941,2862,2016,899
2021-04-05,75942,122,71,53
2021-04-05,75943,540,347,248
2021-04-05,75944,553,361,214
2021-04-05,75946,1217,792,565
2021-04-05,75948,2923,1777,1255
2021-04-05,75949,1994,1327,729
2021-04-05,75951,6319,3731,2750
2021-04-05,75954,658,421,324
2021-04-05,75956,2389,1419,1088
2021-04-05,75958,58,36,26
2021-04-05,75959,432,259,186
2021-04-05,75960,320,208,120
2021-04-05,75961,5730,3770,2520
2021-04-05,75962,68,57,16
2021-04-05,75963,525,323,246
2021-04-05,75964,7138,4663,3136
2021-04-05,75965,8888,5633,4036
2021-04-05,75966,1757,1010,771
2021-04-05,75968,440,276,193
2021-04-05,75969,1439,890,581
2021-04-05,75972,2744,1793,997
2021-04-05,75973,852,537,355
2021-04-05,75974,784,518,335
2021-04-05,75975,1031,671,485
2021-04-05,75976,340,220,132
2021-04-05,75977,247,139,113
2021-04-05,75978,55,36,28
2021-04-05,75979,3648,2122,1575
2021-04-05,75980,915,576,363
2021-04-05,75990,32,19,13
2021-04-05,76001,15316,10000,5633
2021-04-05,76002,14044,9626,4789
2021-04-05,76003,199,117,83
2021-04-05,76004,92,66,32
2021-04-05,76005,3844,2396,1484
2021-04-05,76006,8450,5498,3116
2021-04-05,76007,50,34,16
2021-04-05,76008,10412,6504,4166
2021-04-05,76009,5867,3944,2076
2021-04-05,76010,12348,7927,4901
2021-04-05,76011,7320,4549,3016
2021-04-05,76012,14817,8982,6071
2021-04-05,76013,15755,9951,6179
2021-04-05,76014,10938,7047,4242
2021-04-05,76015,6713,4282,2591
2021-04-05,76016,18988,11928,7429
2021-04-05,76017,21702,13880,8249
2021-04-05,76018,10634,7236,3719
2021-04-05,76019,91,63,33
2021-04-05,76020,11869,7550,4507
2021-04-05,76021,19419,12457,7266
2021-04-05,76022,5789,3792,2099
2021-04-05,76023,2258,1409,991
2021-04-05,76028,31597,20444,11550
2021-04-05,76031,4755,3063,1783
2021-04-05,76033,10609,6610,4201
2021-04-05,76034,19894,12431,8309
2021-04-05,76035,833,532,314
2021-04-05,76036,12340,8181,4379
2021-04-05,76039,17737,11972,6138
2021-04-05,76040,11328,7387,4100
2021-04-05,76041,227,140,90
2021-04-05,76043,3198,2026,1359
2021-04-05,76044,1957,1261,719
2021-04-05,76048,11862,7709,4317
2021-04-05,76049,17008,10765,6599
2021-04-05,76050,2399,1516,943
2021-04-05,76051,27011,17496,9922
2021-04-05,76052,9364,6325,3218
2021-04-05,76053,11744,7405,4536
2021-04-05,76054,7927,4874,3158
2021-04-05,76055,930,613,388
2021-04-05,76058,5778,3804,2075
2021-04-05,76059,1664,1031,651
2021-04-05,76060,4152,2555,1663
2021-04-05,76061,109,73,39
2021-04-05,76063,35089,22747,12937
2021-04-05,76064,756,479,304
2021-04-05,76065,18300,11878,6927
2021-04-05,76066,1192,738,500
2021-04-05,76067,6214,3940,2533
2021-04-05,76068,205,124,85
2021-04-05,76070,227,145,90
2021-04-05,76071,1125,719,444
2021-04-05,76073,2132,1288,931
2021-04-05,76077,205,130,84
2021-04-05,76078,2739,1731,1084
2021-04-05,76082,5652,3646,2139
2021-04-05,76084,3038,2077,1036
2021-04-05,76085,4240,2680,1659
2021-04-05,76086,7562,4717,3041
2021-04-05,76087,14585,8984,5980
2021-04-05,76088,4578,2814,1892
2021-04-05,76092,22123,14088,8364
2021-04-05,76093,651,418,244
2021-04-05,76094,51,31,21
2021-04-05,76095,152,96,59
2021-04-05,76096,164,112,58
2021-04-05,76097,178,114,68
2021-04-05,76098,295,180,125
2021-04-05,76099,165,98,69
2021-04-05,76101,98,60,39
2021-04-05,76102,5184,3222,2036
2021-04-05,76103,5351,3330,2077
2021-04-05,76104,7034,4402,2692
2021-04-05,76105,5584,3572,2097
2021-04-05,76106,9418,5890,3614
2021-04-05,76107,19498,12129,8098
2021-04-05,76108,16860,10827,6242
2021-04-05,76109,16443,10164,6808
2021-04-05,76110,12339,7746,4721
2021-04-05,76111,6861,4394,2551
2021-04-05,76112,14742,9151,5754
2021-04-05,76113,55,38,17
2021-04-05,76114,9093,5814,3407
2021-04-05,76115,5198,3402,1847
2021-04-05,76116,21736,12996,8909
2021-04-05,76117,8797,5760,3174
2021-04-05,76118,7284,4627,2774
2021-04-05,76119,11931,7701,4350
2021-04-05,76120,6186,4011,2271
2021-04-05,76121,109,73,36
2021-04-05,76122,12,9,NA
2021-04-05,76123,16344,10541,6014
2021-04-05,76124,126,76,53
2021-04-05,76126,14848,9190,5821
2021-04-05,76127,28,19,9
2021-04-05,76129,302,259,107
2021-04-05,76130,22,15,7
2021-04-05,76131,16936,11377,5810
2021-04-05,76132,15086,9213,6015
2021-04-05,76133,22603,13983,8834
2021-04-05,76134,9600,6021,3669
2021-04-05,76135,7304,4754,2660
2021-04-05,76136,101,67,35
2021-04-05,76137,21266,14384,7183
2021-04-05,76140,9531,6167,3484
2021-04-05,76147,122,77,47
2021-04-05,76148,8491,5787,2823
2021-04-05,76150,16,10,NA
2021-04-05,76155,1631,1169,486
2021-04-05,76161,120,78,43
2021-04-05,76162,166,103,66
2021-04-05,76163,77,48,29
2021-04-05,76164,4842,2993,1884
2021-04-05,76166,NA,NA,NA
2021-04-05,76177,8156,5458,2840
2021-04-05,76179,23988,15764,8535
2021-04-05,76180,15878,9999,6121
2021-04-05,76181,19,13,NA
2021-04-05,76182,16904,10717,6425
2021-04-05,76185,133,76,57
2021-04-05,76192,NA,NA,NA
2021-04-05,76193,NA,NA,NA
2021-04-05,76195,NA,NA,NA
2021-04-05,76196,415,293,122
2021-04-05,76197,NA,NA,NA
2021-04-05,76198,NA,NA,NA
2021-04-05,76199,NA,NA,NA
2021-04-05,76201,10245,7082,3330
2021-04-05,76202,163,96,74
2021-04-05,76203,126,106,20
2021-04-05,76204,63,47,35
2021-04-05,76205,8470,5589,3025
2021-04-05,76206,86,57,32
2021-04-05,76207,11425,6711,4837
2021-04-05,76208,11931,7677,4532
2021-04-05,76209,11821,7540,4501
2021-04-05,76210,23147,14868,8668
2021-04-05,76225,1006,599,438
2021-04-05,76226,19890,12716,7504
2021-04-05,76227,18565,12272,6727
2021-04-05,76228,498,283,223
2021-04-05,76230,3241,2051,1319
2021-04-05,76233,1090,715,478
2021-04-05,76234,7431,4441,3211
2021-04-05,76238,192,118,81
2021-04-05,76239,419,253,178
2021-04-05,76240,8857,5612,3453
2021-04-05,76241,203,124,88
2021-04-05,76244,29730,20239,9945
2021-04-05,76245,817,569,370
2021-04-05,76246,37,26,11
2021-04-05,76247,6797,4494,2404
2021-04-05,76248,23402,15164,8603
2021-04-05,76249,3628,2304,1390
2021-04-05,76250,451,267,195
2021-04-05,76251,297,189,118
2021-04-05,76252,1091,686,423
2021-04-05,76253,44,31,14
2021-04-05,76255,2461,1497,1044
2021-04-05,76258,2966,1838,1203
2021-04-05,76259,2014,1287,763
2021-04-05,76261,81,48,36
2021-04-05,76262,20922,13569,7664
2021-04-05,76263,30,19,11
2021-04-05,76264,454,317,211
2021-04-05,76265,510,314,209
2021-04-05,76266,6015,3781,2426
2021-04-05,76267,55,33,22
2021-04-05,76268,55,38,26
2021-04-05,76270,864,529,365
2021-04-05,76271,562,371,217
2021-04-05,76272,1661,1070,618
2021-04-05,76273,2928,1994,1330
2021-04-05,76301,5123,3302,2129
2021-04-05,76302,5125,3217,2163
2021-04-05,76305,2253,1335,1025
2021-04-05,76306,4857,3088,2020
2021-04-05,76307,177,105,76
2021-04-05,76308,10353,6284,4440
2021-04-05,76309,5744,3549,2436
2021-04-05,76310,10296,6282,4474
2021-04-05,76311,297,197,115
2021-04-05,76351,894,544,374
2021-04-05,76352,21,12,9
2021-04-05,76354,4789,2994,2050
2021-04-05,76357,299,169,136
2021-04-05,76360,1581,910,791
2021-04-05,76363,112,67,51
2021-04-05,76364,73,43,40
2021-04-05,76365,2753,1486,1307
2021-04-05,76366,998,611,414
2021-04-05,76367,4405,2702,2000
2021-04-05,76369,62,37,30
2021-04-05,76370,120,71,59
2021-04-05,76371,823,465,395
2021-04-05,76372,275,176,128
2021-04-05,76373,86,48,45
2021-04-05,76374,1761,1086,897
2021-04-05,76377,285,156,131
2021-04-05,76379,227,139,97
2021-04-05,76380,1966,1084,950
2021-04-05,76384,6795,4095,3389
2021-04-05,76385,209,116,107
2021-04-05,76388,117,68,51
2021-04-05,76389,589,363,269
2021-04-05,76401,10203,6547,3970
2021-04-05,76402,64,56,11
2021-04-05,76424,2618,1743,1139
2021-04-05,76426,3813,2359,1699
2021-04-05,76427,185,108,84
2021-04-05,76429,64,41,24
2021-04-05,76430,1047,669,404
2021-04-05,76431,1085,661,483
2021-04-05,76432,460,300,222
2021-04-05,76433,833,517,336
2021-04-05,76435,303,188,131
2021-04-05,76436,90,62,33
2021-04-05,76437,1859,1208,830
2021-04-05,76439,75,45,30
2021-04-05,76442,3610,2150,1727
2021-04-05,76443,562,384,205
2021-04-05,76444,1761,1045,796
2021-04-05,76445,175,103,77
2021-04-05,76446,2936,1907,1179
2021-04-05,76448,2808,1724,1262
2021-04-05,76449,1093,679,517
2021-04-05,76450,5256,3385,2175
2021-04-05,76452,18,13,10
2021-04-05,76453,753,456,320
2021-04-05,76454,487,310,208
2021-04-05,76455,395,261,167
2021-04-05,76457,1509,988,584
2021-04-05,76458,2196,1276,1003
2021-04-05,76459,64,37,30
2021-04-05,76460,132,83,57
2021-04-05,76461,28,15,15
2021-04-05,76462,1086,705,405
2021-04-05,76463,166,94,74
2021-04-05,76464,166,107,65
2021-04-05,76465,69,43,28
2021-04-05,76466,78,53,33
2021-04-05,76467,23,15,9
2021-04-05,76468,85,53,37
2021-04-05,76469,44,32,16
2021-04-05,76470,886,585,384
2021-04-05,76471,477,305,206
2021-04-05,76472,557,348,230
2021-04-05,76474,121,75,53
2021-04-05,76475,307,194,124
2021-04-05,76476,988,644,355
2021-04-05,76481,56,38,27
2021-04-05,76483,651,360,297
2021-04-05,76484,409,250,176
2021-04-05,76485,43,23,20
2021-04-05,76486,450,270,189
2021-04-05,76487,882,550,372
2021-04-05,76490,67,41,26
2021-04-05,76491,238,132,108
2021-04-05,76501,5243,3387,2169
2021-04-05,76502,20884,12816,8889
2021-04-05,76503,286,186,111
2021-04-05,76504,7229,4629,2917
2021-04-05,76505,14,10,NA
2021-04-05,76508,12,8,NA
2021-04-05,76511,753,516,283
2021-04-05,76513,15472,9668,6440
2021-04-05,76518,390,255,144
2021-04-05,76519,185,124,71
2021-04-05,76520,3199,2067,1207
2021-04-05,76522,8017,5247,3032
2021-04-05,76523,28,21,12
2021-04-05,76524,938,613,383
2021-04-05,76525,454,288,196
2021-04-05,76526,33,20,14
2021-04-05,76527,1267,904,414
2021-04-05,76528,7143,4358,2945
2021-04-05,76530,1040,724,346
2021-04-05,76531,2508,1700,1126
2021-04-05,76533,44,26,19
2021-04-05,76534,819,520,342
2021-04-05,76537,2626,1888,851
2021-04-05,76538,369,220,162
2021-04-05,76539,2227,1470,863
2021-04-05,76540,62,46,23
2021-04-05,76541,2507,1683,928
2021-04-05,76542,9024,5986,3412
2021-04-05,76543,4511,2989,1727
2021-04-05,76544,323,229,106
2021-04-05,76547,98,67,31
2021-04-05,76548,6693,4345,2636
2021-04-05,76549,7196,4863,2651
2021-04-05,76550,4303,2904,1568
2021-04-05,76554,611,402,254
2021-04-05,76556,583,387,212
2021-04-05,76557,1575,1040,655
2021-04-05,76558,20,13,8
2021-04-05,76559,1247,814,481
2021-04-05,76561,443,287,179
2021-04-05,76564,29,21,12
2021-04-05,76565,60,40,24
2021-04-05,76566,189,115,84
2021-04-05,76567,3541,2369,1230
2021-04-05,76569,779,499,322
2021-04-05,76570,848,562,304
2021-04-05,76571,4744,2880,1991
2021-04-05,76573,32,22,13
2021-04-05,76574,7841,5462,2705
2021-04-05,76577,1170,799,416
2021-04-05,76578,597,419,205
2021-04-05,76579,1562,1020,652
2021-04-05,76596,NA,NA,NA
2021-04-05,76597,49,42,7
2021-04-05,76598,NA,NA,NA
2021-04-05,76599,NA,NA,NA
2021-04-05,76621,477,317,194
2021-04-05,76622,374,248,142
2021-04-05,76623,111,74,48
2021-04-05,76624,830,554,340
2021-04-05,76626,693,397,301
2021-04-05,76627,380,256,162
2021-04-05,76628,26,17,9
2021-04-05,76629,755,476,310
2021-04-05,76630,609,408,245
2021-04-05,76631,169,113,74
2021-04-05,76632,559,365,212
2021-04-05,76633,2419,1550,958
2021-04-05,76634,3640,2514,1219
2021-04-05,76635,279,197,96
2021-04-05,76636,514,332,207
2021-04-05,76637,238,163,96
2021-04-05,76638,1392,890,571
2021-04-05,76639,644,382,266
2021-04-05,76640,1154,746,490
2021-04-05,76641,619,384,241
2021-04-05,76642,2398,1519,1058
2021-04-05,76643,7171,4676,2908
2021-04-05,76644,108,75,38
2021-04-05,76645,4214,2818,1619
2021-04-05,76648,802,533,311
2021-04-05,76649,313,211,114
2021-04-05,76650,30,19,11
2021-04-05,76651,1088,726,402
2021-04-05,76652,273,193,88
2021-04-05,76653,435,259,195
2021-04-05,76654,68,46,27
2021-04-05,76655,4292,2816,1697
2021-04-05,76656,915,572,378
2021-04-05,76657,4976,3252,1954
2021-04-05,76660,167,117,69
2021-04-05,76661,2394,1533,901
2021-04-05,76664,1012,688,415
2021-04-05,76665,953,673,312
2021-04-05,76666,94,59,40
2021-04-05,76667,3847,2573,1491
2021-04-05,76670,501,330,198
2021-04-05,76671,711,489,265
2021-04-05,76673,350,237,143
2021-04-05,76676,153,104,63
2021-04-05,76678,70,41,32
2021-04-05,76679,554,337,225
2021-04-05,76680,79,47,33
2021-04-05,76681,217,136,85
2021-04-05,76682,1081,687,450
2021-04-05,76684,55,36,28
2021-04-05,76685,41,28,17
2021-04-05,76686,98,61,39
2021-04-05,76687,632,384,291
2021-04-05,76689,1502,1032,532
2021-04-05,76690,384,244,157
2021-04-05,76691,2738,1831,1090
2021-04-05,76692,4476,2974,1955
2021-04-05,76693,477,321,174
2021-04-05,76701,583,407,198
2021-04-05,76702,202,128,87
2021-04-05,76703,105,72,49
2021-04-05,76704,2032,1362,783
2021-04-05,76705,8490,5707,3326
2021-04-05,76706,11930,8604,4181
2021-04-05,76707,4299,2966,1534
2021-04-05,76708,9768,6542,3657
2021-04-05,76710,11235,7223,4415
2021-04-05,76711,2734,1928,988
2021-04-05,76712,16358,10395,6586
2021-04-05,76714,88,53,40
2021-04-05,76715,95,60,41
2021-04-05,76716,NA,NA,NA
2021-04-05,76797,NA,NA,NA
2021-04-05,76798,442,419,105
2021-04-05,76799,10,7,NA
2021-04-05,76801,7938,5557,3973
2021-04-05,76802,1938,1304,976
2021-04-05,76803,64,40,33
2021-04-05,76804,169,114,76
2021-04-05,76820,80,49,32
2021-04-05,76821,2471,1444,1150
2021-04-05,76823,794,547,401
2021-04-05,76824,23,16,9
2021-04-05,76825,2319,1505,886
2021-04-05,76827,144,94,77
2021-04-05,76828,58,38,23
2021-04-05,76831,44,27,18
2021-04-05,76832,149,100,54
2021-04-05,76834,1961,1294,721
2021-04-05,76836,16,10,NA
2021-04-05,76837,723,458,278
2021-04-05,76841,52,32,22
2021-04-05,76842,108,66,49
2021-04-05,76844,1670,1039,677
2021-04-05,76845,56,38,22
2021-04-05,76848,33,20,15
2021-04-05,76849,1914,1159,833
2021-04-05,76852,122,78,53
2021-04-05,76853,463,323,166
2021-04-05,76854,120,81,54
2021-04-05,76855,NA,NA,NA
2021-04-05,76856,2101,1284,866
2021-04-05,76857,619,414,322
2021-04-05,76858,87,58,31
2021-04-05,76859,1220,730,603
2021-04-05,76861,849,500,357
2021-04-05,76862,113,68,48
2021-04-05,76864,359,224,150
2021-04-05,76865,62,36,27
2021-04-05,76866,316,178,143
2021-04-05,76869,83,52,34
2021-04-05,76870,108,69,41
2021-04-05,76871,279,176,116
2021-04-05,76872,293,185,122
2021-04-05,76873,20,15,8
2021-04-05,76874,56,34,22
2021-04-05,76875,400,219,193
2021-04-05,76877,1001,703,313
2021-04-05,76878,468,315,200
2021-04-05,76880,47,28,20
2021-04-05,76882,127,78,52
2021-04-05,76883,NA,NA,NA
2021-04-05,76884,59,35,25
2021-04-05,76885,62,36,26
2021-04-05,76886,54,32,22
2021-04-05,76887,89,51,38
2021-04-05,76888,81,48,39
2021-04-05,76890,316,208,154
2021-04-05,76901,13760,8176,5714
2021-04-05,76902,778,459,320
2021-04-05,76903,12974,7832,5239
2021-04-05,76904,20192,11817,8530
2021-04-05,76905,4769,2852,1961
2021-04-05,76906,495,283,213
2021-04-05,76908,16,9,7
2021-04-05,76909,239,186,59
2021-04-05,76930,49,27,23
2021-04-05,76932,1426,919,703
2021-04-05,76933,594,357,246
2021-04-05,76934,744,414,332
2021-04-05,76935,804,490,325
2021-04-05,76936,1315,779,569
2021-04-05,76937,116,69,55
2021-04-05,76939,85,49,38
2021-04-05,76940,93,54,41
2021-04-05,76941,553,325,232
2021-04-05,76943,1622,920,715
2021-04-05,76945,777,488,291
2021-04-05,76949,NA,NA,NA
2021-04-05,76950,1583,1102,493
2021-04-05,76951,516,320,197
2021-04-05,76953,40,25,15
2021-04-05,76955,57,36,27
2021-04-05,76957,225,126,101
2021-04-05,76958,158,96,62
2021-04-05,77001,292,192,106
2021-04-05,77002,6982,5220,2531
2021-04-05,77003,5708,3912,2003
2021-04-05,77004,16756,10757,6289
2021-04-05,77005,25533,15428,10483
2021-04-05,77006,18199,11904,6694
2021-04-05,77007,28626,19687,9780
2021-04-05,77008,29548,19798,10418
2021-04-05,77009,19207,12763,6854
2021-04-05,77010,535,362,182
2021-04-05,77011,7206,4687,2659
2021-04-05,77012,5816,3765,2177
2021-04-05,77013,4677,3176,1589
2021-04-05,77014,10123,6776,3625
2021-04-05,77015,17675,11598,6345
2021-04-05,77016,9914,6417,3730
2021-04-05,77017,11117,7494,3867
2021-04-05,77018,15906,10607,5720
2021-04-05,77019,18154,11677,6891
2021-04-05,77020,9117,5924,3447
2021-04-05,77021,11400,7289,4417
2021-04-05,77022,9718,6428,3626
2021-04-05,77023,11488,7498,4276
2021-04-05,77024,41468,25526,16518
2021-04-05,77025,20536,12770,8118
2021-04-05,77026,6636,4292,2515
2021-04-05,77027,14565,9522,5375
2021-04-05,77028,5824,3758,2187
2021-04-05,77029,6626,4336,2504
2021-04-05,77030,26984,16032,11139
2021-04-05,77031,6255,4076,2305
2021-04-05,77032,2705,1885,920
2021-04-05,77033,9952,6439,3835
2021-04-05,77034,11489,7812,3944
2021-04-05,77035,15181,9786,5698
2021-04-05,77036,18900,12664,6816
2021-04-05,77037,5026,3361,1753
2021-04-05,77038,8100,5531,2807
2021-04-05,77039,7180,4788,2573
2021-04-05,77040,17977,12154,6294
2021-04-05,77041,17287,11755,5903
2021-04-05,77042,14646,9853,5177
2021-04-05,77043,11661,7945,4020
2021-04-05,77044,17789,12427,5786
2021-04-05,77045,13647,8851,5104
2021-04-05,77046,1600,1053,587
2021-04-05,77047,12813,8333,4854
2021-04-05,77048,7467,4796,2892
2021-04-05,77049,12086,8351,3994
2021-04-05,77050,1380,923,497
2021-04-05,77051,5796,3784,2206
2021-04-05,77052,106,71,41
2021-04-05,77053,10948,7269,3936
2021-04-05,77054,14037,8864,5461
2021-04-05,77055,18550,12406,6620
2021-04-05,77056,22074,14629,7880
2021-04-05,77057,20805,13661,7717
2021-04-05,77058,8302,5410,3048
2021-04-05,77059,14571,9231,5573
2021-04-05,77060,6526,4637,2137
2021-04-05,77061,7176,4856,2526
2021-04-05,77062,15309,9811,5748
2021-04-05,77063,14624,9827,5157
2021-04-05,77064,19485,13250,6685
2021-04-05,77065,14744,10014,5120
2021-04-05,77066,12959,8772,4599
2021-04-05,77067,7687,5270,2647
2021-04-05,77068,5163,3293,1999
2021-04-05,77069,10007,6254,3933
2021-04-05,77070,21103,14196,7436
2021-04-05,77071,13229,8441,5074
2021-04-05,77072,20858,14190,7281
2021-04-05,77073,10676,7539,3514
2021-04-05,77074,12714,8410,4553
2021-04-05,77075,14070,9528,4988
2021-04-05,77076,8298,5705,2807
2021-04-05,77077,31559,20835,11532
2021-04-05,77078,4333,2876,1574
2021-04-05,77079,19989,13210,7317
2021-04-05,77080,15017,10161,5304
2021-04-05,77081,10469,7276,3443
2021-04-05,77082,22884,15173,8311
2021-04-05,77083,34149,22891,12202
2021-04-05,77084,38858,27019,12878
2021-04-05,77085,7167,4730,2599
2021-04-05,77086,8385,5642,2954
2021-04-05,77087,14059,9071,5400
2021-04-05,77088,17480,11658,6314
2021-04-05,77089,31083,20200,11723
2021-04-05,77090,9125,6064,3335
2021-04-05,77091,8456,5459,3205
2021-04-05,77092,11079,7452,3930
2021-04-05,77093,12191,8104,4389
2021-04-05,77094,7030,4665,2566
2021-04-05,77095,32311,21939,11143
2021-04-05,77096,21073,13023,8438
2021-04-05,77098,12774,8248,4783
2021-04-05,77099,17273,11442,6206
2021-04-05,77201,NA,NA,NA
2021-04-05,77202,NA,NA,NA
2021-04-05,77203,NA,NA,NA
2021-04-05,77204,204,154,52
2021-04-05,77205,94,63,32
2021-04-05,77206,35,21,14
2021-04-05,77207,90,56,35
2021-04-05,77208,11,7,NA
2021-04-05,77209,NA,NA,NA
2021-04-05,77210,41,33,10
2021-04-05,77213,39,25,16
2021-04-05,77215,45,27,19
2021-04-05,77216,NA,NA,NA
2021-04-05,77217,19,13,NA
2021-04-05,77218,29,18,11
2021-04-05,77219,204,121,85
2021-04-05,77220,41,29,14
2021-04-05,77221,69,42,28
2021-04-05,77222,16,11,NA
2021-04-05,77223,50,30,22
2021-04-05,77224,82,49,35
2021-04-05,77225,101,59,44
2021-04-05,77226,46,29,18
2021-04-05,77227,171,103,70
2021-04-05,77228,59,39,22
2021-04-05,77229,56,35,21
2021-04-05,77230,158,96,62
2021-04-05,77231,145,86,62
2021-04-05,77233,91,60,33
2021-04-05,77234,57,38,19
2021-04-05,77235,72,45,31
2021-04-05,77236,26,18,9
2021-04-05,77237,17,13,NA
2021-04-05,77238,70,44,28
2021-04-05,77240,47,28,19
2021-04-05,77241,36,24,15
2021-04-05,77242,120,75,48
2021-04-05,77243,28,17,11
2021-04-05,77244,56,39,19
2021-04-05,77245,124,82,47
2021-04-05,77248,32,20,12
2021-04-05,77249,90,54,36
2021-04-05,77251,44,27,18
2021-04-05,77252,32,21,13
2021-04-05,77253,37,21,16
2021-04-05,77254,138,82,57
2021-04-05,77255,76,46,33
2021-04-05,77256,52,31,22
2021-04-05,77257,114,73,42
2021-04-05,77258,94,55,39
2021-04-05,77259,72,49,23
2021-04-05,77261,14,10,NA
2021-04-05,77262,NA,NA,NA
2021-04-05,77263,50,32,18
2021-04-05,77265,82,47,37
2021-04-05,77266,169,98,71
2021-04-05,77267,98,59,40
2021-04-05,77268,130,81,51
2021-04-05,77269,104,64,42
2021-04-05,77270,92,53,41
2021-04-05,77271,95,61,38
2021-04-05,77272,93,58,38
2021-04-05,77273,24,16,9
2021-04-05,77274,57,33,25
2021-04-05,77275,64,45,20
2021-04-05,77277,150,90,64
2021-04-05,77279,44,29,16
2021-04-05,77280,32,21,12
2021-04-05,77282,65,38,27
2021-04-05,77284,81,49,32
2021-04-05,77287,23,16,7
2021-04-05,77288,55,38,20
2021-04-05,77289,61,40,24
2021-04-05,77290,58,36,23
2021-04-05,77291,30,19,12
2021-04-05,77292,78,49,29
2021-04-05,77293,115,69,47
2021-04-05,77301,6756,4759,2260
2021-04-05,77302,4972,3342,1756
2021-04-05,77303,3913,2784,1241
2021-04-05,77304,13196,8621,4858
2021-04-05,77305,273,180,102
2021-04-05,77306,2011,1465,601
2021-04-05,77315,23,13,10
2021-04-05,77316,10174,6585,3765
2021-04-05,77318,5776,3757,2161
2021-04-05,77320,8620,5789,3264
2021-04-05,77325,160,108,54
2021-04-05,77326,43,30,14
2021-04-05,77327,5493,3783,1970
2021-04-05,77328,3360,2264,1237
2021-04-05,77331,3105,1986,1379
2021-04-05,77332,11,8,NA
2021-04-05,77333,77,47,32
2021-04-05,77334,94,64,35
2021-04-05,77335,596,395,217
2021-04-05,77336,3953,2706,1342
2021-04-05,77337,15,14,NA
2021-04-05,77338,11860,8300,3944
2021-04-05,77339,19290,12636,7133
2021-04-05,77340,10000,6706,3793
2021-04-05,77341,18,14,NA
2021-04-05,77342,416,273,155
2021-04-05,77343,45,42,NA
2021-04-05,77344,20,14,NA
2021-04-05,77345,15561,10163,5747
2021-04-05,77346,28542,19672,9736
2021-04-05,77347,186,123,69
2021-04-05,77348,20,14,7
2021-04-05,77349,14,13,NA
2021-04-05,77350,103,61,43
2021-04-05,77351,10659,6702,4271
2021-04-05,77353,172,116,58
2021-04-05,77354,12407,8394,4361
2021-04-05,77355,8253,5534,2938
2021-04-05,77356,16325,10240,6294
2021-04-05,77357,5688,4012,1864
2021-04-05,77358,1761,1246,717
2021-04-05,77359,289,195,111
2021-04-05,77360,1936,1222,784
2021-04-05,77362,1969,1295,720
2021-04-05,77363,1028,689,374
2021-04-05,77364,1193,785,488
2021-04-05,77365,11644,8093,3917
2021-04-05,77367,222,154,76
2021-04-05,77368,85,53,37
2021-04-05,77369,194,127,75
2021-04-05,77371,1354,897,536
2021-04-05,77372,2156,1530,691
2021-04-05,77373,18588,12806,6462
2021-04-05,77374,111,66,45
2021-04-05,77375,24774,17017,8487
2021-04-05,77376,85,55,30
2021-04-05,77377,16616,11117,6021
2021-04-05,77378,3949,2710,1410
2021-04-05,77379,40197,26324,14876
2021-04-05,77380,18467,11871,6892
2021-04-05,77381,22059,14336,8139
2021-04-05,77382,23982,16249,8216
2021-04-05,77383,212,140,76
2021-04-05,77384,12276,7973,4539
2021-04-05,77385,9496,6413,3339
2021-04-05,77386,22028,15150,7504
2021-04-05,77387,197,131,74
2021-04-05,77388,20955,14006,7579
2021-04-05,77389,20969,14266,7237
2021-04-05,77391,90,56,35
2021-04-05,77393,175,112,69
2021-04-05,77396,17942,12503,5968
2021-04-05,77399,2121,1331,855
2021-04-05,77401,16928,10110,7096
2021-04-05,77402,231,140,97
2021-04-05,77404,338,216,135
2021-04-05,77406,29463,19148,11042
2021-04-05,77407,38417,25365,14106
2021-04-05,77410,215,139,80
2021-04-05,77411,110,71,45
2021-04-05,77412,119,77,50
2021-04-05,77413,65,44,23
2021-04-05,77414,7979,5665,2513
2021-04-05,77415,102,63,40
2021-04-05,77417,733,494,263
2021-04-05,77418,4288,2732,1708
2021-04-05,77419,410,296,123
2021-04-05,77420,712,491,276
2021-04-05,77422,4429,2838,1732
2021-04-05,77423,5337,3697,1807
2021-04-05,77426,1059,674,414
2021-04-05,77428,49,38,12
2021-04-05,77429,38488,26143,13531
2021-04-05,77430,839,529,334
2021-04-05,77431,7,NA,NA
2021-04-05,77432,85,60,32
2021-04-05,77433,46350,32353,15404
2021-04-05,77434,1989,1422,829
2021-04-05,77435,1894,1291,742
2021-04-05,77436,84,62,27
2021-04-05,77437,5229,3774,2018
2021-04-05,77440,77,52,26
2021-04-05,77441,12504,8209,4646
2021-04-05,77442,368,242,169
2021-04-05,77443,157,113,51
2021-04-05,77444,281,178,107
2021-04-05,77445,4045,2779,1505
2021-04-05,77446,461,331,153
2021-04-05,77447,5635,3975,1875
2021-04-05,77448,299,192,124
2021-04-05,77449,40468,28528,13327
2021-04-05,77450,36496,24267,13163
2021-04-05,77451,309,204,113
2021-04-05,77452,72,47,28
2021-04-05,77453,116,91,37
2021-04-05,77454,112,83,41
2021-04-05,77455,480,354,186
2021-04-05,77456,447,321,139
2021-04-05,77457,281,179,109
2021-04-05,77458,113,79,38
2021-04-05,77459,54938,34391,21650
2021-04-05,77460,75,54,31
2021-04-05,77461,4084,2678,1509
2021-04-05,77463,17,13,NA
2021-04-05,77464,235,160,88
2021-04-05,77465,2246,1657,637
2021-04-05,77466,257,162,104
2021-04-05,77467,36,29,9
2021-04-05,77468,89,64,29
2021-04-05,77469,29846,19361,11150
2021-04-05,77470,284,201,85
2021-04-05,77471,15354,10268,5543
2021-04-05,77473,118,81,47
2021-04-05,77474,4301,2908,1748
2021-04-05,77475,361,242,157
2021-04-05,77476,312,195,129
2021-04-05,77477,16009,10456,5925
2021-04-05,77478,21301,13297,8345
2021-04-05,77479,74601,46600,29363
2021-04-05,77480,2743,1715,1107
2021-04-05,77481,113,71,42
2021-04-05,77482,751,521,246
2021-04-05,77483,130,98,38
2021-04-05,77484,4064,2814,1433
2021-04-05,77485,1151,783,458
2021-04-05,77486,2945,1832,1226
2021-04-05,77487,209,126,88
2021-04-05,77488,5268,3625,1927
2021-04-05,77489,17720,11401,6779
2021-04-05,77491,94,58,36
2021-04-05,77492,148,99,54
2021-04-05,77493,20300,14129,6930
2021-04-05,77494,69228,46909,24198
2021-04-05,77496,282,177,113
2021-04-05,77497,230,151,86
2021-04-05,77498,29422,19036,11046
2021-04-05,77501,64,42,24
2021-04-05,77502,12242,8102,4616
2021-04-05,77503,7817,5103,2957
2021-04-05,77504,8238,5336,3096
2021-04-05,77505,10326,6793,3764
2021-04-05,77506,8841,5914,3312
2021-04-05,77507,203,139,67
2021-04-05,77508,108,71,41
2021-04-05,77510,5897,3592,2382
2021-04-05,77511,15557,10180,5973
2021-04-05,77512,420,259,176
2021-04-05,77514,1906,1296,635
2021-04-05,77515,11220,7189,4339
2021-04-05,77516,476,296,193
2021-04-05,77517,2279,1409,906
2021-04-05,77518,3061,1998,1137
2021-04-05,77519,191,121,77
2021-04-05,77520,11095,7552,3706
2021-04-05,77521,20200,13687,6849
2021-04-05,77522,440,280,164
2021-04-05,77523,8196,5770,2533
2021-04-05,77530,9098,6421,2895
2021-04-05,77531,4655,3164,1643
2021-04-05,77532,10207,6908,3453
2021-04-05,77533,185,123,71
2021-04-05,77534,1000,632,396
2021-04-05,77535,8370,5802,2816
2021-04-05,77536,12941,8557,4749
2021-04-05,77538,309,196,126
2021-04-05,77539,18978,12139,7197
2021-04-05,77541,4665,3140,1661
2021-04-05,77542,94,61,35
2021-04-05,77545,9975,6608,3610
2021-04-05,77546,31044,19703,11954
2021-04-05,77547,3122,2144,1026
2021-04-05,77549,293,173,122
2021-04-05,77550,14618,8756,6079
2021-04-05,77551,11482,6895,4720
2021-04-05,77552,396,232,168
2021-04-05,77553,352,209,152
2021-04-05,77554,7827,4617,3270
2021-04-05,77555,74,44,31
2021-04-05,77560,330,235,98
2021-04-05,77561,308,200,122
2021-04-05,77562,3461,2324,1191
2021-04-05,77563,4397,2725,1741
2021-04-05,77564,444,297,170
2021-04-05,77565,4366,2702,1720
2021-04-05,77566,13475,8699,5125
2021-04-05,77568,8988,5650,3487
2021-04-05,77571,13820,9203,4966
2021-04-05,77572,137,87,54
2021-04-05,77573,52302,33065,20139
2021-04-05,77574,329,194,137
2021-04-05,77575,4571,2991,1712
2021-04-05,77577,467,300,185
2021-04-05,77578,13243,8479,5147
2021-04-05,77580,461,282,183
2021-04-05,77581,25300,16021,10030
2021-04-05,77582,218,138,88
2021-04-05,77583,15200,10179,5509
2021-04-05,77584,54367,34089,21693
2021-04-05,77585,198,133,70
2021-04-05,77586,11735,7510,4471
2021-04-05,77587,5358,3521,2082
2021-04-05,77588,218,134,89
2021-04-05,77590,11836,7623,4400
2021-04-05,77591,7238,4520,2839
2021-04-05,77592,286,177,111
2021-04-05,77597,268,192,82
2021-04-05,77598,8495,5805,2859
2021-04-05,77611,2689,1714,1035
2021-04-05,77612,2657,1575,1140
2021-04-05,77613,465,319,152
2021-04-05,77614,243,147,97
2021-04-05,77615,340,202,144
2021-04-05,77616,259,153,108
2021-04-05,77617,91,56,35
2021-04-05,77619,4787,3378,1442
2021-04-05,77622,501,314,193
2021-04-05,77623,157,110,56
2021-04-05,77624,331,207,126
2021-04-05,77625,2878,1774,1142
2021-04-05,77626,248,158,94
2021-04-05,77627,8188,5462,2769
2021-04-05,77629,292,191,108
2021-04-05,77630,7784,5069,2940
2021-04-05,77631,101,64,38
2021-04-05,77632,6761,4252,2685
2021-04-05,77639,75,50,26
2021-04-05,77640,6476,4299,2200
2021-04-05,77641,74,45,29
2021-04-05,77642,11601,8270,3388
2021-04-05,77643,22,14,8
2021-04-05,77650,1586,971,640
2021-04-05,77651,5101,3351,1788
2021-04-05,77655,106,83,27
2021-04-05,77656,5268,3236,2114
2021-04-05,77657,8095,4863,3326
2021-04-05,77659,1850,1126,796
2021-04-05,77660,372,223,167
2021-04-05,77661,243,163,88
2021-04-05,77662,6107,3910,2450
2021-04-05,77663,844,504,341
2021-04-05,77664,955,564,403
2021-04-05,77665,2352,1564,849
2021-04-05,77670,248,152,104
2021-04-05,77701,3964,2811,1181
2021-04-05,77702,1056,706,355
2021-04-05,77703,3347,2468,897
2021-04-05,77704,66,44,25
2021-04-05,77705,8034,5481,2613
2021-04-05,77706,15398,9821,5663
2021-04-05,77707,7270,4790,2523
2021-04-05,77708,4289,2869,1455
2021-04-05,77709,7,NA,NA
2021-04-05,77710,9,8,NA
2021-04-05,77713,6052,4037,2139
2021-04-05,77720,128,77,52
2021-04-05,77725,35,23,12
2021-04-05,77726,206,127,81
2021-04-05,77801,3851,2938,1063
2021-04-05,77802,14346,9276,5533
2021-04-05,77803,8396,5937,2972
2021-04-05,77805,329,210,140
2021-04-05,77806,116,85,47
2021-04-05,77807,5199,3500,1900
2021-04-05,77808,7510,4835,2923
2021-04-05,77830,1267,827,498
2021-04-05,77831,1135,739,453
2021-04-05,77833,13117,8360,4972
2021-04-05,77834,466,297,179
2021-04-05,77835,1377,883,516
2021-04-05,77836,4592,2946,1914
2021-04-05,77837,578,366,242
2021-04-05,77838,24,19,9
2021-04-05,77840,14275,11081,3639
2021-04-05,77841,92,70,32
2021-04-05,77842,240,151,106
2021-04-05,77843,74,62,15
2021-04-05,77844,14,11,NA
2021-04-05,77845,36373,24094,13387
2021-04-05,77850,17,9,8
2021-04-05,77852,49,33,19
2021-04-05,77853,407,291,142
2021-04-05,77855,102,64,48
2021-04-05,77856,1842,1203,804
2021-04-05,77857,393,257,154
2021-04-05,77859,2606,1761,1036
2021-04-05,77861,1262,804,511
2021-04-05,77862,26,16,11
2021-04-05,77863,141,85,64
2021-04-05,77864,2344,1662,870
2021-04-05,77865,574,384,227
2021-04-05,77866,145,94,62
2021-04-05,77867,NA,NA,NA
2021-04-05,77868,5866,4069,2106
2021-04-05,77870,82,52,38
2021-04-05,77871,1585,1019,649
2021-04-05,77872,620,404,259
2021-04-05,77873,477,316,182
2021-04-05,77875,15,10,7
2021-04-05,77876,80,52,38
2021-04-05,77878,292,192,122
2021-04-05,77879,2280,1424,910
2021-04-05,77880,934,616,351
2021-04-05,77881,87,57,34
2021-04-05,77882,100,61,42
2021-04-05,77901,12875,8723,4363
2021-04-05,77902,182,114,70
2021-04-05,77903,289,170,123
2021-04-05,77904,14119,8868,5498
2021-04-05,77905,6015,3918,2206
2021-04-05,77950,123,83,42
2021-04-05,77951,548,397,165
2021-04-05,77954,4121,2612,1551
2021-04-05,77957,3352,2102,1324
2021-04-05,77960,40,23,17
2021-04-05,77961,39,27,13
2021-04-05,77962,1477,896,608
2021-04-05,77963,2556,1519,1066
2021-04-05,77964,3781,2298,1684
2021-04-05,77967,8,NA,NA
2021-04-05,77968,1246,799,485
2021-04-05,77969,47,35,12
2021-04-05,77970,118,74,49
2021-04-05,77971,342,216,133
2021-04-05,77973,13,11,NA
2021-04-05,77974,141,95,51
2021-04-05,77975,744,479,344
2021-04-05,77976,79,48,33
2021-04-05,77977,223,162,69
2021-04-05,77978,228,162,86
2021-04-05,77979,6543,4663,2429
2021-04-05,77982,576,392,226
2021-04-05,77983,687,480,255
2021-04-05,77984,2058,1301,913
2021-04-05,77986,25,18,8
2021-04-05,77987,68,49,28
2021-04-05,77988,174,113,68
2021-04-05,77989,36,24,15
2021-04-05,77990,296,203,97
2021-04-05,77991,147,93,60
2021-04-05,77993,32,20,14
2021-04-05,77994,161,108,60
2021-04-05,77995,3114,2092,1200
2021-04-05,78001,14,8,NA
2021-04-05,78002,2970,1979,1075
2021-04-05,78003,3492,2431,1303
2021-04-05,78004,306,192,124
2021-04-05,78005,368,225,153
2021-04-05,78006,20590,13387,8002
2021-04-05,78007,72,44,30
2021-04-05,78008,129,86,47
2021-04-05,78009,4383,2815,1907
2021-04-05,78010,813,563,291
2021-04-05,78011,545,381,186
2021-04-05,78012,115,83,35
2021-04-05,78013,2265,1447,912
2021-04-05,78014,3683,2115,1716
2021-04-05,78015,12028,7432,4856
2021-04-05,78016,3924,2630,1591
2021-04-05,78017,1562,1009,700
2021-04-05,78019,1017,622,402
2021-04-05,78021,58,39,21
2021-04-05,78022,2076,1248,854
2021-04-05,78023,17918,11159,6969
2021-04-05,78024,832,548,290
2021-04-05,78025,1601,1074,562
2021-04-05,78026,1861,1239,681
2021-04-05,78027,204,138,77
2021-04-05,78028,16672,10891,6074
2021-04-05,78029,265,164,110
2021-04-05,78039,789,526,305
2021-04-05,78040,17926,12492,6232
2021-04-05,78041,33295,21635,12755
2021-04-05,78042,154,108,52
2021-04-05,78043,20609,14113,7357
2021-04-05,78044,460,337,225
2021-04-05,78045,51044,33249,19341
2021-04-05,78046,29885,21287,10034
2021-04-05,78049,15,12,NA
2021-04-05,78050,233,164,81
2021-04-05,78052,2769,1849,1064
2021-04-05,78054,132,92,43
2021-04-05,78055,591,394,223
2021-04-05,78056,1205,748,496
2021-04-05,78057,449,299,191
2021-04-05,78058,464,336,138
2021-04-05,78059,2280,1468,913
2021-04-05,78060,35,21,14
2021-04-05,78061,4454,2871,2011
2021-04-05,78062,13,8,NA
2021-04-05,78063,3513,2345,1271
2021-04-05,78064,5103,3384,1898
2021-04-05,78065,3702,2526,1260
2021-04-05,78066,408,257,182
2021-04-05,78067,468,304,196
2021-04-05,78069,1846,1226,656
2021-04-05,78070,8495,5479,3332
2021-04-05,78071,1388,832,575
2021-04-05,78072,287,177,134
2021-04-05,78073,2976,1980,1058
2021-04-05,78074,92,55,40
2021-04-05,78075,56,38,18
2021-04-05,78076,7467,4923,3005
2021-04-05,78101,3454,2224,1355
2021-04-05,78102,12132,6791,5446
2021-04-05,78104,620,348,278
2021-04-05,78107,203,119,85
2021-04-05,78108,14246,9107,5772
2021-04-05,78109,14156,9352,5186
2021-04-05,78111,NA,NA,NA
2021-04-05,78112,2823,1847,1026
2021-04-05,78113,1065,679,478
2021-04-05,78114,8879,5873,3504
2021-04-05,78115,36,21,17
2021-04-05,78116,138,83,64
2021-04-05,78117,252,168,125
2021-04-05,78118,1897,1224,913
2021-04-05,78119,2316,1530,1094
2021-04-05,78121,5091,3324,2008
2021-04-05,78122,179,127,74
2021-04-05,78123,960,630,418
2021-04-05,78124,2329,1523,995
2021-04-05,78125,81,47,35
2021-04-05,78130,30465,20326,11614
2021-04-05,78131,265,171,104
2021-04-05,78132,16810,10752,6587
2021-04-05,78133,8331,5389,3232
2021-04-05,78135,8,7,NA
2021-04-05,78140,1028,785,416
2021-04-05,78141,333,202,143
2021-04-05,78142,180,105,77
2021-04-05,78143,33,22,11
2021-04-05,78144,23,14,11
2021-04-05,78145,148,93,65
2021-04-05,78146,345,198,154
2021-04-05,78147,871,573,361
2021-04-05,78148,6930,4402,2706
2021-04-05,78150,13,10,NA
2021-04-05,78151,545,358,261
2021-04-05,78152,1400,891,562
2021-04-05,78154,16348,10242,6816
2021-04-05,78155,19592,13045,9004
2021-04-05,78156,238,147,106
2021-04-05,78159,306,233,124
2021-04-05,78160,1609,1128,626
2021-04-05,78161,221,161,92
2021-04-05,78162,212,123,91
2021-04-05,78163,6633,4284,2552
2021-04-05,78164,1489,977,578
2021-04-05,78201,19071,12210,7058
2021-04-05,78202,3685,2438,1315
2021-04-05,78203,2089,1388,755
2021-04-05,78204,5845,3761,2153
2021-04-05,78205,1509,1005,541
2021-04-05,78206,83,50,34
2021-04-05,78207,16378,10867,5950
2021-04-05,78208,1271,837,467
2021-04-05,78209,27115,16723,10721
2021-04-05,78210,15071,9726,5559
2021-04-05,78211,11205,7516,3831
2021-04-05,78212,14846,9368,5663
2021-04-05,78213,18496,11719,6973
2021-04-05,78214,9557,6338,3411
2021-04-05,78215,2149,1399,781
2021-04-05,78216,18592,11805,7039
2021-04-05,78217,12182,7918,4570
2021-04-05,78218,11852,7716,4275
2021-04-05,78219,4519,2947,1659
2021-04-05,78220,5755,3785,2077
2021-04-05,78221,15783,10394,5606
2021-04-05,78222,8525,5541,3127
2021-04-05,78223,21979,14126,8121
2021-04-05,78224,8124,5340,2876
2021-04-05,78225,5648,3678,2021
2021-04-05,78226,2625,1668,980
2021-04-05,78227,14891,9996,5108
2021-04-05,78228,26315,16662,9875
2021-04-05,78229,14326,8842,5638
2021-04-05,78230,26137,16095,10472
2021-04-05,78231,6721,4020,2779
2021-04-05,78232,20149,12563,7861
2021-04-05,78233,16174,10526,5953
2021-04-05,78234,262,181,87
2021-04-05,78235,787,481,317
2021-04-05,78236,124,92,35
2021-04-05,78237,13573,8872,4893
2021-04-05,78238,10684,6865,3963
2021-04-05,78239,10655,7078,3723
2021-04-05,78240,27640,17315,10645
2021-04-05,78241,29,23,8
2021-04-05,78242,9735,6628,3233
2021-04-05,78243,27,22,NA
2021-04-05,78244,9743,6437,3537
2021-04-05,78245,30524,20309,10693
2021-04-05,78246,125,85,43
2021-04-05,78247,22304,14258,8395
2021-04-05,78248,10961,6626,4455
2021-04-05,78249,27714,17473,10590
2021-04-05,78250,26010,16473,9911
2021-04-05,78251,22879,14832,8316
2021-04-05,78252,4512,3047,1555
2021-04-05,78253,28165,17922,10620
2021-04-05,78254,30837,19732,11498
2021-04-05,78255,11441,7049,4535
2021-04-05,78256,7470,4653,2919
2021-04-05,78257,9523,5852,3770
2021-04-05,78258,32518,20568,12373
2021-04-05,78259,14813,9427,5599
2021-04-05,78260,20086,12775,7676
2021-04-05,78261,12193,7820,4596
2021-04-05,78263,2421,1517,956
2021-04-05,78264,4445,2937,1565
2021-04-05,78265,146,93,56
2021-04-05,78266,4032,2493,1625
2021-04-05,78268,119,73,47
2021-04-05,78269,143,97,53
2021-04-05,78270,141,89,53
2021-04-05,78278,220,134,94
2021-04-05,78279,43,28,17
2021-04-05,78280,36,25,11
2021-04-05,78283,112,71,42
2021-04-05,78284,9,7,NA
2021-04-05,78285,NA,NA,NA
2021-04-05,78287,NA,NA,NA
2021-04-05,78288,22,16,NA
2021-04-05,78289,16,10,NA
2021-04-05,78291,25,17,8
2021-04-05,78292,16,11,NA
2021-04-05,78293,10,7,NA
2021-04-05,78294,13,9,NA
2021-04-05,78295,9,NA,NA
2021-04-05,78296,NA,NA,NA
2021-04-05,78297,11,9,NA
2021-04-05,78298,13,8,NA
2021-04-05,78299,13,10,NA
2021-04-05,78330,546,338,223
2021-04-05,78332,16873,9900,7195
2021-04-05,78333,704,400,310
2021-04-05,78335,197,143,73
2021-04-05,78336,4593,3096,1717
2021-04-05,78338,58,32,26
2021-04-05,78339,609,360,252
2021-04-05,78340,212,137,79
2021-04-05,78341,1390,841,634
2021-04-05,78342,342,195,151
2021-04-05,78343,2894,1669,1245
2021-04-05,78344,346,193,153
2021-04-05,78347,31,20,13
2021-04-05,78349,377,235,158
2021-04-05,78350,NA,NA,NA
2021-04-05,78351,410,240,174
2021-04-05,78352,175,109,74
2021-04-05,78353,280,163,117
2021-04-05,78355,4505,2577,1942
2021-04-05,78357,1723,987,767
2021-04-05,78358,1220,792,448
2021-04-05,78359,837,526,337
2021-04-05,78360,17,13,NA
2021-04-05,78361,3740,2202,1551
2021-04-05,78362,3275,2195,1210
2021-04-05,78363,19825,11443,8493
2021-04-05,78364,463,255,210
2021-04-05,78368,4578,2714,1899
2021-04-05,78369,209,124,87
2021-04-05,78370,2508,1570,1004
2021-04-05,78371,152,95,58
2021-04-05,78372,2402,1486,1020
2021-04-05,78373,3454,2086,1403
2021-04-05,78374,8288,5201,3325
2021-04-05,78375,1741,1060,718
2021-04-05,78376,243,158,95
2021-04-05,78377,1807,1222,611
2021-04-05,78379,1420,787,646
2021-04-05,78380,11286,6850,4613
2021-04-05,78381,655,406,261
2021-04-05,78382,11423,7339,4323
2021-04-05,78383,1913,1165,818
2021-04-05,78384,3343,1986,1500
2021-04-05,78385,238,134,105
2021-04-05,78387,4029,2459,1691
2021-04-05,78389,1003,583,429
2021-04-05,78390,2146,1369,871
2021-04-05,78391,169,102,68
2021-04-05,78393,980,658,331
2021-04-05,78401,1761,1196,603
2021-04-05,78402,407,236,177
2021-04-05,78403,128,79,52
2021-04-05,78404,7874,4831,3186
2021-04-05,78405,5663,3629,2165
2021-04-05,78406,414,282,140
2021-04-05,78407,578,371,216
2021-04-05,78408,4187,2673,1608
2021-04-05,78409,1082,669,429
2021-04-05,78410,13551,8287,5436
2021-04-05,78411,15481,9242,6455
2021-04-05,78412,18674,11555,7504
2021-04-05,78413,22548,13475,9379
2021-04-05,78414,29369,17654,12082
2021-04-05,78415,19081,11747,7672
2021-04-05,78416,6698,4218,2639
2021-04-05,78417,1832,1162,720
2021-04-05,78418,16006,9907,6359
2021-04-05,78419,23,19,NA
2021-04-05,78426,95,58,38
2021-04-05,78427,208,125,85
2021-04-05,78460,106,57,50
2021-04-05,78463,85,50,36
2021-04-05,78465,42,27,15
2021-04-05,78466,157,93,69
2021-04-05,78467,86,53,35
2021-04-05,78468,95,55,41
2021-04-05,78469,58,38,21
2021-04-05,78472,NA,NA,NA
2021-04-05,78480,135,83,53
2021-04-05,78501,35077,23161,12684
2021-04-05,78502,665,428,250
2021-04-05,78503,16583,11035,5852
2021-04-05,78504,38326,24197,14861
2021-04-05,78505,180,121,65
2021-04-05,78516,15032,10188,5223
2021-04-05,78520,34493,22676,12990
2021-04-05,78521,41795,27859,15450
2021-04-05,78522,158,102,59
2021-04-05,78523,291,187,112
2021-04-05,78526,31491,20393,12040
2021-04-05,78535,508,332,187
2021-04-05,78536,195,132,74
2021-04-05,78537,16377,11581,5417
2021-04-05,78538,4546,3031,1599
2021-04-05,78539,26776,16927,10315
2021-04-05,78540,1235,813,546
2021-04-05,78541,20147,13395,7153
2021-04-05,78542,28590,19248,9878
2021-04-05,78543,3731,2445,1365
2021-04-05,78545,405,273,163
2021-04-05,78547,841,547,356
2021-04-05,78548,1124,754,466
2021-04-05,78549,352,238,120
2021-04-05,78550,26520,16892,10224
2021-04-05,78551,253,156,105
2021-04-05,78552,19726,12379,7727
2021-04-05,78553,356,217,148
2021-04-05,78557,9003,6416,2801
2021-04-05,78558,668,434,247
2021-04-05,78559,5886,3868,2138
2021-04-05,78560,2608,1834,901
2021-04-05,78561,343,222,124
2021-04-05,78562,1003,679,347
2021-04-05,78563,356,214,154
2021-04-05,78564,127,82,54
2021-04-05,78565,349,248,126
2021-04-05,78566,10002,6618,3634
2021-04-05,78567,267,183,92
2021-04-05,78568,236,149,91
2021-04-05,78569,2558,1525,1062
2021-04-05,78570,12229,8224,4341
2021-04-05,78572,50512,33431,18104
2021-04-05,78573,17816,12143,6070
2021-04-05,78574,22949,15967,7577
2021-04-05,78575,4188,2674,1614
2021-04-05,78576,4254,3057,1346
2021-04-05,78577,37824,26129,12626
2021-04-05,78578,6344,3907,2495
2021-04-05,78579,1217,831,417
2021-04-05,78580,6879,4121,2845
2021-04-05,78582,26530,17498,11288
2021-04-05,78583,3130,2070,1106
2021-04-05,78584,13699,8925,5872
2021-04-05,78585,198,134,73
2021-04-05,78586,20673,13575,7712
2021-04-05,78588,243,158,95
2021-04-05,78589,19644,13505,6609
2021-04-05,78590,291,194,101
2021-04-05,78591,258,165,96
2021-04-05,78592,425,331,99
2021-04-05,78593,2274,1451,864
2021-04-05,78594,1160,708,478
2021-04-05,78595,2570,1885,845
2021-04-05,78596,19918,13234,7147
2021-04-05,78597,7910,4965,3112
2021-04-05,78598,261,156,107
2021-04-05,78599,11854,8043,4092
2021-04-05,78602,12562,8601,4209
2021-04-05,78604,31,22,10
2021-04-05,78605,1697,1179,628
2021-04-05,78606,3159,2183,1072
2021-04-05,78607,109,72,38
2021-04-05,78608,202,135,78
2021-04-05,78609,847,547,314
2021-04-05,78610,19615,13167,7250
2021-04-05,78611,5510,3618,2224
2021-04-05,78612,4950,3449,1601
2021-04-05,78613,38852,27977,11875
2021-04-05,78614,239,180,87
2021-04-05,78615,585,413,196
2021-04-05,78616,2383,1688,798
2021-04-05,78617,7124,5026,2232
2021-04-05,78618,177,111,66
2021-04-05,78619,3189,2037,1234
2021-04-05,78620,10208,6830,3774
2021-04-05,78621,9031,6166,3076
2021-04-05,78622,169,114,61
2021-04-05,78623,918,605,361
2021-04-05,78624,12259,7936,4641
2021-04-05,78626,14130,9907,4743
2021-04-05,78627,299,198,120
2021-04-05,78628,20764,14056,7312
2021-04-05,78629,5366,3653,2292
2021-04-05,78630,242,161,94
2021-04-05,78631,847,571,289
2021-04-05,78632,438,297,185
2021-04-05,78633,25134,15683,9942
2021-04-05,78634,12678,9017,4105
2021-04-05,78635,63,44,23
2021-04-05,78636,2123,1428,723
2021-04-05,78638,750,503,334
2021-04-05,78639,3416,2170,1335
2021-04-05,78640,21889,15049,7939
2021-04-05,78641,33993,24259,10825
2021-04-05,78642,6665,4706,2252
2021-04-05,78643,2627,1656,1023
2021-04-05,78644,7376,4971,2880
2021-04-05,78645,6665,4600,2332
2021-04-05,78646,150,107,56
2021-04-05,78648,3039,2028,1137
2021-04-05,78650,623,436,203
2021-04-05,78651,15,11,NA
2021-04-05,78652,3628,2371,1353
2021-04-05,78653,10853,7742,3517
2021-04-05,78654,8067,5185,3220
2021-04-05,78655,1216,806,460
2021-04-05,78656,730,499,279
2021-04-05,78657,4273,2602,1826
2021-04-05,78658,9,8,NA
2021-04-05,78659,1226,826,438
2021-04-05,78660,45823,32252,15071
2021-04-05,78661,151,108,56
2021-04-05,78662,929,618,327
2021-04-05,78663,486,311,189
2021-04-05,78664,21723,15474,7044
2021-04-05,78665,27307,19241,9095
2021-04-05,78666,25638,17582,9141
2021-04-05,78667,353,226,145
2021-04-05,78669,5943,3964,2227
2021-04-05,78670,117,82,44
2021-04-05,78671,343,220,127
2021-04-05,78672,433,273,183
2021-04-05,78673,48,30,20
2021-04-05,78674,123,91,35
2021-04-05,78675,98,62,39
2021-04-05,78676,9025,5652,3850
2021-04-05,78677,22,15,9
2021-04-05,78680,134,92,49
2021-04-05,78681,27031,19035,8706
2021-04-05,78682,23,18,NA
2021-04-05,78683,117,84,38
2021-04-05,78691,276,193,97
2021-04-05,78701,7061,4900,2311
2021-04-05,78702,13637,9787,4196
2021-04-05,78703,16870,11366,6400
2021-04-05,78704,28608,20119,9323
2021-04-05,78705,11591,8226,3516
2021-04-05,78708,110,77,36
2021-04-05,78709,243,165,82
2021-04-05,78710,11,9,NA
2021-04-05,78711,168,108,60
2021-04-05,78712,114,77,39
2021-04-05,78713,64,45,21
2021-04-05,78714,169,116,59
2021-04-05,78715,147,105,50
2021-04-05,78716,182,122,66
2021-04-05,78717,18283,13273,5415
2021-04-05,78718,23,18,NA
2021-04-05,78719,609,432,189
2021-04-05,78720,225,153,82
2021-04-05,78721,5034,3612,1551
2021-04-05,78722,4862,3350,1590
2021-04-05,78723,18263,12490,6140
2021-04-05,78724,7948,5693,2421
2021-04-05,78725,4065,2859,1331
2021-04-05,78726,7124,5047,2211
2021-04-05,78727,15725,11066,5005
2021-04-05,78728,9879,7011,3109
2021-04-05,78729,13491,9623,4229
2021-04-05,78730,5892,3995,2024
2021-04-05,78731,21673,14337,8233
2021-04-05,78732,9637,6753,3104
2021-04-05,78733,5801,3914,2017
2021-04-05,78734,13516,9004,5036
2021-04-05,78735,12441,8349,4404
2021-04-05,78736,5342,3619,1880
2021-04-05,78737,12309,8237,4443
2021-04-05,78738,16491,11281,5746
2021-04-05,78739,13952,9471,4828
2021-04-05,78741,15544,11174,4714
2021-04-05,78742,273,195,89
2021-04-05,78744,16839,11879,5349
2021-04-05,78745,30698,21379,10259
2021-04-05,78746,20860,13762,7572
2021-04-05,78747,9809,6659,3446
2021-04-05,78748,28657,19492,9932
2021-04-05,78749,21454,14565,7426
2021-04-05,78750,16575,11425,5531
2021-04-05,78751,11442,7923,3857
2021-04-05,78752,7495,5290,2394
2021-04-05,78753,17420,12350,5528
2021-04-05,78754,10929,7853,3435
2021-04-05,78755,208,136,80
2021-04-05,78756,6093,4178,2035
2021-04-05,78757,16044,11010,5361
2021-04-05,78758,18333,12987,5863
2021-04-05,78759,26794,18096,9267
2021-04-05,78760,131,87,46
2021-04-05,78761,121,83,46
2021-04-05,78762,85,61,26
2021-04-05,78763,169,110,62
2021-04-05,78764,33,25,8
2021-04-05,78765,179,119,62
2021-04-05,78766,131,90,44
2021-04-05,78767,205,144,67
2021-04-05,78768,70,50,22
2021-04-05,78769,11,8,NA
2021-04-05,78772,NA,NA,NA
2021-04-05,78773,NA,NA,NA
2021-04-05,78774,NA,NA,NA
2021-04-05,78778,9,8,NA
2021-04-05,78779,NA,NA,NA
2021-04-05,78780,NA,NA,NA
2021-04-05,78781,10,8,NA
2021-04-05,78783,15,13,NA
2021-04-05,78785,NA,NA,NA
2021-04-05,78799,15,12,NA
2021-04-05,78801,11485,6885,4724
2021-04-05,78802,629,396,239
2021-04-05,78827,973,540,433
2021-04-05,78828,114,65,49
2021-04-05,78829,434,280,156
2021-04-05,78830,315,183,132
2021-04-05,78832,1435,1034,416
2021-04-05,78833,803,452,351
2021-04-05,78834,5355,3056,2306
2021-04-05,78836,92,51,41
2021-04-05,78837,130,94,62
2021-04-05,78838,358,203,157
2021-04-05,78839,4908,2918,2001
2021-04-05,78840,20571,14494,6639
2021-04-05,78841,243,169,82
2021-04-05,78842,240,148,95
2021-04-05,78843,NA,NA,NA
2021-04-05,78847,NA,NA,NA
2021-04-05,78850,605,380,281
2021-04-05,78851,12,9,NA
2021-04-05,78852,23050,16710,7408
2021-04-05,78853,1598,1206,463
2021-04-05,78860,80,64,18
2021-04-05,78861,5515,3492,2597
2021-04-05,78870,393,238,160
2021-04-05,78871,21,14,11
2021-04-05,78872,775,464,316
2021-04-05,78873,1031,599,436
2021-04-05,78877,213,155,69
2021-04-05,78879,205,116,91
2021-04-05,78880,503,357,150
2021-04-05,78881,1185,726,523
2021-04-05,78883,139,86,62
2021-04-05,78884,497,311,211
2021-04-05,78885,110,73,39
2021-04-05,78886,248,162,113
2021-04-05,78931,108,67,41
2021-04-05,78932,498,315,198
2021-04-05,78933,734,453,325
2021-04-05,78934,3323,2073,1514
2021-04-05,78935,401,247,177
2021-04-05,78938,120,85,51
2021-04-05,78940,1054,672,432
2021-04-05,78941,1153,826,494
2021-04-05,78942,3513,2368,1264
2021-04-05,78943,131,87,55
2021-04-05,78944,277,184,101
2021-04-05,78945,4395,2855,1718
2021-04-05,78946,422,286,147
2021-04-05,78947,1580,1088,553
2021-04-05,78948,367,246,136
2021-04-05,78949,276,172,117
2021-04-05,78950,1155,727,473
2021-04-05,78951,21,13,8
2021-04-05,78952,47,34,15
2021-04-05,78953,378,263,126
2021-04-05,78954,766,495,313
2021-04-05,78956,2230,1470,916
2021-04-05,78957,3692,2540,1246
2021-04-05,78959,761,516,335
2021-04-05,78960,62,38,26
2021-04-05,78961,22,13,10
2021-04-05,78962,2378,1483,1033
2021-04-05,78963,303,208,108
2021-04-05,79001,67,40,31
2021-04-05,79002,23,13,10
2021-04-05,79003,80,49,46
2021-04-05,79005,618,395,244
2021-04-05,79007,5364,3217,2217
2021-04-05,79008,145,81,68
2021-04-05,79009,891,549,364
2021-04-05,79010,226,132,95
2021-04-05,79011,141,81,69
2021-04-05,79012,277,161,128
2021-04-05,79013,1293,879,419
2021-04-05,79014,1923,1129,1002
2021-04-05,79015,8651,5134,3883
2021-04-05,79016,44,33,21
2021-04-05,79018,242,144,98
2021-04-05,79019,804,489,329
2021-04-05,79021,34,24,16
2021-04-05,79022,5414,3172,2251
2021-04-05,79024,152,92,65
2021-04-05,79025,57,32,25
2021-04-05,79027,2062,1293,820
2021-04-05,79029,8774,4982,3923
2021-04-05,79031,409,247,181
2021-04-05,79032,56,31,27
2021-04-05,79033,24,16,12
2021-04-05,79034,155,93,67
2021-04-05,79035,2591,1525,1194
2021-04-05,79036,1732,1006,749
2021-04-05,79039,282,164,122
2021-04-05,79040,762,467,405
2021-04-05,79041,986,716,351
2021-04-05,79042,296,176,144
2021-04-05,79043,593,382,246
2021-04-05,79044,473,280,197
2021-04-05,79045,6105,3766,2604
2021-04-05,79046,167,93,81
2021-04-05,79051,12,8,NA
2021-04-05,79052,446,301,196
2021-04-05,79053,51,28,25
2021-04-05,79054,136,96,63
2021-04-05,79056,42,23,19
2021-04-05,79057,334,212,137
2021-04-05,79058,12,7,NA
2021-04-05,79059,238,130,115
2021-04-05,79061,129,78,71
2021-04-05,79062,99,59,50
2021-04-05,79063,297,168,137
2021-04-05,79064,1131,704,531
2021-04-05,79065,6630,4258,2567
2021-04-05,79066,177,112,74
2021-04-05,79068,1213,715,510
2021-04-05,79070,3415,2415,1169
2021-04-05,79072,8323,5587,3251
2021-04-05,79073,128,79,59
2021-04-05,79077,NA,NA,NA
2021-04-05,79078,129,78,54
2021-04-05,79079,922,531,454
2021-04-05,79080,155,95,64
2021-04-05,79081,1785,1123,905
2021-04-05,79082,106,63,52
2021-04-05,79083,720,429,302
2021-04-05,79084,1193,729,470
2021-04-05,79085,22,17,NA
2021-04-05,79086,825,477,358
2021-04-05,79087,190,109,81
2021-04-05,79088,2079,1284,1024
2021-04-05,79091,50,30,22
2021-04-05,79092,374,220,160
2021-04-05,79093,17,11,8
2021-04-05,79094,36,24,16
2021-04-05,79095,1114,675,495
2021-04-05,79096,905,529,434
2021-04-05,79097,440,260,189
2021-04-05,79098,126,78,51
2021-04-05,79101,1821,1235,604
2021-04-05,79102,3541,2113,1475
2021-04-05,79103,3672,2196,1524
2021-04-05,79104,2392,1471,937
2021-04-05,79105,265,156,111
2021-04-05,79106,11636,6879,4909
2021-04-05,79107,9822,6125,3776
2021-04-05,79108,4218,2495,1770
2021-04-05,79109,21531,12510,9436
2021-04-05,79110,6853,4058,2993
2021-04-05,79111,297,194,113
2021-04-05,79114,323,184,143
2021-04-05,79116,108,60,48
2021-04-05,79117,57,36,22
2021-04-05,79118,10049,5877,4378
2021-04-05,79119,12234,7016,5446
2021-04-05,79120,198,116,87
2021-04-05,79121,4428,2509,1978
2021-04-05,79124,7041,4083,3081
2021-04-05,79159,298,169,135
2021-04-05,79201,3019,1818,1323
2021-04-05,79220,37,24,14
2021-04-05,79221,NA,NA,NA
2021-04-05,79223,12,NA,NA
2021-04-05,79225,462,267,233
2021-04-05,79226,1186,778,419
2021-04-05,79227,664,375,310
2021-04-05,79229,132,72,62
2021-04-05,79230,23,16,7
2021-04-05,79231,23,15,9
2021-04-05,79233,69,45,25
2021-04-05,79234,32,22,11
2021-04-05,79235,1705,1024,714
2021-04-05,79236,59,32,29
2021-04-05,79237,128,86,42
2021-04-05,79239,51,34,20
2021-04-05,79240,28,18,11
2021-04-05,79241,927,575,387
2021-04-05,79243,37,23,16
2021-04-05,79244,398,269,133
2021-04-05,79245,1168,682,504
2021-04-05,79247,32,19,15
2021-04-05,79248,690,388,325
2021-04-05,79250,596,369,240
2021-04-05,79251,41,23,20
2021-04-05,79252,1681,944,862
2021-04-05,79255,251,136,115
2021-04-05,79256,106,67,42
2021-04-05,79257,538,293,254
2021-04-05,79258,20,11,9
2021-04-05,79259,30,17,14
2021-04-05,79261,150,87,70
2021-04-05,79311,1365,842,547
2021-04-05,79312,396,246,177
2021-04-05,79313,573,354,239
2021-04-05,79314,22,16,10
2021-04-05,79316,5122,3083,2304
2021-04-05,79322,1235,663,575
2021-04-05,79323,2541,1728,1139
2021-04-05,79324,21,16,10
2021-04-05,79325,627,390,246
2021-04-05,79326,12,7,NA
2021-04-05,79329,1565,937,666
2021-04-05,79330,87,57,37
2021-04-05,79331,2975,1955,1117
2021-04-05,79336,7953,4686,3643
2021-04-05,79338,18,11,7
2021-04-05,79339,2806,1705,1208
2021-04-05,79342,156,93,67
2021-04-05,79343,624,356,273
2021-04-05,79344,9,NA,NA
2021-04-05,79345,345,209,149
2021-04-05,79346,839,519,426
2021-04-05,79347,3420,1956,1581
2021-04-05,79350,271,160,113
2021-04-05,79351,428,262,175
2021-04-05,79353,10,7,NA
2021-04-05,79355,693,473,293
2021-04-05,79356,1575,1052,600
2021-04-05,79357,1077,635,446
2021-04-05,79358,623,387,256
2021-04-05,79359,896,565,396
2021-04-05,79360,2974,1813,1312
2021-04-05,79363,2502,1496,1046
2021-04-05,79364,3235,2005,1350
2021-04-05,79366,875,499,384
2021-04-05,79367,281,168,117
2021-04-05,79369,26,19,9
2021-04-05,79370,684,375,324
2021-04-05,79371,671,381,306
2021-04-05,79372,496,298,216
2021-04-05,79373,1293,798,515
2021-04-05,79376,39,23,17
2021-04-05,79377,87,57,39
2021-04-05,79378,90,59,40
2021-04-05,79379,228,139,101
2021-04-05,79380,54,32,27
2021-04-05,79381,549,338,237
2021-04-05,79382,3953,2369,1630
2021-04-05,79383,44,28,17
2021-04-05,79401,3290,2296,1019
2021-04-05,79402,18,17,NA
2021-04-05,79403,5630,3515,2188
2021-04-05,79404,3375,2150,1278
2021-04-05,79406,432,344,94
2021-04-05,79407,11033,6716,4450
2021-04-05,79408,321,191,140
2021-04-05,79409,120,86,35
2021-04-05,79410,4419,2697,1755
2021-04-05,79411,2310,1453,877
2021-04-05,79412,5240,3253,2053
2021-04-05,79413,10965,6537,4563
2021-04-05,79414,7027,4307,2823
2021-04-05,79415,7794,4913,2949
2021-04-05,79416,17681,10685,7149
2021-04-05,79423,22184,13149,9289
2021-04-05,79424,33421,19720,14065
2021-04-05,79430,9,NA,NA
2021-04-05,79452,121,74,49
2021-04-05,79453,71,41,30
2021-04-05,79457,11,7,NA
2021-04-05,79464,253,150,111
2021-04-05,79490,132,74,61
2021-04-05,79493,225,129,97
2021-04-05,79499,122,69,53
2021-04-05,79501,1208,765,556
2021-04-05,79502,608,352,285
2021-04-05,79503,80,53,35
2021-04-05,79504,1256,765,555
2021-04-05,79505,100,55,49
2021-04-05,79506,343,197,167
2021-04-05,79508,504,317,197
2021-04-05,79510,2738,1733,1177
2021-04-05,79511,396,235,171
2021-04-05,79512,1890,1238,679
2021-04-05,79516,NA,NA,NA
2021-04-05,79517,84,51,33
2021-04-05,79518,26,14,12
2021-04-05,79519,44,28,18
2021-04-05,79520,751,480,314
2021-04-05,79521,1784,1180,689
2021-04-05,79525,937,594,408
2021-04-05,79526,374,213,172
2021-04-05,79527,136,88,55
2021-04-05,79528,294,172,137
2021-04-05,79529,646,376,321
2021-04-05,79530,212,135,83
2021-04-05,79532,236,162,87
2021-04-05,79533,115,77,41
2021-04-05,79534,48,29,21
2021-04-05,79535,82,51,38
2021-04-05,79536,1558,1002,606
2021-04-05,79537,62,37,31
2021-04-05,79538,96,63,36
2021-04-05,79539,67,39,31
2021-04-05,79540,51,34,25
2021-04-05,79541,396,249,157
2021-04-05,79543,327,206,148
2021-04-05,79544,197,122,85
2021-04-05,79545,597,380,289
2021-04-05,79546,783,463,337
2021-04-05,79547,248,165,93
2021-04-05,79548,68,49,22
2021-04-05,79549,5548,3447,2278
2021-04-05,79550,272,163,113
2021-04-05,79553,1186,785,493
2021-04-05,79556,5255,3437,2729
2021-04-05,79560,54,34,24
2021-04-05,79561,145,98,58
2021-04-05,79562,2273,1402,919
2021-04-05,79563,349,227,131
2021-04-05,79565,83,49,35
2021-04-05,79566,81,48,38
2021-04-05,79567,1126,693,502
2021-04-05,79601,8895,5546,3613
2021-04-05,79602,11534,7009,4694
2021-04-05,79603,8588,5366,3396
2021-04-05,79604,153,99,57
2021-04-05,79605,12686,7775,5106
2021-04-05,79606,13688,8249,5590
2021-04-05,79607,122,79,47
2021-04-05,79608,177,103,79
2021-04-05,79697,18,14,NA
2021-04-05,79698,30,29,NA
2021-04-05,79699,91,79,15
2021-04-05,79701,11560,7207,4539
2021-04-05,79702,351,210,150
2021-04-05,79703,7047,4413,2739
2021-04-05,79704,121,75,49
2021-04-05,79705,17965,10920,7244
2021-04-05,79706,8228,5193,3173
2021-04-05,79707,16215,9889,6488
2021-04-05,79708,229,141,90
2021-04-05,79710,199,126,73
2021-04-05,79711,91,55,36
2021-04-05,79712,272,176,99
2021-04-05,79713,184,115,82
2021-04-05,79714,9216,5280,4030
2021-04-05,79718,340,198,152
2021-04-05,79719,308,166,142
2021-04-05,79720,9892,5776,4447
2021-04-05,79721,266,153,122
2021-04-05,79730,285,174,124
2021-04-05,79731,1796,1124,683
2021-04-05,79733,52,31,24
2021-04-05,79734,1681,947,751
2021-04-05,79735,7632,4288,3512
2021-04-05,79738,134,80,62
2021-04-05,79739,667,374,299
2021-04-05,79740,NA,NA,NA
2021-04-05,79741,134,88,50
2021-04-05,79742,152,86,72
2021-04-05,79743,129,80,56
2021-04-05,79744,442,308,136
2021-04-05,79745,2868,1663,1354
2021-04-05,79748,27,20,8
2021-04-05,79749,131,84,50
2021-04-05,79752,1334,762,578
2021-04-05,79754,43,29,14
2021-04-05,79755,139,76,63
2021-04-05,79756,5065,2871,2357
2021-04-05,79758,956,572,395
2021-04-05,79759,15,11,NA
2021-04-05,79760,332,195,145
2021-04-05,79761,11926,7136,5026
2021-04-05,79762,14971,8998,6280
2021-04-05,79763,14452,8871,5811
2021-04-05,79764,8599,5299,3438
2021-04-05,79765,9143,5387,3902
2021-04-05,79766,3174,1967,1250
2021-04-05,79768,204,125,83
2021-04-05,79769,149,97,57
2021-04-05,79770,18,10,8
2021-04-05,79772,7499,4095,3452
2021-04-05,79776,15,8,7
2021-04-05,79777,48,28,21
2021-04-05,79778,524,278,246
2021-04-05,79780,110,61,49
2021-04-05,79781,94,61,33
2021-04-05,79782,1925,1145,858
2021-04-05,79783,62,36,28
2021-04-05,79785,17,10,10
2021-04-05,79786,NA,NA,NA
2021-04-05,79788,182,99,87
2021-04-05,79789,334,186,160
2021-04-05,79821,2111,1393,775
2021-04-05,79830,4533,2643,2055
2021-04-05,79831,803,454,368
2021-04-05,79832,39,26,15
2021-04-05,79834,186,121,72
2021-04-05,79835,5222,3433,1933
2021-04-05,79836,2911,1944,1059
2021-04-05,79837,190,132,58
2021-04-05,79838,3275,2120,1234
2021-04-05,79839,1073,642,458
2021-04-05,79842,385,222,164
2021-04-05,79843,2364,1451,1059
2021-04-05,79845,4167,2770,1406
2021-04-05,79846,47,34,13
2021-04-05,79847,41,29,12
2021-04-05,79848,531,294,241
2021-04-05,79849,5288,3649,1868
2021-04-05,79851,216,131,87
2021-04-05,79852,565,339,237
2021-04-05,79853,1592,1150,470
2021-04-05,79854,76,46,40
2021-04-05,79855,1062,703,363
2021-04-05,79901,4668,3273,1750
2021-04-05,79902,12366,7789,4764
2021-04-05,79903,9836,6255,3691
2021-04-05,79904,11040,7161,4041
2021-04-05,79905,12083,7818,4537
2021-04-05,79906,422,374,329
2021-04-05,79907,28555,18296,10710
2021-04-05,79908,127,101,29
2021-04-05,79910,NA,NA,NA
2021-04-05,79911,5238,3226,2054
2021-04-05,79912,53321,32759,21176
2021-04-05,79913,182,118,68
2021-04-05,79914,43,25,19
2021-04-05,79915,19551,12602,7279
2021-04-05,79916,9,8,NA
2021-04-05,79917,92,60,32
2021-04-05,79918,20,14,7
2021-04-05,79920,10,9,NA
2021-04-05,79922,6447,3854,2677
2021-04-05,79923,59,39,24
2021-04-05,79924,22350,14675,7949
2021-04-05,79925,22406,13883,8774
2021-04-05,79926,62,49,18
2021-04-05,79927,20706,13670,7531
2021-04-05,79928,32088,21317,11465
2021-04-05,79929,43,32,12
2021-04-05,79930,12040,7787,4495
2021-04-05,79931,34,23,11
2021-04-05,79932,17048,10708,6585
2021-04-05,79934,8605,5571,3110
2021-04-05,79935,10275,6418,4089
2021-04-05,79936,60453,38722,22585
2021-04-05,79937,56,39,17
2021-04-05,79938,36103,23789,13155
2021-04-05,79940,13,7,7
2021-04-05,79941,13,9,NA
2021-04-05,79942,30,19,11
2021-04-05,79943,51,31,21
2021-04-05,79944,16,10,NA
2021-04-05,79945,11,7,NA
2021-04-05,79946,29,17,12
2021-04-05,79947,15,8,7
2021-04-05,79948,24,15,9
2021-04-05,79949,36,25,13
2021-04-05,79950,19,12,8
2021-04-05,79951,NA,NA,NA
2021-04-05,79952,8,NA,NA
2021-04-05,79953,9,NA,NA
2021-04-05,79954,NA,NA,NA
2021-04-05,79955,9,NA,NA
2021-04-05,79958,7,NA,NA
2021-04-05,79960,NA,NA,NA
2021-04-05,79961,NA,NA,NA
2021-04-05,79968,177,106,73
2021-04-05,79976,NA,NA,NA
2021-04-05,79978,NA,NA,NA
2021-04-05,79980,NA,NA,NA
2021-04-05,79990,9,9,NA
2021-04-05,79995,54,38,16
2021-04-05,79996,60,36,25
2021-04-05,79997,40,28,12
2021-04-05,79998,17,14,NA
2021-04-05,79999,8,NA,NA
2021-04-05,88526,NA,NA,NA
2021-04-05,88540,NA,NA,NA
2021-04-05,88543,NA,NA,NA
2021-04-05,88546,NA,NA,NA
2021-04-05,88558,NA,NA,NA
2021-04-05,88577,NA,NA,NA
2021-04-05,88583,NA,NA,NA
2021-04-05,88584,NA,NA,NA
