"TSA","Hospital_Beds_Staffed","Hospital_Beds_Available","ICU_Beds_Available","Ventilators_Available","Current_Cases","Hospital_Beds_Taken","Date"
"A",1283,634,56,132,63,586,NA
"B",1398,447,45,236,102,849,NA
"C",675,304,10,99,24,347,NA
"D",788,315,9,85,19,454,NA
"E",13691,2211,320,1842,749,10731,NA
"F",919,278,7,82,85,556,NA
"G",2116,595,48,331,151,1370,NA
"H",491,164,12,102,52,275,NA
"I",1802,450,34,303,146,1206,NA
"J",1170,543,38,231,51,576,NA
"K",667,414,32,80,19,234,NA
"L",1186,294,28,105,32,860,NA
"M",520,114,11,65,62,344,NA
"N",467,171,13,68,10,286,NA
"O",3528,832,86,525,91,2605,NA
"P",5214,1182,185,858,244,3788,NA
"Q",13763,2144,182,1396,488,11131,NA
"R",1723,274,18,227,152,1297,NA
"S",459,186,25,78,57,216,NA
"T",443,81,7,65,101,261,NA
"U",1553,661,56,234,116,776,NA
"V",2842,1069,172,421,318,1455,NA
"A",1038,426,NA,NA,25,587,2020-06-21
"D",722,376,NA,NA,1,345,2020-06-21
"E",14383,3382,NA,NA,765,10236,2020-06-21
"G",1927,515,NA,NA,60,1352,2020-06-21
"I",1805,563,NA,NA,97,1145,2020-06-21
"O",3250,910,NA,NA,137,2203,2020-06-21
"P",5799,1534,NA,NA,185,4080,2020-06-21
"Q",12458,2675,NA,NA,795,8988,2020-06-21
"T",2809,659,NA,NA,132,2018,2020-06-21
"B",1303,369,NA,NA,37,897,2020-06-26
"D",985,430,NA,NA,6,549,2020-06-26
"E",14871,2884,NA,NA,1137,10850,2020-06-26
"F",1379,775,NA,NA,33,571,2020-06-26
"H",556,200,NA,NA,35,321,2020-06-26
"J",1227,457,NA,NA,47,723,2020-06-26
"M",608,186,NA,NA,14,408,2020-06-26
"N",494,147,NA,NA,47,300,2020-06-26
"O",3363,662,NA,NA,288,2413,2020-06-26
"P",5763,1190,NA,NA,606,3967,2020-06-26
"Q",13426,2070,NA,NA,1496,9860,2020-06-26
"R",1816,320,NA,NA,230,1266,2020-06-26
"T",466,108,NA,NA,33,325,2020-06-26
"U",1378,285,NA,NA,38,1055,2020-06-26
"V",2552,359,NA,NA,398,1795,2020-06-26
"A",1157,457,NA,NA,21,679,2020-06-28
"B",1312,346,NA,NA,42,924,2020-06-28
"C",588,255,NA,NA,8,325,2020-06-28
"D",1022,453,NA,NA,7,562,2020-06-28
"E",14773,2765,NA,NA,1248,10760,2020-06-28
"F",1355,770,NA,NA,35,550,2020-06-28
"G",2051,541,NA,NA,75,1435,2020-06-28
"H",538,194,NA,NA,32,312,2020-06-28
"I",1878,437,NA,NA,136,1305,2020-06-28
"J",1259,488,NA,NA,56,715,2020-06-28
"K",428,144,NA,NA,15,269,2020-06-28
"L",1035,229,NA,NA,40,766,2020-06-28
"M",609,181,NA,NA,14,414,2020-06-28
"N",496,164,NA,NA,50,282,2020-06-28
"O",3495,805,NA,NA,337,2353,2020-06-28
"P",6207,1132,NA,NA,814,4261,2020-06-28
"Q",13389,2134,NA,NA,1691,9564,2020-06-28
"R",1901,404,NA,NA,297,1200,2020-06-28
"S",305,210,NA,NA,16,79,2020-06-28
"T",411,91,NA,NA,44,276,2020-06-28
"U",1389,306,NA,NA,94,989,2020-06-28
"V",2613,387,NA,NA,451,1775,2020-06-28
"A",1039,355,38,114,25,659,2020-07-01
"B",1272,340,26,122,72,860,2020-07-01
"C",564,254,17,39,11,299,2020-07-01
"D",964,435,16,59,10,519,2020-07-01
"E",14943,3184,455,1330,1411,10348,2020-07-01
"F",1360,782,92,84,38,540,2020-07-01
"G",1963,559,87,235,79,1325,2020-07-01
"H",525,188,10,104,35,302,2020-07-01
"I",1848,422,39,269,177,1249,2020-07-01
"J",1287,458,34,214,59,770,2020-07-01
"K",462,177,13,34,15,270,2020-07-01
"L",1035,237,17,101,40,758,2020-07-01
"M",589,186,18,62,31,372,2020-07-01
"N",491,144,10,44,54,293,2020-07-01
"O",3326,768,96,376,404,2154,2020-07-01
"P",5554,1066,122,523,1091,3397,2020-07-01
"Q",13127,2049,162,1252,2139,8939,2020-07-01
"R",1799,313,10,216,318,1168,2020-07-01
"S",549,165,16,46,62,322,2020-07-01
"T",436,78,9,57,82,276,2020-07-01
"U",1379,315,8,163,163,901,2020-07-01
"V",2715,419,27,178,588,1708,2020-07-01
"A",1135,417,39,115,27,691,2020-07-02
"B",1296,324,22,120,74,898,2020-07-02
"C",568,238,16,39,10,320,2020-07-02
"D",869,387,8,48,10,472,2020-07-02
"E",14703,2463,327,1249,1499,10741,2020-07-02
"F",1396,796,94,83,38,562,2020-07-02
"G",2067,484,79,236,91,1492,2020-07-02
"H",545,179,11,114,38,328,2020-07-02
"I",1819,388,28,266,180,1251,2020-07-02
"J",1317,495,32,213,60,762,2020-07-02
"K",466,170,13,30,33,263,2020-07-02
"L",1030,245,30,132,47,738,2020-07-02
"M",604,171,14,64,32,401,2020-07-02
"N",520,153,14,39,57,310,2020-07-02
"O",3290,646,74,361,426,2218,2020-07-02
"P",5745,1297,170,522,1170,3278,2020-07-02
"Q",13083,1776,121,1260,2250,9057,2020-07-02
"R",1894,375,18,168,315,1204,2020-07-02
"S",547,147,12,45,68,332,2020-07-02
"T",459,77,9,55,91,291,2020-07-02
"U",1430,312,8,154,173,945,2020-07-02
"V",2887,443,42,178,693,1751,2020-07-02
"A",1144,414,35,109,23,707,2020-07-03
"B",1266,291,22,142,98,877,2020-07-03
"C",518,200,10,39,10,308,2020-07-03
"D",886,380,8,48,13,493,2020-07-03
"E",14639,2492,330,1274,1534,10613,2020-07-03
"F",1436,824,99,78,43,569,2020-07-03
"G",1988,459,89,225,96,1433,2020-07-03
"H",567,201,10,98,38,328,2020-07-03
"I",1849,409,48,262,193,1247,2020-07-03
"J",1278,454,22,218,72,752,2020-07-03
"K",458,162,13,34,26,270,2020-07-03
"L",1030,240,31,138,51,739,2020-07-03
"M",596,185,17,57,29,382,2020-07-03
"N",524,154,10,43,67,303,2020-07-03
"O",3151,763,57,344,459,1929,2020-07-03
"P",5366,927,111,513,1196,3243,2020-07-03
"Q",13224,2067,128,1289,2257,8900,2020-07-03
"R",1976,430,33,174,308,1238,2020-07-03
"S",550,146,21,43,78,326,2020-07-03
"T",447,87,12,54,100,260,2020-07-03
"U",1413,315,9,141,208,890,2020-07-03
"V",2914,369,36,165,753,1792,2020-07-03
"A",1138,407,35,109,23,708,2020-07-04
"B",1297,382,36,140,88,827,2020-07-04
"C",560,229,13,38,10,321,2020-07-04
"D",901,427,19,58,18,456,2020-07-04
"E",14479,2692,352,1258,1531,10256,2020-07-04
"F",1403,819,99,79,46,538,2020-07-04
"G",2034,554,89,231,113,1367,2020-07-04
"H",580,234,8,97,40,306,2020-07-04
"I",1804,411,56,268,200,1193,2020-07-04
"J",1298,508,26,212,81,709,2020-07-04
"K",478,188,10,29,28,262,2020-07-04
"L",1061,291,25,158,55,715,2020-07-04
"M",605,204,20,56,29,372,2020-07-04
"N",518,155,10,42,64,299,2020-07-04
"O",3385,753,70,374,461,2171,2020-07-04
"P",4899,1008,125,496,1208,2683,2020-07-04
"Q",13562,2388,194,1220,2369,8805,2020-07-04
"R",1781,304,12,196,300,1177,2020-07-04
"S",530,133,15,40,94,303,2020-07-04
"T",438,91,8,55,95,252,2020-07-04
"U",1386,321,12,146,217,848,2020-07-04
"V",3022,408,36,177,820,1794,2020-07-04
"A",1098,399,35,108,26,673,2020-07-05
"B",1254,413,35,144,93,748,2020-07-05
"C",553,240,15,43,19,294,2020-07-05
"D",865,429,22,58,22,414,2020-07-05
"E",14196,3047,351,1244,1562,9587,2020-07-05
"F",1319,815,99,80,49,455,2020-07-05
"G",1942,577,104,251,116,1249,2020-07-05
"H",537,227,8,103,46,264,2020-07-05
"I",1758,418,54,248,211,1129,2020-07-05
"J",1184,453,16,208,91,640,2020-07-05
"K",472,184,9,39,27,261,2020-07-05
"L",1029,309,17,133,62,658,2020-07-05
"M",560,205,18,53,31,324,2020-07-05
"N",495,177,14,43,57,261,2020-07-05
"O",3272,810,86,368,469,1993,2020-07-05
"P",5264,1025,119,506,1217,3022,2020-07-05
"Q",13154,2473,139,1220,2442,8239,2020-07-05
"R",1746,311,7,182,334,1101,2020-07-05
"S",549,85,7,45,154,310,2020-07-05
"T",409,80,8,49,90,239,2020-07-05
"U",1365,327,14,139,227,811,2020-07-05
"V",2835,303,26,149,836,1696,2020-07-05
"A",1002,356,43,106,31,615,2020-07-06
"B",1218,391,23,134,86,741,2020-07-06
"C",558,264,12,43,21,273,2020-07-06
"D",708,307,17,51,33,368,2020-07-06
"E",13533,2907,369,1266,1607,9019,2020-07-06
"F",1220,770,98,73,51,399,2020-07-06
"G",1807,533,97,241,121,1153,2020-07-06
"H",535,247,10,98,46,242,2020-07-06
"I",1698,399,54,245,218,1081,2020-07-06
"J",1263,530,28,211,90,643,2020-07-06
"K",418,185,9,38,28,205,2020-07-06
"L",1005,315,18,122,61,629,2020-07-06
"M",546,205,21,56,31,310,2020-07-06
"N",501,193,14,44,52,256,2020-07-06
"O",3157,813,79,358,485,1859,2020-07-06
"P",5005,830,110,515,1313,2862,2020-07-06
"Q",12572,2429,154,1192,2656,7487,2020-07-06
"R",1736,299,6,166,364,1073,2020-07-06
"S",469,95,9,45,108,266,2020-07-06
"T",398,64,5,46,93,241,2020-07-06
"U",1405,353,7,117,249,803,2020-07-06
"V",2926,367,43,133,954,1605,2020-07-06
"A",1028,392,42,112,38,598,2020-07-07
"B",1241,389,21,134,97,755,2020-07-07
"C",482,243,15,43,22,217,2020-07-07
"D",895,465,24,59,22,408,2020-07-07
"E",13723,2715,320,1213,1704,9304,2020-07-07
"F",1324,816,101,81,52,456,2020-07-07
"G",1987,612,99,245,146,1229,2020-07-07
"H",519,210,10,78,55,254,2020-07-07
"I",1691,386,47,248,246,1059,2020-07-07
"J",1163,581,27,213,85,497,2020-07-07
"K",409,168,8,27,37,204,2020-07-07
"L",960,252,18,119,69,639,2020-07-07
"M",540,193,11,51,33,314,2020-07-07
"N",514,202,15,39,53,259,2020-07-07
"O",3063,769,85,347,550,1744,2020-07-07
"P",5048,867,101,481,1350,2831,2020-07-07
"Q",12846,2121,118,1194,2699,8026,2020-07-07
"R",1815,351,2,203,408,1056,2020-07-07
"S",498,113,8,45,117,268,2020-07-07
"T",423,79,6,44,103,241,2020-07-07
"U",1407,325,4,125,303,779,2020-07-07
"V",3168,676,66,182,1097,1395,2020-07-07
"A",1005,352,37,114,38,615,2020-07-08
"B",1268,335,16,136,109,824,2020-07-08
"C",553,218,14,43,28,307,2020-07-08
"D",996,475,23,59,24,497,2020-07-08
"E",14220,2451,296,1226,1809,9960,2020-07-08
"F",1366,803,100,85,53,510,2020-07-08
"G",2041,509,90,256,148,1384,2020-07-08
"H",516,169,10,88,52,295,2020-07-08
"I",1852,381,33,260,259,1212,2020-07-08
"J",1158,547,27,211,87,524,2020-07-08
"K",402,142,9,23,36,224,2020-07-08
"L",1023,231,13,125,76,716,2020-07-08
"M",568,205,7,50,38,325,2020-07-08
"N",509,181,12,35,61,267,2020-07-08
"O",3292,693,59,349,534,2065,2020-07-08
"P",5272,720,96,478,1414,3138,2020-07-08
"Q",13098,1868,128,1172,2700,8530,2020-07-08
"R",1906,355,1,192,421,1130,2020-07-08
"S",543,134,13,37,106,303,2020-07-08
"T",441,65,5,45,110,266,2020-07-08
"U",1396,317,3,129,328,751,2020-07-08
"V",3166,424,25,175,1179,1563,2020-07-08
"A",1098,418,38,113,41,639,2020-07-09
"B",1387,329,20,144,117,941,2020-07-09
"C",564,218,15,43,33,313,2020-07-09
"D",1017,468,22,62,24,525,2020-07-09
"E",14461,2293,244,1193,1826,10342,2020-07-09
"F",1404,786,88,86,58,560,2020-07-09
"G",2062,477,87,245,151,1434,2020-07-09
"H",528,157,6,79,59,312,2020-07-09
"I",1905,372,35,251,260,1273,2020-07-09
"J",1330,551,27,213,101,678,2020-07-09
"K",423,176,24,27,47,200,2020-07-09
"L",1078,264,28,152,75,739,2020-07-09
"M",631,195,7,46,45,391,2020-07-09
"N",511,156,9,44,63,292,2020-07-09
"O",3399,672,63,351,504,2223,2020-07-09
"P",5440,729,77,458,1442,3269,2020-07-09
"Q",13343,1838,114,1149,2742,8763,2020-07-09
"R",1865,257,1,195,333,1275,2020-07-09
"S",535,111,12,35,114,310,2020-07-09
"T",469,85,12,49,116,268,2020-07-09
"U",1370,308,3,111,322,740,2020-07-09
"V",3182,436,21,178,1216,1530,2020-07-09
"A",1126,418,39,118,46,662,2020-07-10
"B",1375,302,19,138,115,958,2020-07-10
"C",575,228,15,43,32,315,2020-07-10
"D",799,324,9,48,20,455,2020-07-10
"E",14494,2142,259,1138,1872,10480,2020-07-10
"F",1407,794,92,79,66,547,2020-07-10
"G",2002,461,85,241,162,1379,2020-07-10
"H",510,133,7,94,64,313,2020-07-10
"I",1853,368,34,259,261,1224,2020-07-10
"J",1273,485,16,204,106,682,2020-07-10
"K",441,175,13,36,49,217,2020-07-10
"L",1055,236,26,129,73,746,2020-07-10
"M",643,191,3,47,45,407,2020-07-10
"N",525,166,12,36,58,301,2020-07-10
"O",3409,651,64,348,486,2272,2020-07-10
"P",5351,733,97,435,1439,3179,2020-07-10
"Q",13351,1768,98,1151,2826,8757,2020-07-10
"R",1858,262,9,195,385,1211,2020-07-10
"S",546,107,10,39,140,299,2020-07-10
"T",471,78,8,54,123,270,2020-07-10
"U",1450,296,3,128,341,813,2020-07-10
"V",3127,380,22,167,1293,1454,2020-07-10
"A",1132,421,39,116,48,663,2020-07-11
"B",1395,330,20,131,128,937,2020-07-11
"C",543,237,14,41,35,271,2020-07-11
"D",843,391,9,50,22,430,2020-07-11
"E",14669,2507,292,1158,1825,10337,2020-07-11
"F",1425,805,89,76,74,546,2020-07-11
"G",2009,482,81,240,159,1368,2020-07-11
"H",508,155,15,83,65,288,2020-07-11
"I",1864,400,32,260,251,1213,2020-07-11
"J",1283,487,27,208,114,682,2020-07-11
"K",429,174,13,38,51,204,2020-07-11
"L",1030,207,9,136,76,747,2020-07-11
"M",602,194,7,50,54,354,2020-07-11
"N",506,154,14,39,58,294,2020-07-11
"O",3412,638,67,538,500,2274,2020-07-11
"P",5285,647,77,468,1529,3109,2020-07-11
"Q",13375,1810,83,1037,2842,8723,2020-07-11
"R",1820,251,4,158,432,1137,2020-07-11
"S",496,88,5,38,136,272,2020-07-11
"T",475,79,8,51,150,246,2020-07-11
"U",1526,353,4,141,337,836,2020-07-11
"V",2899,378,21,176,1197,1324,2020-07-11
"A",1064,369,29,117,47,648,2020-07-12
"B",1338,335,24,137,125,878,2020-07-12
"C",538,239,15,41,35,264,2020-07-12
"D",984,439,14,63,34,511,2020-07-12
"E",14917,2689,297,1190,1895,10333,2020-07-12
"F",1418,809,91,77,69,540,2020-07-12
"G",2041,547,83,240,220,1274,2020-07-12
"H",503,183,12,87,63,257,2020-07-12
"I",1838,382,36,273,277,1179,2020-07-12
"J",1201,462,34,215,113,626,2020-07-12
"K",437,187,13,39,41,209,2020-07-12
"L",1061,244,12,133,77,740,2020-07-12
"M",641,211,7,53,58,372,2020-07-12
"N",509,172,11,40,58,279,2020-07-12
"O",3338,684,74,331,483,2171,2020-07-12
"P",5153,657,60,462,1490,3006,2020-07-12
"Q",13071,1842,97,1152,2863,8366,2020-07-12
"R",1804,302,23,149,431,1071,2020-07-12
"S",466,63,5,40,161,242,2020-07-12
"T",457,96,7,47,154,207,2020-07-12
"U",1538,375,4,142,360,803,2020-07-12
"V",3149,439,29,208,1356,1354,2020-07-12
"A",971,358,37,116,46,567,2020-07-13
"B",1293,345,27,133,130,818,2020-07-13
"C",547,248,16,41,35,264,2020-07-13
"D",940,451,25,60,38,451,2020-07-13
"E",14088,2587,288,1191,1867,9634,2020-07-13
"F",1338,804,92,74,70,464,2020-07-13
"G",1892,543,87,229,187,1162,2020-07-13
"H",493,182,14,90,60,251,2020-07-13
"I",1829,417,35,257,285,1127,2020-07-13
"J",1272,521,24,214,113,638,2020-07-13
"K",413,170,15,34,39,204,2020-07-13
"L",1061,264,15,133,75,722,2020-07-13
"M",632,229,12,51,65,338,2020-07-13
"N",512,192,13,38,54,266,2020-07-13
"O",3187,717,78,352,498,1972,2020-07-13
"P",4998,626,69,478,1535,2837,2020-07-13
"Q",12917,2166,95,1101,2842,7909,2020-07-13
"R",1692,265,3,206,458,969,2020-07-13
"S",492,91,5,40,153,248,2020-07-13
"T",455,95,5,53,149,211,2020-07-13
"U",1486,355,2,144,355,776,2020-07-13
"V",3124,440,27,210,1351,1333,2020-07-13
"A",1039,372,39,111,49,618,2020-07-14
"B",1363,322,13,136,123,918,2020-07-14
"C",484,237,14,43,34,213,2020-07-14
"D",875,405,9,47,31,439,2020-07-14
"E",14465,2485,263,1136,1854,10126,2020-07-14
"F",1396,772,91,77,64,560,2020-07-14
"G",2059,464,72,211,206,1389,2020-07-14
"H",529,181,11,79,84,264,2020-07-14
"I",1829,358,25,271,287,1184,2020-07-14
"J",1105,449,33,216,130,526,2020-07-14
"K",448,186,15,33,39,223,2020-07-14
"L",1043,238,15,129,97,708,2020-07-14
"M",625,207,2,48,76,342,2020-07-14
"N",500,128,1,38,70,302,2020-07-14
"O",3222,609,49,351,530,2083,2020-07-14
"P",5224,612,87,437,1549,3063,2020-07-14
"Q",12882,1561,79,1189,2884,8437,2020-07-14
"R",1716,150,0,145,436,1130,2020-07-14
"S",541,146,12,40,136,259,2020-07-14
"T",490,75,5,39,159,256,2020-07-14
"U",1462,290,4,118,333,839,2020-07-14
"V",2874,339,14,165,1300,1235,2020-07-14
"A",1039,372,39,111,49,618,2020-07-15
"B",1363,322,13,136,123,918,2020-07-15
"C",484,237,14,43,34,213,2020-07-15
"D",875,405,9,47,31,439,2020-07-15
"E",14465,2485,263,1136,1854,10126,2020-07-15
"F",1396,772,91,77,64,560,2020-07-15
"G",2059,464,72,211,206,1389,2020-07-15
"H",529,181,11,79,84,264,2020-07-15
"I",1829,358,25,271,287,1184,2020-07-15
"J",1105,449,33,216,130,526,2020-07-15
"K",448,186,15,33,39,223,2020-07-15
"L",1043,238,15,129,97,708,2020-07-15
"M",625,207,2,48,76,342,2020-07-15
"N",500,128,1,38,70,302,2020-07-15
"O",3222,609,49,351,530,2083,2020-07-15
"P",5224,612,87,437,1549,3063,2020-07-15
"Q",12882,1561,79,1189,2884,8437,2020-07-15
"R",1716,150,0,145,436,1130,2020-07-15
"S",541,146,12,40,136,259,2020-07-15
"T",490,75,5,39,159,256,2020-07-15
"U",1462,290,4,118,333,839,2020-07-15
"V",2874,339,14,165,1300,1235,2020-07-15
"A",1124,414,33,104,51,659,2020-07-16
"B",1405,314,21,153,124,967,2020-07-16
"C",500,215,13,41,40,245,2020-07-16
"D",854,399,9,46,28,427,2020-07-16
"E",14838,2610,264,1200,1880,10348,2020-07-16
"F",1403,782,92,78,57,564,2020-07-16
"G",2146,484,75,219,220,1442,2020-07-16
"H",514,136,17,73,90,288,2020-07-16
"I",1915,410,22,274,273,1232,2020-07-16
"J",1087,436,33,214,130,521,2020-07-16
"K",451,192,11,33,32,227,2020-07-16
"L",1034,237,12,156,84,713,2020-07-16
"M",621,181,7,46,77,363,2020-07-16
"N",503,125,3,35,70,308,2020-07-16
"O",3367,678,53,359,548,2141,2020-07-16
"P",5393,667,89,433,1555,3171,2020-07-16
"Q",12886,1539,71,1127,2815,8532,2020-07-16
"R",1743,153,3,153,420,1170,2020-07-16
"S",475,83,16,36,144,248,2020-07-16
"T",499,89,7,49,155,255,2020-07-16
"U",1494,266,4,120,351,877,2020-07-16
"V",2896,349,10,131,1313,1234,2020-07-16
"A",1116,426,34,103,58,632,2020-07-17
"B",1401,316,16,149,125,960,2020-07-17
"C",477,208,12,43,43,226,2020-07-17
"D",827,363,10,46,26,438,2020-07-17
"E",14897,2456,288,1198,1918,10523,2020-07-17
"F",1423,799,96,79,68,556,2020-07-17
"G",2108,457,71,238,226,1425,2020-07-17
"H",486,97,8,73,94,295,2020-07-17
"I",1924,406,22,261,268,1250,2020-07-17
"J",1069,442,31,213,119,508,2020-07-17
"K",451,192,15,42,41,218,2020-07-17
"L",1013,253,14,158,92,668,2020-07-17
"M",600,183,14,53,72,345,2020-07-17
"N",517,145,4,32,68,304,2020-07-17
"O",3336,626,51,349,517,2193,2020-07-17
"P",5364,676,88,449,1509,3179,2020-07-17
"Q",12426,1488,79,1162,2763,8175,2020-07-17
"R",1764,164,1,181,411,1189,2020-07-17
"S",469,103,15,40,142,224,2020-07-17
"T",401,41,3,34,162,198,2020-07-17
"U",1450,256,3,126,382,812,2020-07-17
"V",3176,382,21,189,1528,1266,2020-07-17
"A",1121,410,30,102,63,648,2020-07-18
"B",1366,292,18,145,128,946,2020-07-18
"C",520,233,15,45,40,247,2020-07-18
"D",904,413,20,52,29,462,2020-07-18
"E",14710,2549,314,1203,1889,10272,2020-07-18
"F",1414,801,89,81,68,545,2020-07-18
"G",2076,432,72,211,222,1422,2020-07-18
"H",507,100,20,74,98,309,2020-07-18
"I",1916,439,23,263,292,1185,2020-07-18
"J",1102,439,18,210,116,547,2020-07-18
"K",447,191,14,43,39,217,2020-07-18
"L",1018,246,20,156,92,680,2020-07-18
"M",582,158,11,53,73,351,2020-07-18
"N",488,131,5,34,73,284,2020-07-18
"O",3341,583,54,353,521,2237,2020-07-18
"P",5340,702,93,440,1520,3118,2020-07-18
"Q",12989,1730,93,1182,2785,8474,2020-07-18
"R",1688,137,4,191,413,1138,2020-07-18
"S",463,75,18,37,157,231,2020-07-18
"T",470,85,7,40,131,254,2020-07-18
"U",1506,266,4,144,338,902,2020-07-18
"V",3358,419,24,195,1571,1368,2020-07-18
"A",967,312,36,102,62,593,2020-07-19
"B",1306,334,15,145,114,858,2020-07-19
"C",592,249,15,45,41,302,2020-07-19
"D",944,467,17,57,40,437,2020-07-19
"E",14339,2609,303,1182,1901,9829,2020-07-19
"F",1362,769,88,69,75,518,2020-07-19
"G",2066,455,74,248,221,1390,2020-07-19
"H",500,130,11,82,97,273,2020-07-19
"I",1815,424,23,261,270,1121,2020-07-19
"J",1055,432,17,212,114,509,2020-07-19
"K",425,196,15,43,42,187,2020-07-19
"L",966,231,12,125,93,642,2020-07-19
"M",579,157,12,53,75,347,2020-07-19
"N",498,160,6,35,74,264,2020-07-19
"O",3107,540,51,324,522,2045,2020-07-19
"P",5225,691,80,469,1432,3102,2020-07-19
"Q",12516,1794,100,1102,2742,7980,2020-07-19
"R",1670,174,5,145,396,1100,2020-07-19
"S",490,96,14,36,162,232,2020-07-19
"T",455,86,7,39,157,212,2020-07-19
"U",1496,286,5,125,426,784,2020-07-19
"V",3408,480,37,163,1536,1392,2020-07-19
"A",964,308,32,107,63,593,2020-07-20
"B",1269,346,19,141,128,795,2020-07-20
"C",583,239,14,45,40,304,2020-07-20
"D",901,451,26,57,30,420,2020-07-20
"E",13968,2735,333,1221,1910,9323,2020-07-20
"F",1404,805,91,80,74,525,2020-07-20
"G",2015,472,70,239,242,1301,2020-07-20
"H",386,122,17,67,100,164,2020-07-20
"I",1763,439,26,262,286,1038,2020-07-20
"J",1109,500,22,210,112,497,2020-07-20
"K",421,193,16,42,37,191,2020-07-20
"L",983,267,23,116,95,621,2020-07-20
"M",599,197,15,58,80,322,2020-07-20
"N",495,178,11,36,73,244,2020-07-20
"O",3098,573,57,321,542,1983,2020-07-20
"P",5105,643,73,473,1473,2989,2020-07-20
"Q",12204,1561,88,1062,2638,8005,2020-07-20
"R",1655,186,8,149,381,1088,2020-07-20
"S",484,101,17,40,167,216,2020-07-20
"T",465,97,7,40,166,202,2020-07-20
"U",1412,265,2,132,430,717,2020-07-20
"V",3363,489,37,160,1502,1372,2020-07-20
"A",1012,334,34,102,69,609,2020-07-21
"B",1315,347,20,136,128,840,2020-07-21
"C",542,227,14,43,41,274,2020-07-21
"D",997,502,27,59,31,464,2020-07-21
"E",14199,2748,370,1197,1907,9544,2020-07-21
"F",1402,802,88,78,75,525,2020-07-21
"G",2031,461,61,246,245,1325,2020-07-21
"H",452,86,5,52,101,265,2020-07-21
"I",1764,385,28,261,302,1077,2020-07-21
"J",1085,470,25,213,110,505,2020-07-21
"K",422,184,11,39,39,199,2020-07-21
"L",1014,286,19,133,87,641,2020-07-21
"M",551,164,8,50,76,311,2020-07-21
"N",483,169,4,37,66,248,2020-07-21
"O",3134,627,67,337,577,1930,2020-07-21
"P",5174,708,97,494,1475,2991,2020-07-21
"Q",12266,1746,115,1145,2803,7717,2020-07-21
"R",1673,181,6,127,372,1120,2020-07-21
"S",465,92,9,42,167,206,2020-07-21
"T",469,93,6,33,168,208,2020-07-21
"U",1447,310,23,128,414,723,2020-07-21
"V",3366,539,51,144,1595,1232,2020-07-21
"A",1033,334,28,97,75,624,2020-07-22
"B",1339,322,17,140,133,884,2020-07-22
"C",574,238,16,43,38,298,2020-07-22
"D",946,462,21,60,29,455,2020-07-22
"E",14343,2477,337,1187,1965,9901,2020-07-22
"F",1447,798,90,69,82,567,2020-07-22
"G",2067,397,63,239,259,1411,2020-07-22
"H",554,132,22,58,106,316,2020-07-22
"I",1812,381,25,264,306,1125,2020-07-22
"J",1111,464,38,212,119,528,2020-07-22
"K",446,165,10,36,39,242,2020-07-22
"L",1028,245,19,134,84,699,2020-07-22
"M",615,203,14,55,79,333,2020-07-22
"N",497,146,5,41,71,280,2020-07-22
"O",3055,468,67,329,575,2012,2020-07-22
"P",5311,638,78,473,1432,3241,2020-07-22
"Q",12374,1519,98,1133,2729,8126,2020-07-22
"R",1689,125,0,184,417,1147,2020-07-22
"S",483,79,12,43,169,235,2020-07-22
"T",496,91,5,32,169,236,2020-07-22
"U",1533,301,16,130,411,821,2020-07-22
"V",3402,535,50,156,1606,1261,2020-07-22
"A",1214,350,27,99,65,799,2020-07-23
"B",1355,293,0,138,142,920,2020-07-23
"C",808,243,11,70,52,513,2020-07-23
"D",1845,706,35,74,60,1079,2020-07-23
"E",22129,2376,279,1396,1810,17943,2020-07-23
"F",1122,462,59,0,82,578,2020-07-23
"G",2286,389,32,217,271,1626,2020-07-23
"H",636,354,28,6,104,178,2020-07-23
"I",1218,358,72,167,183,677,2020-07-23
"J",378,378,0,0,47,-47,2020-07-23
"K",127,127,0,0,37,-37,2020-07-23
"L",481,203,10,81,142,136,2020-07-23
"M",179,107,6,50,79,-7,2020-07-23
"N",556,154,2,43,64,338,2020-07-23
"O",3101,531,23,151,160,2410,2020-07-23
"P",919,386,160,336,619,-86,2020-07-23
"Q",5227,2706,123,87,2369,152,2020-07-23
"R",890,356,0,16,430,104,2020-07-23
"S",235,95,18,66,178,-38,2020-07-23
"T",388,75,11,23,167,146,2020-07-23
"U",2562,1321,155,134,528,713,2020-07-23
"V",3375,1506,216,166,1269,600,2020-07-23
"A",1801,596,69,128,75,1130,2020-07-24
"B",1938,742,23,183,190,1006,2020-07-24
"C",1156,336,16,84,44,776,2020-07-24
"D",2016,779,41,78,61,1176,2020-07-24
"E",13414,2359,300,1494,1716,9339,2020-07-24
"F",2089,706,100,62,132,1251,2020-07-24
"G",2132,476,18,204,234,1422,2020-07-24
"H",549,138,7,73,108,303,2020-07-24
"I",1881,396,8,213,322,1163,2020-07-24
"J",1913,936,40,144,125,852,2020-07-24
"K",125,125,0,0,41,-41,2020-07-24
"L",953,176,16,120,70,707,2020-07-24
"M",401,179,16,58,78,144,2020-07-24
"N",622,184,5,44,60,378,2020-07-24
"O",5948,627,40,411,429,4892,2020-07-24
"P",5347,561,84,572,934,3852,2020-07-24
"Q",12833,1430,72,1154,2471,8932,2020-07-24
"R",1748,193,5,143,418,1137,2020-07-24
"S",616,107,9,48,179,330,2020-07-24
"T",512,79,2,28,164,269,2020-07-24
"U",2804,1433,160,143,445,926,2020-07-24
"V",3567,1279,230,194,1531,757,2020-07-24
"A",1306,467,68,112,44,795,2020-07-26
"B",2720,757,28,206,198,1765,2020-07-26
"C",1050,237,14,30,51,762,2020-07-26
"D",1643,604,29,79,57,982,2020-07-26
"E",12019,1650,265,1753,1701,8668,2020-07-26
"F",2063,693,102,63,191,1179,2020-07-26
"G",1993,319,23,229,247,1427,2020-07-26
"H",427,122,9,49,67,238,2020-07-26
"I",801,115,8,97,195,491,2020-07-26
"J",1754,770,48,172,123,861,2020-07-26
"K",369,167,4,27,48,154,2020-07-26
"L",1006,233,10,136,68,705,2020-07-26
"M",445,153,11,58,78,214,2020-07-26
"N",533,123,8,42,67,343,2020-07-26
"O",5534,563,50,253,515,4456,2020-07-26
"P",5681,715,101,695,1066,3900,2020-07-26
"Q",6905,1243,70,915,2855,2807,2020-07-26
"R",1653,223,4,139,407,1023,2020-07-26
"S",525,122,17,47,174,229,2020-07-26
"T",890,147,0,94,224,519,2020-07-26
"U",2350,1071,148,167,437,842,2020-07-26
"V",3307,949,226,181,1262,1096,2020-07-26
"A",1241,504,64,126,77,660,2020-07-27
"B",1639,769,29,233,185,685,2020-07-27
"C",579,232,16,80,39,308,2020-07-27
"D",1158,691,56,78,58,409,2020-07-27
"E",12665,2095,310,1799,1634,8936,2020-07-27
"F",1420,797,109,72,125,498,2020-07-27
"G",1714,297,30,222,255,1162,2020-07-27
"H",1012,167,14,78,224,621,2020-07-27
"I",1493,297,23,244,288,908,2020-07-27
"J",1401,809,30,174,117,475,2020-07-27
"K",440,200,8,39,81,159,2020-07-27
"L",838,144,23,138,66,628,2020-07-27
"M",353,141,12,57,83,129,2020-07-27
"N",387,108,3,45,59,220,2020-07-27
"O",3383,609,45,191,536,2238,2020-07-27
"P",5572,843,118,722,1041,3688,2020-07-27
"Q",10057,1370,56,994,1986,6701,2020-07-27
"R",2696,453,13,245,583,1660,2020-07-27
"S",551,130,17,46,179,242,2020-07-27
"T",427,40,0,74,170,217,2020-07-27
"U",2208,1071,148,188,448,689,2020-07-27
"V",3037,956,221,228,1547,534,2020-07-27
"A",802,280,45,127,36,486,2020-07-28
"B",1633,607,31,224,127,899,2020-07-28
"C",1103,345,17,80,36,722,2020-07-28
"D",1479,361,20,75,47,1071,2020-07-28
"E",12906,2272,278,1687,1642,8992,2020-07-28
"F",1627,344,44,71,121,1162,2020-07-28
"G",2129,348,25,221,270,1511,2020-07-28
"H",984,459,13,157,129,396,2020-07-28
"I",1844,374,21,249,282,1188,2020-07-28
"J",1388,610,46,179,102,676,2020-07-28
"K",460,168,10,63,48,244,2020-07-28
"L",1102,268,28,137,74,760,2020-07-28
"M",639,170,8,53,82,387,2020-07-28
"N",536,129,6,47,62,345,2020-07-28
"O",5673,356,68,264,429,4888,2020-07-28
"P",5336,813,152,732,1187,3336,2020-07-28
"Q",10600,1962,59,1252,2391,6247,2020-07-28
"R",2681,321,10,126,328,2032,2020-07-28
"S",552,138,16,44,184,230,2020-07-28
"T",480,47,0,49,179,254,2020-07-28
"U",2726,1421,150,197,445,860,2020-07-28
"V",4651,1651,301,209,1392,1608,2020-07-28
"A",556,223,51,129,37,296,2020-07-29
"B",1496,569,26,217,105,822,2020-07-29
"C",668,318,17,30,36,314,2020-07-29
"D",814,311,9,72,54,449,2020-07-29
"E",13115,2071,294,1648,1723,9321,2020-07-29
"F",1008,321,45,76,126,561,2020-07-29
"G",1863,270,27,185,272,1321,2020-07-29
"H",477,154,14,89,88,235,2020-07-29
"I",1642,422,19,250,266,954,2020-07-29
"J",1212,608,56,182,98,506,2020-07-29
"K",563,325,33,65,45,193,2020-07-29
"L",1024,241,27,136,78,705,2020-07-29
"M",551,140,3,50,88,323,2020-07-29
"N",394,103,4,45,69,222,2020-07-29
"O",2746,353,61,239,420,1973,2020-07-29
"P",5126,855,128,723,1157,3114,2020-07-29
"Q",12287,1396,40,1194,2296,8595,2020-07-29
"R",1706,189,12,204,384,1133,2020-07-29
"S",503,138,13,48,183,182,2020-07-29
"T",443,45,1,39,253,145,2020-07-29
"U",2499,1417,150,202,438,644,2020-07-29
"V",4410,1732,332,212,1379,1299,2020-07-29
"A",1219,583,48,126,70,566,2020-07-30
"B",1532,541,36,211,130,861,2020-07-30
"C",617,266,11,25,34,317,2020-07-30
"D",856,277,11,71,61,518,2020-07-30
"E",13254,1999,231,1736,1648,9607,2020-07-30
"F",1044,318,43,77,123,603,2020-07-30
"G",1853,230,18,206,269,1354,2020-07-30
"H",503,134,9,96,100,269,2020-07-30
"I",1663,353,19,219,279,1031,2020-07-30
"J",1225,606,59,189,103,516,2020-07-30
"K",618,368,33,55,54,196,2020-07-30
"L",1039,278,34,131,111,650,2020-07-30
"M",540,135,4,50,78,327,2020-07-30
"N",418,110,2,45,70,238,2020-07-30
"O",2775,377,53,474,384,2014,2020-07-30
"P",5131,864,133,734,1106,3161,2020-07-30
"Q",11842,970,74,1024,2136,8736,2020-07-30
"R",1678,157,4,180,364,1157,2020-07-30
"S",482,127,14,39,167,188,2020-07-30
"T",457,43,1,44,190,224,2020-07-30
"U",2795,1682,213,242,422,691,2020-07-30
"V",2958,488,30,221,1397,1073,2020-07-30
"A",1366,584,49,126,71,711,2020-07-31
"B",1567,489,28,218,134,944,2020-07-31
"C",746,323,18,83,42,381,2020-07-31
"D",1032,293,10,73,66,673,2020-07-31
"E",13369,1867,229,1739,1582,9920,2020-07-31
"F",1164,329,43,81,113,722,2020-07-31
"G",2191,268,25,202,251,1672,2020-07-31
"H",431,147,5,78,92,192,2020-07-31
"I",2036,453,16,237,264,1319,2020-07-31
"J",1314,497,53,179,105,712,2020-07-31
"K",469,164,11,55,42,263,2020-07-31
"L",1209,356,43,130,106,747,2020-07-31
"M",644,165,10,52,71,408,2020-07-31
"N",573,111,11,46,68,394,2020-07-31
"O",3146,440,66,435,378,2328,2020-07-31
"P",5514,973,129,770,1075,3466,2020-07-31
"Q",5566,1574,96,1037,2177,1815,2020-07-31
"R",744,195,7,166,386,163,2020-07-31
"S",564,129,18,52,163,272,2020-07-31
"T",523,26,3,47,219,278,2020-07-31
"U",2974,1658,213,241,482,834,2020-07-31
"V",3036,371,29,217,1449,1216,2020-07-31
"A",1227,589,50,129,77,561,2020-08-01
"B",1474,418,39,221,127,929,2020-08-01
"C",645,318,19,93,38,289,2020-08-01
"D",869,319,20,73,61,489,2020-08-01
"E",12941,1896,237,1736,1558,9487,2020-08-01
"F",998,317,41,81,113,568,2020-08-01
"G",1847,260,34,223,245,1342,2020-08-01
"H",413,130,7,144,144,139,2020-08-01
"I",1737,360,20,221,277,1100,2020-08-01
"J",1115,472,41,190,90,553,2020-08-01
"K",395,161,11,55,41,193,2020-08-01
"L",1037,298,21,132,64,675,2020-08-01
"M",539,164,15,53,70,305,2020-08-01
"N",433,117,3,46,70,246,2020-08-01
"O",2845,441,109,429,365,2039,2020-08-01
"P",5518,1077,142,774,1089,3352,2020-08-01
"Q",12350,1781,83,1144,2049,8520,2020-08-01
"R",1733,183,3,153,360,1190,2020-08-01
"S",528,128,18,43,162,238,2020-08-01
"T",465,24,3,46,225,216,2020-08-01
"U",2820,1752,223,242,434,634,2020-08-01
"V",2850,469,31,229,1310,1071,2020-08-01
"A",1227,589,50,129,77,561,2020-08-02
"B",1474,418,39,221,127,929,2020-08-02
"C",645,318,19,93,38,289,2020-08-02
"D",869,319,20,73,61,489,2020-08-02
"E",12941,1896,237,1736,1558,9487,2020-08-02
"F",998,317,41,81,113,568,2020-08-02
"G",1847,260,34,223,245,1342,2020-08-02
"H",413,130,7,144,144,139,2020-08-02
"I",1737,360,20,221,277,1100,2020-08-02
"J",1115,472,41,190,90,553,2020-08-02
"K",395,161,11,55,41,193,2020-08-02
"L",1037,298,21,132,64,675,2020-08-02
"M",539,164,15,53,70,305,2020-08-02
"N",433,117,3,46,70,246,2020-08-02
"O",2845,441,109,429,365,2039,2020-08-02
"P",5518,1077,142,774,1089,3352,2020-08-02
"Q",12350,1781,83,1144,2049,8520,2020-08-02
"R",1733,183,3,153,360,1190,2020-08-02
"S",528,128,18,43,162,238,2020-08-02
"T",465,24,3,46,225,216,2020-08-02
"U",2820,1752,223,242,434,634,2020-08-02
"V",2850,469,31,229,1310,1071,2020-08-02
"A",1232,600,53,127,78,554,2020-08-03
"B",1353,453,30,227,162,738,2020-08-03
"C",638,333,16,93,45,260,2020-08-03
"D",817,341,18,71,61,415,2020-08-03
"E",12692,2547,282,1705,1576,8569,2020-08-03
"F",982,333,42,82,112,537,2020-08-03
"G",1765,329,39,224,243,1193,2020-08-03
"H",412,144,8,77,97,171,2020-08-03
"I",1630,387,22,228,290,953,2020-08-03
"J",1127,511,30,197,90,526,2020-08-03
"K",614,393,29,57,49,172,2020-08-03
"L",1043,361,42,139,58,624,2020-08-03
"M",537,174,10,57,67,296,2020-08-03
"N",436,127,2,41,67,242,2020-08-03
"O",2701,444,105,468,348,1909,2020-08-03
"P",5331,1233,174,801,1012,3086,2020-08-03
"Q",11900,1811,100,1212,2077,8012,2020-08-03
"R",1668,194,5,236,371,1103,2020-08-03
"S",533,147,23,42,165,221,2020-08-03
"T",437,23,3,42,219,195,2020-08-03
"U",1526,465,36,173,372,689,2020-08-03
"V",2826,566,32,264,1260,1000,2020-08-03
"A",1249,611,52,127,79,559,2020-08-04
"B",1338,432,29,223,130,776,2020-08-04
"C",656,348,17,86,44,264,2020-08-04
"D",860,365,18,67,58,437,2020-08-04
"E",12895,2440,306,1734,1544,8911,2020-08-04
"F",965,315,45,81,109,541,2020-08-04
"G",1805,347,36,242,256,1202,2020-08-04
"H",501,146,4,69,105,250,2020-08-04
"I",1739,405,21,227,288,1046,2020-08-04
"J",1148,509,39,204,94,545,2020-08-04
"K",643,408,29,69,46,189,2020-08-04
"L",1016,329,44,128,61,626,2020-08-04
"M",536,174,11,52,68,294,2020-08-04
"N",424,125,3,38,73,226,2020-08-04
"O",2697,471,105,467,347,1879,2020-08-04
"P",5325,1074,177,807,1089,3162,2020-08-04
"Q",12030,1926,94,1156,1936,8168,2020-08-04
"R",1655,195,6,227,345,1115,2020-08-04
"S",501,125,19,44,167,209,2020-08-04
"T",439,34,3,38,221,184,2020-08-04
"U",2548,1505,173,141,371,672,2020-08-04
"V",2843,618,41,277,1243,982,2020-08-04
"A",1230,600,44,128,72,558,2020-08-05
"B",1372,409,26,222,118,845,2020-08-05
"C",640,307,12,89,46,287,2020-08-05
"D",886,345,19,65,65,476,2020-08-05
"E",13725,2418,297,1721,1497,9810,2020-08-05
"F",961,288,38,82,109,564,2020-08-05
"G",1862,304,41,240,250,1308,2020-08-05
"H",481,130,9,84,100,251,2020-08-05
"I",1842,367,20,245,250,1225,2020-08-05
"J",1215,549,51,207,82,584,2020-08-05
"K",664,407,29,80,53,204,2020-08-05
"L",994,257,27,129,69,668,2020-08-05
"M",570,180,13,49,63,327,2020-08-05
"N",470,122,4,42,62,286,2020-08-05
"O",2692,457,128,454,342,1893,2020-08-05
"P",5232,1024,177,804,1035,3173,2020-08-05
"Q",12541,1579,92,1108,1923,9039,2020-08-05
"R",1679,134,11,226,348,1197,2020-08-05
"S",503,118,19,56,166,219,2020-08-05
"T",450,16,1,85,221,213,2020-08-05
"U",1893,791,30,142,372,730,2020-08-05
"V",2785,526,67,286,1212,1047,2020-08-05
"A",1265,617,48,137,75,573,2020-08-06
"B",1399,432,25,241,113,854,2020-08-06
"C",653,308,10,98,51,294,2020-08-06
"D",889,343,9,65,66,480,2020-08-06
"E",13848,2190,296,1530,1443,10215,2020-08-06
"F",973,297,39,82,102,574,2020-08-06
"G",1926,267,41,225,259,1400,2020-08-06
"H",571,207,11,71,92,272,2020-08-06
"I",1862,355,21,250,255,1252,2020-08-06
"J",1228,546,45,209,83,599,2020-08-06
"K",685,400,29,68,51,234,2020-08-06
"L",1020,249,24,130,73,698,2020-08-06
"M",550,143,12,51,68,339,2020-08-06
"N",459,101,3,40,57,301,2020-08-06
"O",2758,448,124,464,342,1968,2020-08-06
"P",5545,1069,181,789,1010,3466,2020-08-06
"Q",13019,1856,58,1315,1839,9324,2020-08-06
"R",1834,213,8,219,368,1253,2020-08-06
"S",498,121,23,56,159,218,2020-08-06
"T",473,21,1,88,219,233,2020-08-06
"U",1909,828,57,146,392,689,2020-08-06
"V",2890,655,74,279,1185,1050,2020-08-06
"A",1281,633,46,137,75,573,2020-08-07
"B",1346,413,25,239,123,810,2020-08-07
"C",646,302,8,103,44,300,2020-08-07
"D",884,325,9,69,62,497,2020-08-07
"E",13970,2358,296,1744,1397,10215,2020-08-07
"F",995,298,37,80,113,584,2020-08-07
"G",1935,269,38,218,263,1403,2020-08-07
"H",541,147,11,84,88,306,2020-08-07
"I",1872,364,32,281,236,1272,2020-08-07
"J",1195,485,31,210,71,639,2020-08-07
"K",684,396,29,68,52,236,2020-08-07
"L",1044,280,28,136,67,697,2020-08-07
"M",539,120,6,41,71,348,2020-08-07
"N",482,135,3,37,48,299,2020-08-07
"O",2758,447,117,465,326,1985,2020-08-07
"P",5427,1130,163,787,944,3353,2020-08-07
"Q",13212,1868,106,1228,1871,9473,2020-08-07
"R",2014,220,8,139,289,1505,2020-08-07
"S",506,144,23,60,144,218,2020-08-07
"T",474,21,1,90,209,244,2020-08-07
"U",1670,602,60,167,371,697,2020-08-07
"V",2892,644,82,290,1201,1047,2020-08-07
"A",1272,638,43,139,74,560,2020-08-08
"B",1397,464,24,213,117,816,2020-08-08
"C",632,299,9,98,43,290,2020-08-08
"D",846,285,4,71,60,501,2020-08-08
"E",13621,2317,309,1759,1337,9967,2020-08-08
"F",987,291,40,77,111,585,2020-08-08
"G",1846,287,42,234,262,1297,2020-08-08
"H",428,141,14,66,66,221,2020-08-08
"I",1902,402,46,265,231,1269,2020-08-08
"J",1269,572,20,210,70,627,2020-08-08
"K",687,399,29,68,52,236,2020-08-08
"L",1020,289,35,100,65,666,2020-08-08
"M",509,150,2,46,75,284,2020-08-08
"N",462,154,3,39,49,259,2020-08-08
"O",2771,442,81,454,302,2027,2020-08-08
"P",5580,1068,161,803,929,3583,2020-08-08
"Q",12403,1553,113,1179,1798,9052,2020-08-08
"R",1780,188,6,182,317,1275,2020-08-08
"S",490,133,22,62,144,213,2020-08-08
"T",440,22,1,90,201,217,2020-08-08
"U",1621,578,44,177,356,687,2020-08-08
"V",2936,724,67,287,1213,999,2020-08-08
"A",1291,649,44,139,73,569,2020-08-09
"B",1437,524,28,230,111,802,2020-08-09
"C",633,310,12,103,46,277,2020-08-09
"D",804,316,10,70,51,437,2020-08-09
"E",13589,2378,321,1766,1322,9889,2020-08-09
"F",988,289,38,78,102,597,2020-08-09
"G",1852,306,34,222,247,1299,2020-08-09
"H",543,210,23,86,80,253,2020-08-09
"I",1863,409,44,271,211,1243,2020-08-09
"J",1180,524,21,213,70,586,2020-08-09
"K",667,400,29,65,53,214,2020-08-09
"L",1029,294,32,101,61,674,2020-08-09
"M",542,146,6,47,64,332,2020-08-09
"N",448,169,3,42,41,238,2020-08-09
"O",2794,457,104,455,297,2040,2020-08-09
"P",5187,988,148,794,909,3290,2020-08-09
"Q",12679,1729,101,1124,1629,9321,2020-08-09
"R",1607,224,7,184,283,1100,2020-08-09
"S",470,130,21,63,131,209,2020-08-09
"T",434,32,6,90,196,206,2020-08-09
"U",1467,532,30,154,351,584,2020-08-09
"V",2782,733,61,299,1109,940,2020-08-09
"A",1294,662,45,139,73,559,2020-08-10
"B",1398,518,36,216,110,770,2020-08-10
"C",618,297,16,100,44,277,2020-08-10
"D",774,310,7,70,43,421,2020-08-10
"E",12847,2423,340,1785,1282,9142,2020-08-10
"F",936,313,40,78,115,508,2020-08-10
"G",1820,366,24,206,240,1214,2020-08-10
"H",511,196,17,82,78,237,2020-08-10
"I",1824,421,35,263,207,1196,2020-08-10
"J",1151,530,23,210,72,549,2020-08-10
"K",646,402,29,58,53,191,2020-08-10
"L",1023,284,28,137,57,682,2020-08-10
"M",562,189,6,50,59,314,2020-08-10
"N",455,181,5,47,40,234,2020-08-10
"O",2792,488,89,448,305,1999,2020-08-10
"P",5296,1108,177,802,847,3341,2020-08-10
"Q",13404,1858,112,1183,1625,9921,2020-08-10
"R",1647,187,9,187,275,1185,2020-08-10
"S",474,155,24,64,126,193,2020-08-10
"T",435,32,6,81,205,198,2020-08-10
"U",1629,537,51,205,347,745,2020-08-10
"V",2761,747,65,330,1101,913,2020-08-10
"A",1282,650,45,139,76,556,2020-08-11
"B",1379,461,27,218,109,809,2020-08-11
"C",628,314,16,104,45,269,2020-08-11
"D",808,337,7,69,47,424,2020-08-11
"E",13278,2633,338,1787,1235,9410,2020-08-11
"F",888,300,37,78,110,478,2020-08-11
"G",1904,429,37,235,235,1240,2020-08-11
"H",466,126,16,89,74,266,2020-08-11
"I",1955,651,46,271,208,1096,2020-08-11
"J",1135,506,26,211,75,554,2020-08-11
"K",654,404,29,65,52,198,2020-08-11
"L",1009,285,27,135,60,664,2020-08-11
"M",522,153,5,46,65,304,2020-08-11
"N",456,163,8,52,48,245,2020-08-11
"O",2686,492,96,475,300,1894,2020-08-11
"P",5118,1011,176,804,856,3251,2020-08-11
"Q",13292,2226,143,1265,1563,9503,2020-08-11
"R",1752,186,13,231,288,1278,2020-08-11
"S",488,157,26,63,119,212,2020-08-11
"T",432,35,9,92,195,202,2020-08-11
"U",1526,503,58,152,363,660,2020-08-11
"V",2714,674,67,343,1093,947,2020-08-11
"A",1287,645,44,139,76,566,2020-08-12
"B",1380,441,42,222,111,828,2020-08-12
"C",635,286,11,105,45,304,2020-08-12
"D",852,344,11,69,43,465,2020-08-12
"E",13558,2273,339,1975,1229,10056,2020-08-12
"F",833,238,21,82,105,490,2020-08-12
"G",1894,351,40,244,228,1315,2020-08-12
"H",444,165,14,71,64,215,2020-08-12
"I",1788,393,37,273,185,1210,2020-08-12
"J",1173,556,28,211,71,546,2020-08-12
"K",681,402,29,57,60,219,2020-08-12
"L",1022,269,27,136,65,688,2020-08-12
"M",513,125,3,45,64,324,2020-08-12
"N",486,134,4,52,46,306,2020-08-12
"O",2746,497,95,473,290,1959,2020-08-12
"P",5200,983,170,792,846,3371,2020-08-12
"Q",13282,1855,155,1297,1512,9915,2020-08-12
"R",1783,187,18,216,277,1319,2020-08-12
"S",489,127,23,64,100,262,2020-08-12
"T",449,56,9,50,175,218,2020-08-12
"U",1532,497,47,132,353,682,2020-08-12
"V",2622,636,62,350,1083,903,2020-08-12
"A",1299,657,50,140,72,570,2020-08-13
"B",1323,415,31,220,108,800,2020-08-13
"C",647,298,12,108,44,305,2020-08-13
"D",864,332,9,69,45,487,2020-08-13
"E",13484,2100,306,1718,1200,10184,2020-08-13
"F",875,232,20,85,105,538,2020-08-13
"G",1928,358,38,245,230,1340,2020-08-13
"H",495,143,10,96,79,273,2020-08-13
"I",1799,397,35,263,194,1208,2020-08-13
"J",1286,554,39,210,77,655,2020-08-13
"K",687,406,29,58,56,225,2020-08-13
"L",1036,259,30,135,59,718,2020-08-13
"M",546,139,3,42,62,345,2020-08-13
"N",481,119,1,51,43,319,2020-08-13
"O",2866,478,91,493,310,2078,2020-08-13
"P",5202,964,169,773,796,3442,2020-08-13
"Q",13222,1794,135,1276,1531,9897,2020-08-13
"R",1725,184,11,235,306,1235,2020-08-13
"S",508,152,32,64,101,255,2020-08-13
"T",466,63,9,56,175,228,2020-08-13
"U",1491,456,57,166,301,734,2020-08-13
"V",2689,679,71,325,985,1025,2020-08-13
"A",1291,640,50,137,55,596,2020-08-14
"B",1377,426,34,215,97,854,2020-08-14
"C",655,304,11,108,45,306,2020-08-14
"D",849,328,7,60,47,474,2020-08-14
"E",13624,2070,287,1703,1218,10336,2020-08-14
"F",880,237,24,83,104,539,2020-08-14
"G",1952,351,37,244,212,1389,2020-08-14
"H",526,152,12,93,82,292,2020-08-14
"I",1734,387,30,265,183,1164,2020-08-14
"J",1309,595,45,212,72,642,2020-08-14
"K",686,406,29,61,49,231,2020-08-14
"L",1007,222,32,137,66,719,2020-08-14
"M",541,150,6,39,62,329,2020-08-14
"N",489,144,6,50,39,306,2020-08-14
"O",2952,504,93,469,295,2153,2020-08-14
"P",5108,964,154,773,734,3410,2020-08-14
"Q",14317,1778,114,1142,1453,11086,2020-08-14
"R",1790,220,14,241,292,1278,2020-08-14
"S",471,151,21,64,93,227,2020-08-14
"T",448,60,5,55,168,220,2020-08-14
"U",1587,560,70,178,299,728,2020-08-14
"V",2665,679,78,348,967,1019,2020-08-14
"A",1290,640,53,136,58,592,2020-08-15
"B",1389,459,31,213,86,844,2020-08-15
"C",664,310,13,108,42,312,2020-08-15
"D",837,307,6,62,46,484,2020-08-15
"E",13452,2004,289,1739,1218,10230,2020-08-15
"F",874,229,22,84,94,551,2020-08-15
"G",2000,348,35,244,218,1434,2020-08-15
"H",510,143,9,96,84,283,2020-08-15
"I",1775,425,43,257,161,1189,2020-08-15
"J",1232,538,33,215,65,629,2020-08-15
"K",687,399,29,68,45,243,2020-08-15
"L",1027,240,36,137,65,722,2020-08-15
"M",526,156,9,52,53,317,2020-08-15
"N",475,142,5,50,37,296,2020-08-15
"O",2974,501,96,477,287,2186,2020-08-15
"P",5193,969,177,789,704,3520,2020-08-15
"Q",14524,1885,139,1337,1455,11184,2020-08-15
"R",1837,227,16,260,288,1322,2020-08-15
"S",478,166,18,66,86,226,2020-08-15
"T",465,55,3,49,183,227,2020-08-15
"U",1526,486,73,187,288,752,2020-08-15
"V",2765,761,83,331,918,1086,2020-08-15
"A",1286,632,52,137,59,595,2020-08-16
"B",1376,473,32,216,84,819,2020-08-16
"C",660,306,11,108,46,308,2020-08-16
"D",809,320,7,72,42,447,2020-08-16
"E",13557,2124,316,1725,1155,10278,2020-08-16
"F",842,219,17,81,103,520,2020-08-16
"G",2098,442,46,251,229,1427,2020-08-16
"H",536,174,6,97,75,287,2020-08-16
"I",1722,407,30,257,161,1154,2020-08-16
"J",1219,524,34,224,69,626,2020-08-16
"K",686,398,29,69,45,243,2020-08-16
"L",1145,255,38,95,67,823,2020-08-16
"M",542,172,9,53,51,319,2020-08-16
"N",501,174,11,50,38,289,2020-08-16
"O",2872,504,85,470,272,2096,2020-08-16
"P",5273,1157,191,788,684,3432,2020-08-16
"Q",14385,1994,155,1370,1342,11049,2020-08-16
"R",1756,268,17,226,289,1199,2020-08-16
"S",495,184,18,64,83,228,2020-08-16
"T",460,63,3,49,182,215,2020-08-16
"U",1442,445,37,194,285,712,2020-08-16
"V",2837,816,90,327,906,1115,2020-08-16
"A",1309,653,51,137,59,597,2020-08-17
"B",1342,437,36,215,89,816,2020-08-17
"C",672,302,12,108,47,323,2020-08-17
"D",817,318,11,71,41,458,2020-08-17
"E",12934,2266,348,1742,1146,9522,2020-08-17
"F",832,219,18,81,112,501,2020-08-17
"G",1979,442,43,250,225,1312,2020-08-17
"H",526,178,12,93,79,269,2020-08-17
"I",1707,434,36,258,147,1126,2020-08-17
"J",1198,521,36,227,80,597,2020-08-17
"K",669,399,29,63,44,226,2020-08-17
"L",1159,271,38,95,67,821,2020-08-17
"M",541,162,4,49,57,322,2020-08-17
"N",508,185,13,50,38,285,2020-08-17
"O",3068,459,82,472,275,2334,2020-08-17
"P",5088,1029,177,791,676,3383,2020-08-17
"Q",13861,2183,147,1343,1316,10362,2020-08-17
"R",1708,237,20,204,309,1162,2020-08-17
"S",495,185,22,65,79,231,2020-08-17
"T",464,63,2,50,189,212,2020-08-17
"U",1441,468,46,207,286,687,2020-08-17
"V",2700,769,80,331,839,1092,2020-08-17
"A",1281,630,52,137,60,591,2020-08-18
"B",1373,436,26,217,92,845,2020-08-18
"C",665,305,13,109,45,315,2020-08-18
"D",846,342,23,80,36,468,2020-08-18
"E",12924,2197,351,1741,1133,9594,2020-08-18
"F",852,243,21,83,112,497,2020-08-18
"G",1961,447,44,257,234,1280,2020-08-18
"H",480,126,10,90,75,279,2020-08-18
"I",1767,447,42,255,160,1160,2020-08-18
"J",1211,532,34,225,77,602,2020-08-18
"K",668,406,29,66,49,213,2020-08-18
"L",1159,268,36,95,70,821,2020-08-18
"M",550,163,6,50,60,327,2020-08-18
"N",431,114,7,48,35,282,2020-08-18
"O",2976,435,77,485,282,2259,2020-08-18
"P",5228,1155,179,800,675,3398,2020-08-18
"Q",13205,2098,128,1407,1385,9722,2020-08-18
"R",1777,230,23,249,275,1272,2020-08-18
"S",501,178,25,62,95,228,2020-08-18
"T",476,79,8,46,185,212,2020-08-18
"U",1516,525,61,209,278,713,2020-08-18
"V",2677,788,97,358,797,1092,2020-08-18
"A",1266,641,50,143,55,570,2020-08-19
"B",1388,441,30,220,98,849,2020-08-19
"C",669,313,13,110,47,309,2020-08-19
"D",883,332,7,82,30,521,2020-08-19
"E",13234,2073,345,1723,1075,10086,2020-08-19
"F",874,250,20,81,105,519,2020-08-19
"G",2083,384,29,278,233,1466,2020-08-19
"H",421,131,8,69,58,232,2020-08-19
"I",1779,418,45,257,168,1193,2020-08-19
"J",1113,471,34,224,73,569,2020-08-19
"K",697,409,29,64,47,241,2020-08-19
"L",1076,258,25,98,69,749,2020-08-19
"M",561,135,3,47,57,369,2020-08-19
"N",426,100,4,48,35,291,2020-08-19
"O",3015,415,74,480,280,2320,2020-08-19
"P",5144,972,170,757,664,3508,2020-08-19
"Q",13316,1704,127,1291,1323,10289,2020-08-19
"R",1797,205,26,260,287,1305,2020-08-19
"S",477,113,22,62,96,268,2020-08-19
"T",481,71,7,40,170,240,2020-08-19
"U",1550,532,58,205,274,744,2020-08-19
"V",2778,799,106,371,730,1249,2020-08-19
"A",1241,627,47,139,57,557,2020-08-20
"B",1383,412,48,218,99,872,2020-08-20
"C",648,310,11,103,46,292,2020-08-20
"D",890,344,8,77,34,512,2020-08-20
"E",13289,1828,314,1715,1055,10406,2020-08-20
"F",890,244,21,83,107,539,2020-08-20
"G",2083,415,37,273,221,1447,2020-08-20
"H",538,151,11,97,74,313,2020-08-20
"I",1751,376,41,248,161,1214,2020-08-20
"J",1209,509,27,216,58,642,2020-08-20
"K",703,413,29,65,49,241,2020-08-20
"L",1096,263,28,99,72,761,2020-08-20
"M",536,131,5,47,55,350,2020-08-20
"N",432,129,8,52,22,281,2020-08-20
"O",3046,414,78,487,249,2383,2020-08-20
"P",5349,993,157,774,598,3758,2020-08-20
"Q",13588,2056,131,1297,1178,10354,2020-08-20
"R",1748,186,17,229,262,1300,2020-08-20
"S",513,150,19,62,94,269,2020-08-20
"T",473,64,10,42,152,257,2020-08-20
"U",1504,496,54,216,264,744,2020-08-20
"V",2775,799,106,372,728,1248,2020-08-20
"A",1253,628,49,138,58,567,2020-08-21
"B",1379,418,52,218,91,870,2020-08-21
"C",650,304,11,104,47,299,2020-08-21
"D",858,331,14,77,33,494,2020-08-21
"E",13521,1789,301,1713,1039,10693,2020-08-21
"F",859,223,18,82,111,525,2020-08-21
"G",2080,427,33,274,211,1442,2020-08-21
"H",517,138,11,99,68,311,2020-08-21
"I",1739,370,28,249,166,1203,2020-08-21
"J",1280,565,44,212,64,651,2020-08-21
"K",693,408,29,65,52,233,2020-08-21
"L",1070,221,18,103,69,780,2020-08-21
"M",527,139,8,55,47,341,2020-08-21
"N",462,153,5,52,17,292,2020-08-21
"O",3066,453,95,487,231,2382,2020-08-21
"P",5413,1002,178,775,598,3813,2020-08-21
"Q",13857,1917,140,1327,1172,10768,2020-08-21
"R",1747,203,20,206,260,1284,2020-08-21
"S",519,150,17,61,96,273,2020-08-21
"T",453,53,11,42,154,246,2020-08-21
"U",1505,461,37,210,280,764,2020-08-21
"V",2859,884,118,372,702,1273,2020-08-21
"A",1274,643,53,140,56,575,2020-08-22
"B",1363,411,32,220,85,867,2020-08-22
"C",659,314,11,106,45,300,2020-08-22
"D",855,313,14,73,39,503,2020-08-22
"E",13305,1787,296,1729,1011,10507,2020-08-22
"F",849,233,23,80,108,508,2020-08-22
"G",2072,463,45,272,203,1406,2020-08-22
"H",452,110,10,95,64,278,2020-08-22
"I",1785,407,38,248,135,1243,2020-08-22
"J",1343,611,57,213,66,666,2020-08-22
"K",690,403,29,60,52,235,2020-08-22
"L",1057,244,27,101,63,750,2020-08-22
"M",526,114,7,55,50,362,2020-08-22
"N",478,170,6,55,13,295,2020-08-22
"O",3085,437,55,480,217,2431,2020-08-22
"P",5339,952,196,801,588,3799,2020-08-22
"Q",12763,1868,126,1176,1070,9825,2020-08-22
"R",1692,230,22,202,238,1224,2020-08-22
"S",527,166,20,62,92,269,2020-08-22
"T",428,38,1,55,153,237,2020-08-22
"U",1538,480,29,222,259,799,2020-08-22
"V",2820,816,101,393,667,1337,2020-08-22
"A",1284,646,54,140,61,577,2020-08-23
"B",1411,473,43,225,80,858,2020-08-23
"C",657,311,9,104,35,311,2020-08-23
"D",810,317,12,73,23,470,2020-08-23
"E",13307,2032,299,1804,969,10306,2020-08-23
"F",848,244,22,87,76,528,2020-08-23
"G",2026,446,44,273,202,1378,2020-08-23
"H",469,155,14,104,69,245,2020-08-23
"I",1785,420,38,265,136,1229,2020-08-23
"J",1293,596,59,217,68,629,2020-08-23
"K",686,405,29,62,49,232,2020-08-23
"L",1111,255,30,104,61,795,2020-08-23
"M",545,128,10,48,57,360,2020-08-23
"N",488,188,5,60,13,287,2020-08-23
"O",3170,691,73,494,217,2262,2020-08-23
"P",5247,1034,196,795,563,3650,2020-08-23
"Q",13304,2290,177,1246,1092,9922,2020-08-23
"R",1778,252,20,236,248,1278,2020-08-23
"S",470,173,18,63,90,207,2020-08-23
"T",426,40,1,75,156,230,2020-08-23
"U",1508,472,61,196,244,792,2020-08-23
"V",2825,788,96,403,677,1360,2020-08-23
"A",1286,658,55,140,59,569,2020-08-24
"B",1398,472,45,221,81,845,2020-08-24
"C",650,321,9,104,41,288,2020-08-24
"D",772,325,11,75,40,407,2020-08-24
"E",13017,2150,305,1746,963,9904,2020-08-24
"F",836,242,19,86,110,484,2020-08-24
"G",2007,500,41,278,196,1311,2020-08-24
"H",473,207,24,91,68,198,2020-08-24
"I",1690,438,45,263,136,1116,2020-08-24
"J",1279,624,55,220,69,586,2020-08-24
"K",682,406,29,63,49,227,2020-08-24
"L",1130,267,27,109,61,802,2020-08-24
"M",537,142,10,49,60,335,2020-08-24
"N",496,218,8,57,16,262,2020-08-24
"O",3027,693,87,500,199,2135,2020-08-24
"P",5179,1147,206,803,551,3481,2020-08-24
"Q",12593,2017,170,1327,986,9590,2020-08-24
"R",1741,291,18,256,212,1238,2020-08-24
"S",464,177,17,63,85,202,2020-08-24
"T",429,45,1,74,162,222,2020-08-24
"U",1419,433,22,194,251,735,2020-08-24
"V",2787,917,101,387,624,1246,2020-08-24
"A",1303,682,60,140,55,566,2020-08-25
"B",1383,482,35,219,83,818,2020-08-25
"C",660,324,15,104,26,310,2020-08-25
"D",795,350,11,76,29,416,2020-08-25
"E",12598,2103,326,1743,925,9570,2020-08-25
"F",846,243,23,84,78,525,2020-08-25
"G",1979,470,38,265,206,1303,2020-08-25
"H",476,206,19,108,54,216,2020-08-25
"I",1724,433,43,264,131,1160,2020-08-25
"J",1293,615,50,209,61,617,2020-08-25
"K",658,413,29,62,45,200,2020-08-25
"L",1135,305,27,106,59,771,2020-08-25
"M",522,160,6,50,57,305,2020-08-25
"N",437,145,7,59,17,275,2020-08-25
"O",3283,796,83,507,182,2305,2020-08-25
"P",5167,1171,222,791,543,3453,2020-08-25
"Q",13657,2280,186,1349,1007,10370,2020-08-25
"R",1548,250,26,257,188,1110,2020-08-25
"S",470,174,20,65,86,210,2020-08-25
"T",426,47,3,81,162,217,2020-08-25
"U",1420,441,25,194,266,713,2020-08-25
"V",2882,947,101,377,647,1288,2020-08-25
"A",1260,640,53,140,51,569,2020-08-26
"B",1442,423,32,212,80,939,2020-08-26
"C",660,318,10,104,23,319,2020-08-26
"D",858,380,12,75,27,451,2020-08-26
"E",12964,1904,300,1709,931,10129,2020-08-26
"F",843,225,20,84,76,542,2020-08-26
"G",2035,451,39,272,192,1392,2020-08-26
"H",490,178,14,102,46,266,2020-08-26
"I",1762,416,65,252,131,1215,2020-08-26
"J",1274,585,42,215,66,623,2020-08-26
"K",654,407,29,56,42,205,2020-08-26
"L",1023,256,31,96,59,708,2020-08-26
"M",526,123,7,52,49,354,2020-08-26
"N",439,134,6,60,20,285,2020-08-26
"O",3153,623,64,493,182,2348,2020-08-26
"P",5154,1004,206,802,503,3647,2020-08-26
"Q",13399,2098,128,1350,1004,10297,2020-08-26
"R",1654,280,22,231,223,1151,2020-08-26
"S",474,168,22,69,92,214,2020-08-26
"T",467,52,5,70,153,262,2020-08-26
"U",1467,462,7,205,246,759,2020-08-26
"V",2795,1004,106,390,610,1181,2020-08-26
"A",1240,624,55,143,49,567,2020-08-27
"B",1459,441,34,213,82,936,2020-08-27
"C",674,322,12,104,24,328,2020-08-27
"D",837,363,15,76,27,447,2020-08-27
"E",13247,1904,309,1711,910,10433,2020-08-27
"F",850,213,12,80,72,565,2020-08-27
"G",2076,407,42,293,198,1471,2020-08-27
"H",502,157,14,101,62,283,2020-08-27
"I",1768,483,62,257,134,1151,2020-08-27
"J",1285,564,31,219,61,660,2020-08-27
"K",693,407,29,58,35,251,2020-08-27
"L",1055,246,26,95,45,764,2020-08-27
"M",535,120,6,54,44,371,2020-08-27
"N",426,106,4,59,20,300,2020-08-27
"O",3121,553,45,490,172,2396,2020-08-27
"P",5281,960,202,806,496,3825,2020-08-27
"Q",12249,1912,131,1328,860,9477,2020-08-27
"R",1529,353,28,298,147,1029,2020-08-27
"S",479,166,22,69,93,220,2020-08-27
"T",476,46,5,63,155,275,2020-08-27
"U",1468,460,8,202,215,793,2020-08-27
"V",2769,1014,101,389,588,1167,2020-08-27
"A",1250,629,57,144,51,570,2020-08-28
"B",1441,489,33,214,78,874,2020-08-28
"C",669,316,11,103,27,326,2020-08-28
"D",1182,659,15,74,23,500,2020-08-28
"E",13463,1827,279,1700,880,10756,2020-08-28
"F",859,203,17,79,72,584,2020-08-28
"G",2040,408,40,269,199,1433,2020-08-28
"H",481,146,20,105,51,284,2020-08-28
"I",1791,480,55,266,139,1172,2020-08-28
"J",1289,550,33,224,64,675,2020-08-28
"K",681,407,29,70,35,239,2020-08-28
"L",1059,254,26,96,41,764,2020-08-28
"M",518,105,6,55,40,373,2020-08-28
"N",456,122,5,61,20,314,2020-08-28
"O",3159,520,51,478,169,2470,2020-08-28
"P",5335,965,200,816,486,3884,2020-08-28
"Q",13053,2320,139,1291,861,9872,2020-08-28
"R",1690,608,59,242,152,930,2020-08-28
"S",454,129,22,74,92,233,2020-08-28
"T",470,40,8,58,147,283,2020-08-28
"U",1478,466,19,206,209,803,2020-08-28
"V",2878,992,110,403,586,1300,2020-08-28
"A",1253,634,60,147,49,570,2020-08-29
"B",1405,442,29,234,86,877,2020-08-29
"C",685,319,14,102,21,345,2020-08-29
"D",871,320,1,71,26,525,2020-08-29
"E",13495,1950,299,1698,883,10662,2020-08-29
"F",857,214,20,81,69,574,2020-08-29
"G",2067,459,36,253,204,1404,2020-08-29
"H",486,177,18,111,60,249,2020-08-29
"I",1775,420,25,267,137,1218,2020-08-29
"J",1261,539,31,236,62,660,2020-08-29
"K",676,406,29,67,32,238,2020-08-29
"L",1085,265,30,98,43,777,2020-08-29
"M",513,108,6,57,43,362,2020-08-29
"N",459,140,4,60,23,296,2020-08-29
"O",3198,589,54,483,161,2448,2020-08-29
"P",5339,1009,194,828,435,3895,2020-08-29
"Q",13445,2595,184,1345,848,10002,2020-08-29
"R",1728,598,54,219,148,982,2020-08-29
"S",496,146,25,63,87,263,2020-08-29
"T",452,41,8,67,138,273,2020-08-29
"U",1464,450,12,256,169,845,2020-08-29
"V",2898,987,107,419,549,1362,2020-08-29
"A",1286,664,54,145,47,575,2020-08-30
"B",1412,470,26,229,82,860,2020-08-30
"C",685,327,17,105,24,334,2020-08-30
"D",845,305,4,76,27,513,2020-08-30
"E",13329,2104,288,1712,851,10374,2020-08-30
"F",846,212,16,83,67,567,2020-08-30
"G",2120,494,36,252,206,1420,2020-08-30
"H",442,137,13,94,51,254,2020-08-30
"I",1800,427,24,295,132,1241,2020-08-30
"J",1232,539,50,228,58,635,2020-08-30
"K",666,407,29,71,35,224,2020-08-30
"L",1078,265,29,99,46,767,2020-08-30
"M",546,123,7,57,40,383,2020-08-30
"N",449,134,6,58,24,291,2020-08-30
"O",3220,652,59,481,163,2405,2020-08-30
"P",5260,1060,187,831,425,3775,2020-08-30
"Q",12708,2307,175,1335,788,9613,2020-08-30
"R",1711,511,44,242,159,1041,2020-08-30
"S",504,151,20,64,86,267,2020-08-30
"T",447,55,4,69,135,257,2020-08-30
"U",1478,461,23,226,181,836,2020-08-30
"V",2882,1028,113,422,545,1309,2020-08-30
"A",1301,682,54,145,47,572,2020-08-31
"B",1395,451,28,220,87,857,2020-08-31
"C",694,328,14,103,22,344,2020-08-31
"D",784,309,4,70,29,446,2020-08-31
"E",13482,2232,320,1711,831,10419,2020-08-31
"F",870,258,13,81,64,548,2020-08-31
"G",2069,490,45,255,213,1366,2020-08-31
"H",484,154,14,102,52,278,2020-08-31
"I",1778,434,28,287,123,1221,2020-08-31
"J",1231,588,51,230,58,585,2020-08-31
"K",663,408,29,78,30,225,2020-08-31
"L",1086,281,32,100,42,763,2020-08-31
"M",526,150,12,58,39,337,2020-08-31
"N",436,138,5,56,22,276,2020-08-31
"O",3048,690,72,492,163,2195,2020-08-31
"P",5114,1096,182,831,417,3601,2020-08-31
"Q",12903,2309,171,1288,872,9722,2020-08-31
"R",1606,250,21,233,168,1188,2020-08-31
"S",488,158,24,64,83,247,2020-08-31
"T",441,57,4,67,133,251,2020-08-31
"U",1529,509,30,205,163,857,2020-08-31
"V",2787,990,123,427,545,1252,2020-08-31
"A",1295,664,53,145,46,585,2020-09-01
"B",1406,480,46,219,85,841,2020-09-01
"C",662,327,14,103,29,306,2020-09-01
"D",751,291,4,70,30,430,2020-09-01
"E",13026,2217,320,1765,845,9964,2020-09-01
"F",864,238,12,78,74,552,2020-09-01
"G",1989,428,33,266,222,1339,2020-09-01
"H",489,134,12,98,53,302,2020-09-01
"I",1724,430,41,272,130,1164,2020-09-01
"J",1327,675,43,216,66,586,2020-09-01
"K",659,412,29,79,27,220,2020-09-01
"L",1050,267,31,100,47,736,2020-09-01
"M",524,149,14,63,38,337,2020-09-01
"N",462,167,3,55,20,275,2020-09-01
"O",3113,730,101,505,160,2223,2020-09-01
"P",5244,1133,181,824,427,3684,2020-09-01
"Q",13016,2151,179,1349,799,10066,2020-09-01
"R",1637,262,22,267,166,1209,2020-09-01
"S",505,154,20,63,82,269,2020-09-01
"T",430,48,9,70,132,250,2020-09-01
"U",1471,456,32,233,162,853,2020-09-01
"V",2770,1004,129,436,504,1262,2020-09-01
"A",1237,620,49,140,48,569,2020-09-02
"B",1337,412,36,219,89,836,2020-09-02
"C",670,314,16,111,28,328,2020-09-02
"D",851,300,3,70,36,515,2020-09-02
"E",13361,1930,283,1741,828,10603,2020-09-02
"F",887,243,16,70,77,567,2020-09-02
"G",2052,379,28,255,220,1453,2020-09-02
"H",500,116,11,96,55,329,2020-09-02
"I",1739,404,27,295,126,1209,2020-09-02
"J",1332,608,36,217,61,663,2020-09-02
"K",659,411,29,85,28,220,2020-09-02
"L",1072,281,32,101,50,741,2020-09-02
"M",543,153,10,55,37,353,2020-09-02
"N",474,139,2,60,22,313,2020-09-02
"O",3023,579,67,506,156,2288,2020-09-02
"P",5326,1018,175,872,429,3879,2020-09-02
"Q",13687,1882,118,1315,807,10998,2020-09-02
"R",1705,252,26,246,185,1268,2020-09-02
"S",478,157,22,65,76,245,2020-09-02
"T",445,40,11,68,131,274,2020-09-02
"U",1490,472,17,231,162,856,2020-09-02
"V",2849,1042,123,434,498,1309,2020-09-02
"A",1274,631,56,146,51,592,2020-09-03
"B",1309,381,30,220,82,846,2020-09-03
"C",670,308,15,111,29,333,2020-09-03
"D",847,299,5,72,37,511,2020-09-03
"E",13572,1782,282,1757,801,10989,2020-09-03
"F",899,248,16,71,77,574,2020-09-03
"G",2105,387,30,257,220,1498,2020-09-03
"H",518,144,13,98,64,310,2020-09-03
"I",1776,415,27,298,122,1239,2020-09-03
"J",1391,663,39,220,55,673,2020-09-03
"K",686,403,29,84,22,261,2020-09-03
"L",1099,258,31,98,47,794,2020-09-03
"M",559,145,9,53,39,375,2020-09-03
"N",493,152,4,61,20,321,2020-09-03
"O",3142,653,76,494,138,2351,2020-09-03
"P",5385,999,186,837,422,3964,2020-09-03
"Q",14416,1800,120,1291,800,11816,2020-09-03
"R",1737,205,15,234,189,1343,2020-09-03
"S",467,133,15,67,78,256,2020-09-03
"T",469,38,10,68,128,303,2020-09-03
"U",1507,481,19,234,155,871,2020-09-03
"V",2846,1029,122,430,499,1318,2020-09-03
"A",1289,638,56,146,54,597,2020-09-04
"B",964,383,28,229,76,505,2020-09-04
"C",672,308,15,109,25,339,2020-09-04
"D",845,306,9,75,31,508,2020-09-04
"E",13663,1794,315,1758,778,11091,2020-09-04
"F",881,261,17,83,72,548,2020-09-04
"G",2103,408,25,258,218,1477,2020-09-04
"H",528,160,7,96,53,315,2020-09-04
"I",1820,448,35,294,106,1266,2020-09-04
"J",1353,621,37,224,64,668,2020-09-04
"K",686,403,29,84,31,252,2020-09-04
"L",1135,272,29,96,50,813,2020-09-04
"M",547,120,4,58,41,386,2020-09-04
"N",491,167,7,65,26,298,2020-09-04
"O",3122,620,84,504,141,2361,2020-09-04
"P",5343,984,184,838,395,3964,2020-09-04
"Q",13770,1841,159,1224,755,11174,2020-09-04
"R",1632,203,16,224,167,1262,2020-09-04
"S",466,158,20,68,69,239,2020-09-04
"T",459,45,10,64,117,297,2020-09-04
"U",1498,428,34,241,162,908,2020-09-04
"V",2851,1045,124,437,458,1348,2020-09-04
"A",1278,633,58,145,55,590,2020-09-05
"B",1318,437,38,234,75,806,2020-09-05
"C",644,299,15,115,24,321,2020-09-05
"D",819,311,7,76,30,478,2020-09-05
"E",13541,1896,305,1766,893,10752,2020-09-05
"F",888,265,20,85,74,549,2020-09-05
"G",2060,419,33,261,201,1440,2020-09-05
"H",480,137,9,95,53,290,2020-09-05
"I",1796,436,33,295,107,1253,2020-09-05
"J",1361,637,48,221,65,659,2020-09-05
"K",683,402,29,85,27,254,2020-09-05
"L",1141,267,27,107,59,815,2020-09-05
"M",551,178,2,61,42,331,2020-09-05
"N",473,152,10,63,24,297,2020-09-05
"O",3090,605,86,502,144,2341,2020-09-05
"P",5303,926,188,834,387,3990,2020-09-05
"Q",13864,1887,140,1285,750,11227,2020-09-05
"R",1822,239,14,233,177,1406,2020-09-05
"S",466,163,23,64,66,237,2020-09-05
"T",434,36,3,68,114,284,2020-09-05
"U",1522,484,39,252,159,879,2020-09-05
"V",2876,1059,120,419,447,1370,2020-09-05
"A",1280,638,58,145,56,586,2020-09-06
"B",1341,527,42,237,64,750,2020-09-06
"C",654,308,12,117,26,320,2020-09-06
"D",784,333,6,78,23,428,2020-09-06
"E",13399,2091,324,1774,761,10547,2020-09-06
"F",1042,418,20,85,74,550,2020-09-06
"G",1996,469,28,245,185,1342,2020-09-06
"H",501,170,12,106,52,279,2020-09-06
"I",1782,473,32,299,105,1204,2020-09-06
"J",1297,628,43,222,65,604,2020-09-06
"K",676,398,29,84,28,250,2020-09-06
"L",1116,273,30,100,51,792,2020-09-06
"M",535,177,9,58,42,316,2020-09-06
"N",489,207,9,65,23,259,2020-09-06
"O",3206,610,85,504,136,2460,2020-09-06
"P",5217,1003,189,837,383,3831,2020-09-06
"Q",14157,2085,139,1283,705,11367,2020-09-06
"R",1847,340,20,260,182,1325,2020-09-06
"S",475,165,17,65,58,252,2020-09-06
"T",424,37,3,67,118,269,2020-09-06
"U",1524,523,40,248,157,844,2020-09-06
"V",2855,1047,121,401,421,1387,2020-09-06
"A",1296,652,57,145,57,587,2020-09-07
"B",1385,597,68,236,66,722,2020-09-07
"C",672,331,19,109,29,312,2020-09-07
"D",728,334,8,76,26,368,2020-09-07
"E",12955,2195,342,1780,677,10083,2020-09-07
"F",1028,436,24,79,69,523,2020-09-07
"G",2021,498,24,256,194,1329,2020-09-07
"H",508,201,13,108,50,257,2020-09-07
"I",1758,494,35,288,102,1162,2020-09-07
"J",1219,570,40,222,64,585,2020-09-07
"K",580,392,29,78,27,161,2020-09-07
"L",1111,283,32,100,51,777,2020-09-07
"M",529,184,12,57,37,308,2020-09-07
"N",474,195,6,58,23,256,2020-09-07
"O",3109,689,88,508,139,2281,2020-09-07
"P",5127,1151,188,850,359,3617,2020-09-07
"Q",13458,2234,164,1251,655,10569,2020-09-07
"R",1742,305,26,250,173,1264,2020-09-07
"S",455,163,21,66,67,225,2020-09-07
"T",414,36,3,66,121,257,2020-09-07
"U",1562,608,48,227,149,805,2020-09-07
"V",2675,1055,121,392,402,1218,2020-09-07
"A",1284,644,58,145,54,586,2020-09-08
"B",1335,512,69,230,70,753,2020-09-08
"C",653,321,20,108,26,306,2020-09-08
"D",722,321,8,83,25,376,2020-09-08
"E",13016,2311,331,1764,798,9907,2020-09-08
"F",875,288,17,80,71,516,2020-09-08
"G",1920,458,24,282,200,1262,2020-09-08
"H",559,239,15,106,43,277,2020-09-08
"I",1724,471,28,263,105,1148,2020-09-08
"J",1219,549,46,222,64,606,2020-09-08
"K",629,388,29,98,26,215,2020-09-08
"L",1074,277,31,100,45,752,2020-09-08
"M",522,176,12,57,37,309,2020-09-08
"N",488,208,6,61,28,252,2020-09-08
"O",3089,676,92,507,173,2240,2020-09-08
"P",5071,1139,191,845,345,3587,2020-09-08
"Q",13597,2442,197,1333,660,10495,2020-09-08
"R",1664,229,20,381,172,1263,2020-09-08
"S",458,171,25,66,67,220,2020-09-08
"T",430,56,7,64,145,229,2020-09-08
"U",1586,633,48,231,139,814,2020-09-08
"V",2538,960,140,400,408,1170,2020-09-08
"A",1267,630,58,145,53,584,2020-09-09
"B",1333,480,40,232,68,785,2020-09-09
"C",666,318,15,112,33,315,2020-09-09
"D",780,312,6,79,28,440,2020-09-09
"E",13023,2300,379,1732,771,9952,2020-09-09
"F",871,268,17,81,71,532,2020-09-09
"G",1991,480,29,290,180,1331,2020-09-09
"H",520,182,13,96,48,290,2020-09-09
"I",1716,435,30,289,115,1166,2020-09-09
"J",1218,538,48,222,62,618,2020-09-09
"K",641,394,29,97,26,221,2020-09-09
"L",1081,296,33,100,46,739,2020-09-09
"M",504,168,16,62,35,301,2020-09-09
"N",475,179,9,65,22,274,2020-09-09
"O",3028,643,93,509,135,2250,2020-09-09
"P",5124,1178,179,847,339,3607,2020-09-09
"Q",13060,2158,179,1414,643,10259,2020-09-09
"R",1726,258,26,238,188,1280,2020-09-09
"S",463,168,24,67,61,234,2020-09-09
"T",455,52,13,62,124,279,2020-09-09
"U",1552,581,49,238,131,840,2020-09-09
"V",2586,967,138,424,425,1194,2020-09-09
"A",1301,662,57,149,47,592,2020-09-10
"B",1454,528,36,222,85,841,2020-09-10
"C",697,349,15,111,34,314,2020-09-10
"D",866,338,9,83,30,498,2020-09-10
"E",13180,1931,316,1803,780,10469,2020-09-10
"F",890,259,17,83,81,550,2020-09-10
"G",1999,406,29,290,174,1419,2020-09-10
"H",507,145,13,101,44,318,2020-09-10
"I",1717,356,21,287,110,1251,2020-09-10
"J",1252,556,41,220,67,629,2020-09-10
"K",664,400,29,77,32,232,2020-09-10
"L",1107,300,29,96,40,767,2020-09-10
"M",528,143,13,62,37,348,2020-09-10
"N",459,136,7,65,23,300,2020-09-10
"O",3114,553,71,505,125,2436,2020-09-10
"P",5271,997,153,841,325,3949,2020-09-10
"Q",13209,1823,134,1377,634,10752,2020-09-10
"R",1774,219,21,199,158,1397,2020-09-10
"S",480,153,31,70,63,264,2020-09-10
"T",482,50,11,65,122,310,2020-09-10
"U",1574,533,38,233,156,885,2020-09-10
"V",2615,946,126,420,408,1261,2020-09-10
"A",1303,672,60,149,44,587,2020-09-11
"B",1444,485,31,237,81,878,2020-09-11
"C",664,315,15,112,29,320,2020-09-11
"D",862,335,9,84,27,500,2020-09-11
"E",13535,1866,316,1794,750,10919,2020-09-11
"F",898,251,15,82,82,565,2020-09-11
"G",2163,442,24,281,188,1533,2020-09-11
"H",525,168,13,90,43,314,2020-09-11
"I",1783,396,26,289,113,1274,2020-09-11
"J",1261,539,45,218,71,651,2020-09-11
"K",674,401,29,77,30,243,2020-09-11
"L",1182,276,22,102,37,869,2020-09-11
"M",537,133,13,62,37,367,2020-09-11
"N",490,162,12,57,17,311,2020-09-11
"O",3143,559,70,509,121,2463,2020-09-11
"P",5338,1002,158,824,328,4008,2020-09-11
"Q",13656,1749,124,1349,598,11309,2020-09-11
"R",2192,541,50,226,158,1493,2020-09-11
"S",500,173,24,69,67,260,2020-09-11
"T",485,57,12,67,111,317,2020-09-11
"U",1596,577,31,231,131,888,2020-09-11
"V",2740,794,111,415,402,1544,2020-09-11
"A",1320,671,56,140,42,607,2020-09-12
"B",1413,444,29,234,83,886,2020-09-12
"C",665,317,14,108,31,317,2020-09-12
"D",872,347,11,84,27,498,2020-09-12
"E",13266,1890,313,1774,741,10635,2020-09-12
"F",954,291,16,80,70,593,2020-09-12
"G",2173,415,27,298,172,1586,2020-09-12
"H",500,160,9,96,39,301,2020-09-12
"I",1766,417,29,287,114,1235,2020-09-12
"J",1249,532,45,218,65,652,2020-09-12
"K",671,400,29,77,29,242,2020-09-12
"L",1170,265,23,100,32,873,2020-09-12
"M",523,117,12,65,38,368,2020-09-12
"N",462,132,5,57,17,313,2020-09-12
"O",3264,686,76,511,106,2472,2020-09-12
"P",5311,969,159,839,315,4027,2020-09-12
"Q",14245,1827,138,1349,603,11815,2020-09-12
"R",2060,483,24,271,150,1427,2020-09-12
"S",526,173,25,69,70,283,2020-09-12
"T",439,35,7,65,112,292,2020-09-12
"U",1542,575,46,235,129,838,2020-09-12
"V",2763,827,117,416,386,1550,2020-09-12
"A",1320,679,59,140,46,595,2020-09-13
"B",1437,470,26,223,84,883,2020-09-13
"C",657,324,13,107,28,305,2020-09-13
"D",785,316,9,85,29,440,2020-09-13
"E",13248,2041,320,1760,762,10445,2020-09-13
"F",939,307,18,81,74,558,2020-09-13
"G",2151,424,33,300,172,1555,2020-09-13
"H",476,163,12,106,24,289,2020-09-13
"I",1720,437,32,288,110,1173,2020-09-13
"J",1227,523,40,218,64,640,2020-09-13
"K",675,397,29,72,28,250,2020-09-13
"L",1123,300,26,93,32,791,2020-09-13
"M",531,119,15,59,33,379,2020-09-13
"N",482,154,4,57,16,312,2020-09-13
"O",3098,606,75,510,102,2390,2020-09-13
"P",5270,1126,205,838,291,3853,2020-09-13
"Q",13664,2137,164,1338,599,10928,2020-09-13
"R",2089,544,50,260,156,1389,2020-09-13
"S",497,187,28,76,62,248,2020-09-13
"T",396,40,3,67,107,249,2020-09-13
"U",1534,585,45,242,121,828,2020-09-13
"V",2562,874,144,418,379,1309,2020-09-13
"A",1322,676,59,141,68,578,2020-09-14
"B",1437,481,26,224,90,866,2020-09-14
"C",661,313,11,105,27,321,2020-09-14
"D",786,323,7,87,30,433,2020-09-14
"E",13208,2214,363,1794,776,10218,2020-09-14
"F",938,315,17,81,78,545,2020-09-14
"G",2065,452,34,291,168,1445,2020-09-14
"H",458,163,9,102,31,264,2020-09-14
"I",1676,437,32,279,110,1129,2020-09-14
"J",1163,520,41,219,55,588,2020-09-14
"K",675,400,29,82,25,250,2020-09-14
"L",1123,305,27,93,33,785,2020-09-14
"M",517,143,13,57,33,341,2020-09-14
"N",411,119,8,61,11,281,2020-09-14
"O",2971,579,70,509,100,2292,2020-09-14
"P",5134,1178,203,820,285,3671,2020-09-14
"Q",13774,2140,184,1304,591,11043,2020-09-14
"R",1732,235,20,231,146,1351,2020-09-14
"S",506,217,24,76,70,219,2020-09-14
"T",392,40,3,65,107,245,2020-09-14
"U",1511,588,52,243,112,811,2020-09-14
"V",2603,943,128,413,379,1281,2020-09-14
"A",1301,648,60,134,72,581,2020-09-15
"B",1431,518,30,212,86,827,2020-09-15
"C",654,308,12,105,31,315,2020-09-15
"D",795,328,11,88,29,438,2020-09-15
"E",13095,2168,355,1804,742,10185,2020-09-15
"F",930,312,14,75,69,549,2020-09-15
"G",2026,467,30,312,169,1390,2020-09-15
"H",476,141,14,94,41,294,2020-09-15
"I",1693,418,32,278,114,1161,2020-09-15
"J",1178,512,35,220,62,604,2020-09-15
"K",663,399,29,74,25,239,2020-09-15
"L",1091,287,23,92,32,772,2020-09-15
"M",561,171,11,63,36,354,2020-09-15
"N",486,181,11,61,11,294,2020-09-15
"O",2964,612,71,511,95,2257,2020-09-15
"P",5161,1141,193,834,286,3734,2020-09-15
"Q",13934,2081,161,1412,607,11246,2020-09-15
"R",1756,281,29,229,155,1320,2020-09-15
"S",513,207,26,72,67,239,2020-09-15
"T",441,89,16,73,102,250,2020-09-15
"U",1551,624,55,242,120,807,2020-09-15
"V",2756,993,130,422,360,1403,2020-09-15
"A",1305,615,51,130,70,620,2020-09-16
"B",1446,446,31,222,84,916,2020-09-16
"C",662,288,12,102,31,343,2020-09-16
"D",829,349,13,88,31,449,2020-09-16
"E",13647,2010,313,1833,732,10905,2020-09-16
"F",949,305,14,80,69,575,2020-09-16
"G",2080,449,34,313,170,1461,2020-09-16
"H",498,122,12,101,44,332,2020-09-16
"I",1735,382,24,299,118,1235,2020-09-16
"J",1188,506,40,228,63,619,2020-09-16
"K",662,402,29,82,23,237,2020-09-16
"L",1070,284,26,99,37,749,2020-09-16
"M",534,135,8,63,38,361,2020-09-16
"N",477,130,9,57,10,337,2020-09-16
"O",3273,724,77,511,94,2455,2020-09-16
"P",7330,979,160,840,262,6089,2020-09-16
"Q",13806,1739,142,1274,585,11482,2020-09-16
"R",1754,219,28,234,151,1384,2020-09-16
"S",488,148,25,74,72,268,2020-09-16
"T",458,79,16,74,100,279,2020-09-16
"U",1553,580,32,231,119,854,2020-09-16
"V",2857,1011,139,431,346,1500,2020-09-16
"A",1314,613,53,131,71,630,2020-09-17
"B",1481,469,35,228,75,937,2020-09-17
"C",667,281,11,102,36,350,2020-09-17
"D",865,324,6,81,32,509,2020-09-17
"E",13819,1880,297,1829,754,11185,2020-09-17
"F",946,296,14,80,67,583,2020-09-17
"G",2105,404,26,301,177,1524,2020-09-17
"H",507,146,15,107,48,313,2020-09-17
"I",1737,341,21,280,122,1274,2020-09-17
"J",1199,501,35,226,73,625,2020-09-17
"K",679,402,29,82,20,257,2020-09-17
"L",1098,268,31,100,36,794,2020-09-17
"M",529,112,5,55,39,378,2020-09-17
"N",472,131,4,54,9,332,2020-09-17
"O",3529,709,74,488,93,2727,2020-09-17
"P",5308,979,159,846,256,4073,2020-09-17
"Q",13252,1656,157,1364,563,11033,2020-09-17
"R",1869,181,23,267,138,1550,2020-09-17
"S",488,122,20,74,72,294,2020-09-17
"T",464,79,16,82,104,281,2020-09-17
"U",1520,550,49,237,114,856,2020-09-17
"V",2946,1008,148,437,347,1591,2020-09-17
"A",1325,628,65,128,62,635,2020-09-18
"B",1458,427,30,227,74,957,2020-09-18
"C",663,282,10,105,39,342,2020-09-18
"D",869,318,3,81,31,520,2020-09-18
"E",14003,1803,306,1847,754,11446,2020-09-18
"F",957,295,18,82,64,598,2020-09-18
"G",2113,438,37,325,164,1511,2020-09-18
"H",519,142,18,100,42,335,2020-09-18
"I",1752,351,25,320,128,1273,2020-09-18
"J",1206,500,32,227,56,650,2020-09-18
"K",681,396,29,82,19,266,2020-09-18
"L",1113,277,32,104,37,799,2020-09-18
"M",545,112,5,57,37,396,2020-09-18
"N",490,181,11,64,10,299,2020-09-18
"O",3524,691,81,517,89,2744,2020-09-18
"P",5359,994,154,853,252,4113,2020-09-18
"Q",13766,1715,158,1345,546,11505,2020-09-18
"R",1886,246,18,264,147,1493,2020-09-18
"S",485,149,28,75,62,274,2020-09-18
"T",481,65,15,73,110,306,2020-09-18
"U",1561,597,54,236,108,856,2020-09-18
"V",2976,983,140,433,341,1652,2020-09-18
"A",1324,644,62,120,63,617,2020-09-19
"B",1451,421,38,216,90,940,2020-09-19
"C",665,279,11,99,29,357,2020-09-19
"D",880,357,9,79,28,495,2020-09-19
"E",14067,1912,327,1819,733,11422,2020-09-19
"F",953,265,10,80,67,621,2020-09-19
"G",2110,464,44,326,159,1487,2020-09-19
"H",522,159,11,78,31,332,2020-09-19
"I",1747,335,21,310,138,1274,2020-09-19
"J",1224,522,32,227,58,644,2020-09-19
"K",685,398,29,82,20,267,2020-09-19
"L",1180,286,26,101,37,857,2020-09-19
"M",545,107,8,65,37,401,2020-09-19
"N",480,161,15,68,14,305,2020-09-19
"O",3575,692,84,521,82,2801,2020-09-19
"P",5412,1088,169,835,253,4071,2020-09-19
"Q",14269,1786,153,1487,561,11922,2020-09-19
"R",1953,330,24,254,143,1480,2020-09-19
"S",469,139,19,76,61,269,2020-09-19
"T",476,67,11,65,99,310,2020-09-19
"U",1538,574,54,230,112,852,2020-09-19
"V",2913,939,144,416,309,1665,2020-09-19
"A",1286,628,56,132,63,595,2020-09-20
"B",1483,464,48,227,92,927,2020-09-20
"C",686,288,11,98,26,372,2020-09-20
"D",816,339,9,85,15,462,2020-09-20
"E",13933,2027,308,1866,754,11152,2020-09-20
"F",936,275,10,83,66,595,2020-09-20
"G",2115,501,41,325,157,1457,2020-09-20
"H",506,169,12,97,43,294,2020-09-20
"I",1810,387,30,305,140,1283,2020-09-20
"J",1208,546,33,231,56,606,2020-09-20
"K",654,381,29,74,19,254,2020-09-20
"L",1197,310,28,104,37,850,2020-09-20
"M",535,105,6,62,58,372,2020-09-20
"N",467,165,10,64,12,290,2020-09-20
"O",3544,724,82,541,92,2728,2020-09-20
"P",5243,1133,179,846,234,3876,2020-09-20
"Q",14054,1871,159,1337,525,11658,2020-09-20
"R",1805,323,15,227,127,1355,2020-09-20
"S",446,163,24,77,54,229,2020-09-20
"T",458,80,11,66,95,283,2020-09-20
"U",1576,647,53,232,107,822,2020-09-20
"V",2924,1037,168,417,309,1578,2020-09-20
"A",1283,634,56,132,63,586,NA
"B",1398,447,45,236,102,849,NA
"C",675,304,10,99,24,347,NA
"D",788,315,9,85,19,454,NA
"E",13691,2211,320,1842,749,10731,NA
"F",919,278,7,82,85,556,NA
"G",2116,595,48,331,151,1370,NA
"H",491,164,12,102,52,275,NA
"I",1802,450,34,303,146,1206,NA
"J",1170,543,38,231,51,576,NA
"K",667,414,32,80,19,234,NA
"L",1186,294,28,105,32,860,NA
"M",520,114,11,65,62,344,NA
"N",467,171,13,68,10,286,NA
"O",3528,832,86,525,91,2605,NA
"P",5214,1182,185,858,244,3788,NA
"Q",13763,2144,182,1396,488,11131,NA
"R",1723,274,18,227,152,1297,NA
"S",459,186,25,78,57,216,NA
"T",443,81,7,65,101,261,NA
"U",1553,661,56,234,116,776,NA
"V",2842,1069,172,421,318,1455,NA
"A",1284,666,59,121,74,544,NA
"B",1344,398,28,234,98,848,NA
"C",654,297,10,99,25,332,NA
"D",830,373,10,80,23,434,NA
"E",13703,2051,309,1883,772,10880,NA
"F",924,289,12,76,90,545,NA
"G",2122,626,49,326,159,1337,NA
"H",472,150,9,90,46,276,NA
"I",1780,443,31,312,142,1195,NA
"J",1273,567,36,230,57,649,NA
"K",710,460,39,74,18,232,NA
"L",1172,279,23,103,33,860,NA
"M",529,118,14,53,64,347,NA
"N",449,161,13,65,12,276,NA
"O",3466,832,77,527,103,2531,NA
"P",5206,1231,162,854,247,3728,NA
"Q",13375,2210,237,1393,530,10635,NA
"R",1736,282,17,252,148,1306,NA
"S",496,201,24,75,62,233,NA
"T",429,69,6,67,95,265,NA
"U",1613,728,63,233,112,773,NA
"V",2875,1086,174,431,297,1492,NA
"A",1260,638,56,125,74,548,NA
"B",1413,420,37,223,91,902,NA
"C",666,296,11,99,25,345,NA
"D",828,345,7,84,23,460,NA
"E",13902,1862,286,1855,784,11256,NA
"F",907,302,7,72,85,520,NA
"G",2111,520,47,325,153,1438,NA
"H",534,168,1,95,52,314,NA
"I",1789,409,21,296,146,1234,NA
"J",1359,608,33,229,54,697,NA
"K",701,433,38,74,19,249,NA
"L",1075,267,33,113,29,779,NA
"M",534,108,11,52,66,360,NA
"N",432,130,9,65,16,286,NA
"O",3574,779,76,503,105,2690,NA
"P",5288,1003,143,845,263,4022,NA
"Q",13711,1949,171,1442,500,11262,NA
"R",1794,276,24,253,150,1368,NA
"S",490,196,24,75,59,235,NA
"T",460,79,7,63,96,285,NA
"U",1592,648,41,229,115,829,NA
"V",2822,934,150,406,290,1598,NA
"A",1293,614,60,118,73,606,NA
"B",1436,405,30,213,100,931,NA
"C",640,270,11,110,25,345,NA
"D",849,322,8,82,21,506,NA
"E",14032,1795,276,1838,785,11452,NA
"F",885,297,11,71,85,503,NA
"G",2159,487,46,339,159,1513,NA
"H",562,191,5,101,60,311,NA
"I",1801,390,18,294,140,1271,NA
"J",1367,593,31,223,51,723,NA
"K",701,428,35,73,18,255,NA
"L",1076,284,33,114,26,766,NA
"M",554,106,9,58,69,379,NA
"N",449,121,16,64,20,308,NA
"O",3594,785,127,504,100,2709,NA
"P",5338,954,149,844,266,4118,NA
"Q",14098,1989,167,1427,513,11596,NA
"R",1840,233,10,223,151,1456,NA
"S",499,181,35,75,61,257,NA
"T",484,79,7,66,97,308,NA
"U",1586,639,53,237,103,844,NA
"V",2945,889,134,410,281,1775,NA
"A",1302,617,57,119,79,606,NA
"B",1409,385,31,224,108,916,NA
"C",646,277,10,109,26,343,NA
"D",860,305,6,84,15,540,NA
"E",14090,1739,275,1891,807,11544,NA
"F",941,317,12,66,94,530,NA
"G",2172,454,36,336,168,1550,NA
"H",615,225,9,97,57,333,NA
"I",1788,362,15,298,143,1283,NA
"J",1347,605,31,227,50,692,NA
"K",697,423,35,73,18,256,NA
"L",1085,273,33,115,25,787,NA
"M",531,109,11,59,67,355,NA
"N",446,124,13,61,18,304,NA
"O",3587,787,140,506,93,2707,NA
"P",5395,1029,158,853,274,4092,NA
"Q",13613,1879,188,1460,516,11218,NA
"R",1759,284,16,250,137,1338,NA
"S",473,159,30,75,53,261,NA
"T",482,82,7,68,93,307,NA
"U",1601,600,33,233,107,894,NA
"V",3091,1011,133,446,273,1807,NA
"A",1307,619,60,122,84,604,NA
"B",1426,394,23,215,107,925,NA
"C",659,297,15,109,30,332,NA
"D",880,338,8,85,17,525,NA
"E",14072,1813,283,1849,804,11455,NA
"F",943,320,13,66,91,532,NA
"G",2161,526,52,330,158,1477,NA
"H",574,192,7,84,44,338,NA
"I",1772,395,10,293,151,1226,NA
"J",1362,619,39,229,57,686,NA
"K",671,428,35,72,15,228,NA
"L",1087,287,37,115,26,774,NA
"M",560,128,11,63,65,367,NA
"N",467,140,7,61,15,312,NA
"O",3626,810,137,506,100,2716,NA
"P",5423,1005,147,855,259,4159,NA
"Q",13638,2057,193,1436,507,11074,NA
"R",2073,558,43,278,142,1373,NA
"S",477,154,27,73,56,267,NA
"T",477,55,5,64,94,328,NA
"U",1586,607,55,223,101,878,NA
"V",2946,1005,118,433,286,1655,NA
"A",1358,657,63,120,83,618,NA
"B",1384,378,21,219,118,888,NA
"C",656,302,16,107,27,327,NA
"D",812,305,8,85,20,487,NA
"E",13856,1941,264,1885,804,11111,NA
"F",957,341,8,66,99,517,NA
"G",2121,509,47,310,155,1457,NA
"H",577,215,11,97,59,303,NA
"I",1772,432,10,288,150,1190,NA
"J",1310,608,35,230,56,646,NA
"K",665,424,35,78,15,226,NA
"L",1038,309,32,114,33,696,NA
"M",555,144,6,62,63,348,NA
"N",478,162,10,61,15,301,NA
"O",3586,806,134,507,96,2684,NA
"P",5419,1172,157,850,264,3983,NA
"Q",13274,2161,184,1456,493,10620,NA
"R",1948,498,48,243,137,1313,NA
"S",479,172,27,74,51,256,NA
"T",420,54,5,66,88,278,NA
"U",1593,605,48,232,98,890,NA
"V",2925,1061,122,432,293,1571,NA
"A",1366,660,60,120,84,622,NA
"B",1381,399,13,219,115,867,NA
"C",664,308,16,109,26,330,NA
"D",786,317,9,84,24,445,NA
"E",13851,2086,312,1913,805,10960,NA
"F",931,352,10,76,104,475,NA
"G",2057,518,39,311,174,1365,NA
"H",466,207,10,80,43,216,NA
"I",1749,451,23,307,151,1147,NA
"J",1307,629,44,231,50,628,NA
"K",666,426,35,72,17,223,NA
"L",1018,298,29,114,34,686,NA
"M",551,169,11,63,64,318,NA
"N",466,149,6,64,14,303,NA
"O",3561,850,155,528,88,2623,NA
"P",5193,1259,183,842,252,3682,NA
"Q",13874,2344,210,1458,509,11021,NA
"R",1824,387,21,272,136,1301,NA
"S",479,190,35,74,48,241,NA
"T",420,54,5,68,90,276,NA
"U",1610,688,57,226,96,826,NA
"V",2898,1130,130,443,277,1491,NA
"A",1353,650,60,122,82,621,NA
"B",1386,414,22,207,117,855,NA
"C",660,305,10,107,25,330,NA
"D",795,323,13,84,22,450,NA
"E",13586,1971,302,1898,832,10783,NA
"F",950,363,11,76,106,481,NA
"G",2084,546,44,299,179,1359,NA
"H",546,192,10,99,58,296,NA
"I",1722,398,11,305,164,1160,NA
"J",1342,638,40,233,49,655,NA
"K",673,426,36,84,17,230,NA
"L",1043,291,29,113,33,719,NA
"M",557,147,7,60,49,361,NA
"N",481,151,10,65,21,309,NA
"O",3530,859,158,529,86,2585,NA
"P",5160,1152,174,841,259,3749,NA
"Q",12578,2348,210,1508,492,9738,NA
"R",1633,299,17,248,143,1191,NA
"S",489,172,29,75,47,270,NA
"T",436,93,13,69,79,264,NA
"U",1572,644,55,224,119,809,NA
"V",2915,1117,139,438,272,1526,NA
"A",1356,657,60,124,82,617,NA
"B",1406,392,19,204,118,896,NA
"C",664,300,13,104,26,338,NA
"D",839,339,3,79,28,472,NA
"E",14065,1866,320,1882,898,11301,NA
"F",992,357,10,74,104,531,NA
"G",2179,467,26,305,190,1522,NA
"H",545,149,8,93,61,335,NA
"I",1791,390,16,282,173,1228,NA
"J",1367,643,38,233,45,679,NA
"K",708,429,33,83,18,261,NA
"L",1085,278,26,113,28,779,NA
"M",537,112,9,57,52,373,NA
"N",489,133,14,62,20,336,NA
"O",3356,591,82,528,84,2681,NA
"P",5465,1021,165,845,272,4172,NA
"Q",14027,2012,174,1468,511,11504,NA
"R",1728,255,26,259,117,1356,NA
"S",481,164,27,73,45,272,NA
"T",479,102,13,69,80,297,NA
"U",1536,459,47,218,114,963,NA
"V",2950,1063,133,424,278,1609,NA
"A",1361,656,62,122,87,618,NA
"B",1491,363,25,205,121,1007,NA
"C",669,303,9,104,27,339,NA
"D",863,332,3,79,32,499,NA
"E",14304,1832,290,1844,788,11684,NA
"F",962,363,10,71,92,507,NA
"G",2152,466,38,302,189,1497,NA
"H",553,157,14,98,60,336,NA
"I",1892,370,16,278,178,1344,NA
"J",1335,616,37,232,41,678,NA
"K",639,359,22,77,17,263,NA
"L",1088,290,27,110,31,767,NA
"M",555,112,4,57,56,387,NA
"N",497,121,10,60,17,359,NA
"O",3333,594,83,530,82,2657,NA
"P",5579,1048,164,852,256,4275,NA
"Q",13910,2166,180,1422,469,11275,NA
"R",1727,202,9,259,141,1384,NA
"S",483,147,22,76,50,286,NA
"T",431,62,23,65,77,292,NA
"U",1527,470,62,218,98,959,NA
"V",3030,1000,104,404,281,1749,NA
"A",1315,612,62,119,84,619,NA
"B",1498,354,17,212,126,1018,NA
"C",671,301,13,102,33,337,NA
"D",866,359,3,81,31,476,NA
"E",14426,2058,286,1860,830,11538,NA
"F",973,377,14,79,72,524,NA
"G",2133,441,27,304,187,1505,NA
"H",552,162,14,98,54,336,NA
"I",1817,382,18,309,166,1269,NA
"J",1309,596,38,233,47,666,NA
"K",487,220,19,77,11,256,NA
"L",1109,284,27,110,32,793,NA
"M",549,104,9,59,57,388,NA
"N",479,140,2,60,18,321,NA
"O",3314,529,85,525,81,2704,NA
"P",5980,1125,170,812,250,4605,NA
"Q",14085,1986,154,1508,497,11602,NA
"R",1717,263,18,258,135,1319,NA
"S",479,148,29,73,47,284,NA
"T",425,62,23,67,89,274,NA
"U",1531,460,52,225,102,969,NA
"V",3113,1023,107,410,278,1812,NA
"A",1272,615,59,120,89,568,NA
"B",1503,384,5,215,129,990,NA
"C",648,286,12,106,30,332,NA
"D",819,319,6,78,31,469,NA
"E",14002,1735,278,1854,817,11450,NA
"F",985,375,18,82,71,539,NA
"G",2130,499,24,298,185,1446,NA
"H",575,213,19,96,56,306,NA
"I",1908,435,27,305,178,1295,NA
"J",1359,623,41,233,47,689,NA
"K",474,208,19,87,12,254,NA
"L",1081,305,27,117,31,745,NA
"M",561,128,13,63,56,377,NA
"N",490,175,16,60,20,295,NA
"O",3432,615,98,525,81,2736,NA
"P",5994,1139,160,809,251,4604,NA
"Q",13966,1847,186,1432,461,11658,NA
"R",1768,320,14,219,135,1313,NA
"S",468,153,31,75,49,266,NA
"T",446,72,23,70,78,296,NA
"U",1543,470,52,229,97,976,NA
"V",3215,1083,108,420,291,1841,NA
"A",1269,629,59,120,87,553,NA
"B",1413,383,12,218,128,902,NA
"C",688,305,16,107,36,347,NA
"D",801,306,6,78,30,465,NA
"E",13776,1980,295,1880,826,10970,NA
"F",966,393,21,81,74,499,NA
"G",2182,536,27,302,185,1461,NA
"H",534,216,15,99,48,270,NA
"I",1842,443,20,304,162,1237,NA
"J",1347,640,42,230,52,655,NA
"K",450,203,19,85,14,233,NA
"L",1055,306,29,117,31,718,NA
"M",515,193,12,58,50,272,NA
"N",479,201,14,58,21,257,NA
"O",3727,671,107,519,78,2978,NA
"P",5882,1200,170,803,236,4446,NA
"Q",13624,2154,226,1400,476,10994,NA
"R",1865,428,19,235,136,1301,NA
"S",451,177,36,74,50,224,NA
"T",413,62,13,69,80,271,NA
"U",1502,535,39,226,86,881,NA
"V",3286,1186,111,423,306,1794,NA
"A",1231,624,60,122,94,513,NA
"B",1428,388,17,201,131,909,NA
"C",688,304,16,107,36,348,NA
"D",784,305,6,78,36,443,NA
"E",13333,2115,313,1838,870,10348,NA
"F",937,395,21,84,82,460,NA
"G",2059,568,44,312,188,1303,NA
"H",540,231,13,98,56,253,NA
"I",1826,459,25,306,182,1185,NA
"J",1321,609,39,229,63,649,NA
"K",440,204,21,87,12,224,NA
"L",999,340,27,116,29,630,NA
"M",557,196,6,59,54,307,NA
"N",466,189,9,59,21,256,NA
"O",3696,942,145,520,86,2668,NA
"P",5840,1415,187,798,229,4196,NA
"Q",13557,2310,238,1473,485,10762,NA
"R",1711,312,30,218,139,1260,NA
"S",461,191,37,75,48,222,NA
"T",381,45,12,66,78,258,NA
"U",1479,528,60,232,96,855,NA
"V",3245,1185,93,390,303,1757,NA
"A",1240,625,58,119,97,518,NA
"B",1438,364,15,194,145,929,NA
"C",1149,376,16,108,33,740,NA
"D",768,313,6,78,30,425,NA
"E",13963,2349,304,1778,888,10726,NA
"F",934,390,26,79,92,452,NA
"G",2509,764,42,289,207,1538,NA
"H",546,206,14,91,57,283,NA
"I",1799,400,27,284,196,1203,NA
"J",1545,695,39,225,73,777,NA
"K",474,229,28,79,2,243,NA
"L",1093,321,26,120,29,743,NA
"M",538,177,7,60,51,310,NA
"N",451,162,10,57,25,264,NA
"O",4070,1110,131,518,87,2873,NA
"P",5757,1341,193,803,241,4175,NA
"Q",13567,2206,203,1468,503,10858,NA
"R",1629,208,10,234,139,1282,NA
"S",447,182,36,74,46,219,NA
"T",413,66,4,72,76,271,NA
"U",1469,504,60,228,95,870,NA
"V",3170,1242,103,408,282,1646,NA
"A",1240,590,55,124,115,535,NA
"B",1439,314,21,211,185,940,NA
"C",1124,352,8,94,30,742,NA
"D",761,296,9,79,30,435,NA
"E",14057,1849,288,1744,913,11295,NA
"F",968,387,27,81,85,496,NA
"G",2595,671,25,301,210,1714,NA
"H",554,174,13,82,58,322,NA
"I",1863,381,23,301,206,1276,NA
"J",1519,669,39,225,76,774,NA
"K",480,223,24,75,7,250,NA
"L",1110,300,23,115,30,780,NA
"M",550,158,9,67,56,336,NA
"N",459,115,8,59,29,315,NA
"O",4040,1006,115,522,101,2933,NA
"P",5861,1083,172,787,240,4538,NA
"Q",14548,2018,166,1552,519,12011,NA
"R",1743,192,7,239,143,1408,NA
"S",449,138,32,74,40,271,NA
"T",430,67,14,70,77,286,NA
"U",1592,573,47,233,97,922,NA
"V",3196,1164,91,411,272,1760,NA
"A",1303,590,61,117,129,584,NA
"B",1448,318,14,195,176,954,NA
"C",1148,341,8,94,35,772,NA
"D",810,291,3,79,29,490,NA
"E",14492,1761,279,1756,916,11815,NA
"F",937,395,33,82,71,471,NA
"G",2596,656,24,312,224,1716,NA
"H",561,190,17,99,58,313,NA
"I",2029,460,25,311,199,1370,NA
"J",1572,662,38,231,81,829,NA
"K",479,214,25,75,11,254,NA
"L",1098,283,31,113,28,787,NA
"M",559,140,14,67,52,367,NA
"N",446,102,6,52,29,315,NA
"O",4037,971,118,524,85,2981,NA
"P",5979,1105,175,816,246,4628,NA
"Q",14787,1950,222,1389,530,12307,NA
"R",1710,189,16,238,156,1365,NA
"S",471,146,29,76,44,281,NA
"T",440,81,11,70,77,282,NA
"U",1608,566,43,232,102,940,NA
"V",3329,1141,93,428,278,1910,NA
"A",1349,605,55,117,128,616,NA
"B",1427,318,11,192,176,933,NA
"C",1144,328,9,94,44,772,NA
"D",831,307,5,80,33,491,NA
"E",14665,1724,254,1784,952,11989,NA
"F",950,400,28,81,78,472,NA
"G",2675,707,20,308,233,1735,NA
"H",518,131,13,107,55,332,NA
"I",1894,376,17,273,207,1311,NA
"J",2577,670,25,230,85,1822,NA
"K",478,222,24,77,13,243,NA
"L",1118,284,33,109,31,803,NA
"M",572,148,11,66,52,372,NA
"N",479,128,5,47,26,325,NA
"O",3901,812,79,504,85,3004,NA
"P",6032,1169,168,828,224,4639,NA
"Q",14828,1898,158,1387,529,12401,NA
"R",1762,207,9,255,155,1400,NA
"S",494,166,41,74,41,287,NA
"T",438,78,11,73,77,283,NA
"U",1526,535,39,239,98,893,NA
"V",3257,1127,92,384,271,1859,NA
"A",1382,595,55,127,131,656,NA
"B",1379,288,26,213,179,912,NA
"C",1129,333,9,97,33,763,NA
"D",855,303,3,80,30,522,NA
"E",14551,1801,255,1764,974,11776,NA
"F",960,405,33,81,81,474,NA
"G",2611,703,26,310,218,1690,NA
"H",538,146,11,101,47,345,NA
"I",1906,344,13,297,236,1326,NA
"J",1526,621,22,230,94,811,NA
"K",464,194,14,82,16,254,NA
"L",1141,302,34,105,34,805,NA
"M",566,125,8,63,56,385,NA
"N",479,144,3,46,28,307,NA
"O",3896,816,78,519,93,2987,NA
"P",6001,1153,164,826,234,4614,NA
"Q",14774,1938,174,1416,528,12308,NA
"R",1807,262,14,246,151,1394,NA
"S",500,180,38,75,46,274,NA
"T",446,78,11,71,71,297,NA
"U",1548,528,45,236,92,928,NA
"V",3170,1103,101,384,256,1811,NA
"A",1399,528,8,127,146,725,NA
"B",1537,315,25,185,181,1041,NA
"C",1230,350,10,104,38,842,NA
"D",1005,324,4,86,31,650,NA
"E",14656,2026,280,1744,962,11668,NA
"F",1014,393,18,79,78,543,NA
"G",2807,715,30,305,221,1871,NA
"H",646,203,18,106,47,396,NA
"I",2106,372,20,303,259,1475,NA
"J",1762,672,25,227,96,994,NA
"K",558,215,19,74,16,327,NA
"L",1244,322,33,112,32,890,NA
"M",637,135,6,63,56,446,NA
"N",599,162,9,59,26,411,NA
"O",4292,723,70,508,93,3476,NA
"P",6338,1274,168,819,239,4825,NA
"Q",15150,2111,215,1444,523,12516,NA
"R",1876,322,11,265,119,1435,NA
"S",586,176,34,75,46,364,NA
"T",481,78,11,75,65,338,NA
"U",1756,604,54,236,78,1074,NA
"V",3472,1086,99,382,270,2116,NA
"A",1332,512,13,125,152,668,NA
"B",1498,321,21,193,186,991,NA
"C",1212,350,10,107,47,815,NA
"D",957,302,1,86,37,618,NA
"E",14396,2024,271,1776,1022,11350,NA
"F",1001,389,14,83,83,529,NA
"G",2699,724,29,303,234,1741,NA
"H",643,215,22,103,46,382,NA
"I",2062,373,15,306,313,1376,NA
"J",1743,664,33,224,108,971,NA
"K",550,219,15,67,18,313,NA
"L",1149,313,35,113,37,799,NA
"M",647,143,12,61,58,446,NA
"N",623,182,4,53,29,412,NA
"O",4216,741,69,514,91,3384,NA
"P",6503,1591,188,817,232,4680,NA
"Q",14935,2212,190,1542,562,12161,NA
"R",1869,275,9,233,162,1432,NA
"S",573,170,33,73,49,354,NA
"T",463,77,11,72,64,322,NA
"U",1739,628,57,238,88,1023,NA
"V",3376,1088,95,376,252,2036,NA
"A",1334,500,14,126,154,680,NA
"B",1479,307,21,187,194,978,NA
"C",1234,349,8,95,53,832,NA
"D",946,285,6,81,42,619,NA
"E",14152,1942,262,1798,1120,11090,NA
"F",1033,344,16,84,89,600,NA
"G",2683,735,24,292,213,1735,NA
"H",626,177,13,104,51,398,NA
"I",2065,335,9,308,366,1364,NA
"J",1727,654,27,216,116,957,NA
"K",553,216,15,69,23,314,NA
"L",1171,277,31,112,40,854,NA
"M",649,120,7,56,60,469,NA
"N",647,161,8,55,37,449,NA
"O",4164,744,57,519,96,3324,NA
"P",6204,1399,210,824,228,4577,NA
"Q",14373,2114,180,1494,569,11690,NA
"R",1825,271,22,220,144,1410,NA
"S",572,175,36,71,50,347,NA
"T",455,85,14,68,60,310,NA
"U",1678,557,62,225,95,1026,NA
"V",3466,1137,114,392,253,2076,NA
"A",1321,436,7,129,165,720,NA
"B",1501,310,20,186,200,991,NA
"C",1218,352,7,95,50,816,NA
"D",962,292,3,82,39,631,NA
"E",14648,1822,230,1769,1179,11647,NA
"F",1068,352,19,81,94,622,NA
"G",2798,686,27,292,209,1903,NA
"H",598,152,7,97,49,397,NA
"I",2105,316,10,293,373,1416,NA
"J",1752,661,38,220,108,983,NA
"K",558,213,15,68,23,322,NA
"L",1202,295,35,109,37,870,NA
"M",649,109,5,55,64,476,NA
"N",638,145,6,57,44,449,NA
"O",4203,703,59,520,99,3401,NA
"P",6259,1254,186,801,246,4759,NA
"Q",15508,1983,172,1410,563,12962,NA
"R",1972,315,26,225,137,1520,NA
"S",565,160,38,71,44,361,NA
"T",459,60,14,69,60,339,NA
"U",1677,560,43,238,93,1024,NA
"V",3518,1050,108,391,255,2213,NA
"A",1196,362,7,131,160,674,NA
"B",1533,270,18,183,219,1044,NA
"C",1226,346,9,97,57,823,NA
"D",990,282,0,83,38,670,NA
"E",14664,1719,227,1772,1177,11768,NA
"F",1104,393,23,78,91,620,NA
"G",2884,687,26,299,212,1985,NA
"H",603,134,10,107,41,428,NA
"I",2096,303,8,263,438,1355,NA
"J",1744,649,38,216,111,984,NA
"K",580,193,18,74,31,356,NA
"L",1236,295,32,115,39,902,NA
"M",642,120,8,56,69,453,NA
"N",648,128,2,55,35,485,NA
"O",4290,726,45,529,99,3465,NA
"P",6317,1148,174,813,223,4946,NA
"Q",15519,1780,143,1529,623,13116,NA
"R",1926,204,7,244,146,1576,NA
"S",565,153,33,70,42,370,NA
"T",469,50,11,66,56,363,NA
"U",1657,548,47,237,93,1016,NA
"V",3502,970,73,389,263,2269,NA
"A",1207,374,14,135,170,663,NA
"B",1552,288,15,184,220,1044,NA
"C",1252,352,8,97,64,836,NA
"D",1005,269,3,83,48,688,NA
"E",14788,1690,254,2131,1186,11912,NA
"F",1090,379,17,79,87,624,NA
"G",2859,691,17,302,213,1955,NA
"H",668,198,11,96,48,422,NA
"I",2173,368,8,293,405,1400,NA
"J",1743,625,32,216,113,1005,NA
"K",572,190,15,74,36,346,NA
"L",1191,271,24,120,37,883,NA
"M",646,109,4,53,71,466,NA
"N",638,126,4,56,37,475,NA
"O",4274,711,49,526,99,3464,NA
"P",6374,1211,155,818,255,4908,NA
"Q",14687,1603,173,1415,591,12493,NA
"R",1964,235,8,245,138,1591,NA
"S",557,147,31,71,32,378,NA
"T",479,75,23,66,59,345,NA
"U",1660,537,43,239,88,1035,NA
"V",3521,1032,71,389,251,2238,NA
"A",1154,366,16,135,168,620,NA
"B",1574,308,13,199,227,1039,NA
"C",1259,351,8,90,67,841,NA
"D",965,257,3,83,45,663,NA
"E",15055,1974,260,1975,1223,11858,NA
"F",1066,367,15,74,91,608,NA
"G",2850,658,17,306,222,1970,NA
"H",508,206,8,98,46,256,NA
"I",2108,315,7,292,419,1374,NA
"J",1777,643,34,217,127,1007,NA
"K",559,184,15,65,35,340,NA
"L",1211,279,23,118,38,894,NA
"M",646,132,7,58,61,453,NA
"N",637,133,6,53,34,470,NA
"O",3761,537,63,528,105,3119,NA
"P",6383,1200,161,819,240,4943,NA
"Q",14883,1716,169,1444,582,12585,NA
"R",1930,188,9,249,149,1593,NA
"S",560,172,33,72,32,356,NA
"T",478,72,18,85,63,343,NA
"U",1721,587,38,228,81,1053,NA
"V",3395,1050,63,390,220,2125,NA
"A",1166,385,12,130,186,595,NA
"B",1632,381,23,191,229,1022,NA
"C",1263,353,8,90,69,841,NA
"D",951,291,4,79,39,621,NA
"E",14936,2216,264,2026,1237,11483,NA
"F",1066,368,15,69,96,602,NA
"G",2784,701,17,297,222,1861,NA
"H",548,181,9,79,42,325,NA
"I",2160,379,17,296,449,1332,NA
"J",1745,641,30,226,122,982,NA
"K",535,185,15,67,33,317,NA
"L",1184,307,35,127,40,837,NA
"M",570,147,10,62,70,353,NA
"N",607,148,2,58,42,417,NA
"O",3786,520,61,518,103,3163,NA
"P",6196,1310,178,823,235,4651,NA
"Q",14085,2061,189,1355,483,11541,NA
"R",1864,248,9,227,132,1484,NA
"S",547,194,30,74,28,325,NA
"T",446,74,18,87,62,310,NA
"U",1674,572,40,212,86,1016,NA
"V",3246,1066,62,398,221,1959,NA
"A",1176,379,9,129,184,613,NA
"B",1541,380,19,191,244,917,NA
"C",1242,370,10,106,72,800,NA
"D",910,270,1,74,39,601,NA
"E",14439,2221,259,2092,1262,10956,NA
"F",1016,373,14,67,102,541,NA
"G",2785,733,22,296,225,1827,NA
"H",631,192,13,102,44,395,NA
"I",2132,374,16,284,484,1274,NA
"J",1721,645,37,223,127,949,NA
"K",507,179,15,67,33,295,NA
"L",1196,323,33,123,42,831,NA
"M",568,171,8,62,62,335,NA
"N",594,154,10,60,42,398,NA
"O",3735,562,66,523,107,3066,NA
"P",6181,1447,194,824,166,4568,NA
"Q",14343,2305,222,1496,552,11486,NA
"R",1768,224,7,222,131,1413,NA
"S",534,205,38,74,26,303,NA
"T",437,69,17,92,57,311,NA
"U",1703,621,63,229,85,997,NA
"V",3256,1092,55,382,233,1931,NA
