"PHR","Date","Cases_Raw","Cases_Daily","CI_Lower","CI_Upper","Order_AutoReg","Order_Moving_Avg","Differencing"
"2/3 - Arlington PHR",2020-03-04,0,0,NA,NA,2,3,2
"2/3 - Arlington PHR",2020-03-05,0,0,NA,NA,2,3,2
"2/3 - Arlington PHR",2020-03-06,0,0,NA,NA,2,3,2
"2/3 - Arlington PHR",2020-03-07,NA,NA,NA,NA,2,3,2
"2/3 - Arlington PHR",2020-03-08,NA,NA,NA,NA,2,3,2
"2/3 - Arlington PHR",2020-03-09,1,NA,NA,NA,2,3,2
"2/3 - Arlington PHR",2020-03-10,2,NA,NA,NA,2,3,2
"2/3 - Arlington PHR",2020-03-11,3,NA,NA,NA,2,3,2
"2/3 - Arlington PHR",2020-03-12,1,NA,NA,NA,2,3,2
"2/3 - Arlington PHR",2020-03-13,0,NA,NA,NA,2,3,2
"2/3 - Arlington PHR",2020-03-14,NA,NA,NA,NA,2,3,2
"2/3 - Arlington PHR",2020-03-15,10,NA,NA,NA,2,3,2
"2/3 - Arlington PHR",2020-03-16,0,NA,NA,NA,2,3,2
"2/3 - Arlington PHR",2020-03-17,2,NA,NA,NA,2,3,2
"2/3 - Arlington PHR",2020-03-18,11,NA,NA,NA,2,3,2
"2/3 - Arlington PHR",2020-03-19,8,NA,NA,NA,2,3,2
"2/3 - Arlington PHR",2020-03-20,13,NA,NA,NA,2,3,2
"2/3 - Arlington PHR",2020-03-21,21,9.28571428571429,NA,NA,2,3,2
"2/3 - Arlington PHR",2020-03-22,9,9.14285714285714,NA,NA,2,3,2
"2/3 - Arlington PHR",2020-03-23,9,10.4285714285714,NA,NA,2,3,2
"2/3 - Arlington PHR",2020-03-24,190,37.2857142857143,NA,NA,2,3,2
"2/3 - Arlington PHR",2020-03-25,61,44.4285714285714,NA,NA,2,3,2
"2/3 - Arlington PHR",2020-03-26,208,73,NA,NA,2,3,2
"2/3 - Arlington PHR",2020-03-27,140,91.1428571428571,NA,NA,2,3,2
"2/3 - Arlington PHR",2020-03-28,110,103.857142857143,NA,NA,2,3,2
"2/3 - Arlington PHR",2020-03-29,136,122,NA,NA,2,3,2
"2/3 - Arlington PHR",2020-03-30,86,133,NA,NA,2,3,2
"2/3 - Arlington PHR",2020-03-31,162,129,NA,NA,2,3,2
"2/3 - Arlington PHR",2020-04-01,252,156.285714285714,NA,NA,2,3,2
"2/3 - Arlington PHR",2020-04-02,157,149,NA,NA,2,3,2
"2/3 - Arlington PHR",2020-04-03,231,162,NA,NA,2,3,2
"2/3 - Arlington PHR",2020-04-04,216,177.142857142857,NA,NA,2,3,2
"2/3 - Arlington PHR",2020-04-05,126,175.714285714286,NA,NA,2,3,2
"2/3 - Arlington PHR",2020-04-06,164,186.857142857143,NA,NA,2,3,2
"2/3 - Arlington PHR",2020-04-07,154,185.714285714286,NA,NA,2,3,2
"2/3 - Arlington PHR",2020-04-08,275,189,NA,NA,2,3,2
"2/3 - Arlington PHR",2020-04-09,236,200.285714285714,NA,NA,2,3,2
"2/3 - Arlington PHR",2020-04-10,252,203.285714285714,NA,NA,2,3,2
"2/3 - Arlington PHR",2020-04-11,252,208.428571428571,NA,NA,2,3,2
"2/3 - Arlington PHR",2020-04-12,233,223.714285714286,NA,NA,2,3,2
"2/3 - Arlington PHR",2020-04-13,125,218.142857142857,NA,NA,2,3,2
"2/3 - Arlington PHR",2020-04-14,219,227.428571428571,NA,NA,2,3,2
"2/3 - Arlington PHR",2020-04-15,190,215.285714285714,NA,NA,2,3,2
"2/3 - Arlington PHR",2020-04-16,237,215.428571428571,NA,NA,2,3,2
"2/3 - Arlington PHR",2020-04-17,235,213,NA,NA,2,3,2
"2/3 - Arlington PHR",2020-04-18,295,219.142857142857,NA,NA,2,3,2
"2/3 - Arlington PHR",2020-04-19,215,216.571428571429,NA,NA,2,3,2
"2/3 - Arlington PHR",2020-04-20,148,219.857142857143,NA,NA,2,3,2
"2/3 - Arlington PHR",2020-04-21,147,209.571428571429,NA,NA,2,3,2
"2/3 - Arlington PHR",2020-04-22,275,221.714285714286,NA,NA,2,3,2
"2/3 - Arlington PHR",2020-04-23,253,224,NA,NA,2,3,2
"2/3 - Arlington PHR",2020-04-24,287,231.428571428571,NA,NA,2,3,2
"2/3 - Arlington PHR",2020-04-25,315,234.285714285714,NA,NA,2,3,2
"2/3 - Arlington PHR",2020-04-26,256,240.142857142857,NA,NA,2,3,2
"2/3 - Arlington PHR",2020-04-27,273,258,NA,NA,2,3,2
"2/3 - Arlington PHR",2020-04-28,244,271.857142857143,NA,NA,2,3,2
"2/3 - Arlington PHR",2020-04-29,339,281,NA,NA,2,3,2
"2/3 - Arlington PHR",2020-04-30,231,277.857142857143,NA,NA,2,3,2
"2/3 - Arlington PHR",2020-05-01,342,285.714285714286,NA,NA,2,3,2
"2/3 - Arlington PHR",2020-05-02,492,311,NA,NA,2,3,2
"2/3 - Arlington PHR",2020-05-03,352,324.714285714286,NA,NA,2,3,2
"2/3 - Arlington PHR",2020-05-04,368,338.285714285714,NA,NA,2,3,2
"2/3 - Arlington PHR",2020-05-05,337,351.571428571429,NA,NA,2,3,2
"2/3 - Arlington PHR",2020-05-06,439,365.857142857143,NA,NA,2,3,2
"2/3 - Arlington PHR",2020-05-07,251,368.714285714286,NA,NA,2,3,2
"2/3 - Arlington PHR",2020-05-08,482,388.714285714286,NA,NA,2,3,2
"2/3 - Arlington PHR",2020-05-09,515,392,NA,NA,2,3,2
"2/3 - Arlington PHR",2020-05-10,366,394,NA,NA,2,3,2
"2/3 - Arlington PHR",2020-05-11,786,453.714285714286,NA,NA,2,3,2
"2/3 - Arlington PHR",2020-05-12,394,461.857142857143,NA,NA,2,3,2
"2/3 - Arlington PHR",2020-05-13,405,457,NA,NA,2,3,2
"2/3 - Arlington PHR",2020-05-14,612,508.571428571429,NA,NA,2,3,2
"2/3 - Arlington PHR",2020-05-15,452,504.285714285714,NA,NA,2,3,2
"2/3 - Arlington PHR",2020-05-16,333,478.285714285714,NA,NA,2,3,2
"2/3 - Arlington PHR",2020-05-17,324,472.285714285714,NA,NA,2,3,2
"2/3 - Arlington PHR",2020-05-18,337,408.142857142857,NA,NA,2,3,2
"2/3 - Arlington PHR",2020-05-19,448,415.857142857143,NA,NA,2,3,2
"2/3 - Arlington PHR",2020-05-20,444,421.428571428571,NA,NA,2,3,2
"2/3 - Arlington PHR",2020-05-21,241,368.428571428571,NA,NA,2,3,2
"2/3 - Arlington PHR",2020-05-22,564,384.428571428571,NA,NA,2,3,2
"2/3 - Arlington PHR",2020-05-23,350,386.857142857143,NA,NA,2,3,2
"2/3 - Arlington PHR",2020-05-24,244,375.428571428571,NA,NA,2,3,2
"2/3 - Arlington PHR",2020-05-25,237,361.142857142857,NA,NA,2,3,2
"2/3 - Arlington PHR",2020-05-26,216,328,NA,NA,2,3,2
"2/3 - Arlington PHR",2020-05-27,326,311.142857142857,NA,NA,2,3,2
"2/3 - Arlington PHR",2020-05-28,667,372,NA,NA,2,3,2
"2/3 - Arlington PHR",2020-05-29,464,357.714285714286,NA,NA,2,3,2
"2/3 - Arlington PHR",2020-05-30,433,369.571428571429,NA,NA,2,3,2
"2/3 - Arlington PHR",2020-05-31,364,386.714285714286,NA,NA,2,3,2
"2/3 - Arlington PHR",2020-06-01,315,397.857142857143,NA,NA,2,3,2
"2/3 - Arlington PHR",2020-06-02,520,441.285714285714,NA,NA,2,3,2
"2/3 - Arlington PHR",2020-06-03,459,460.285714285714,NA,NA,2,3,2
"2/3 - Arlington PHR",2020-06-04,486,434.428571428571,NA,NA,2,3,2
"2/3 - Arlington PHR",2020-06-05,560,448.142857142857,NA,NA,2,3,2
"2/3 - Arlington PHR",2020-06-06,487,455.857142857143,NA,NA,2,3,2
"2/3 - Arlington PHR",2020-06-07,406,461.857142857143,NA,NA,2,3,2
"2/3 - Arlington PHR",2020-06-08,356,467.714285714286,NA,NA,2,3,2
"2/3 - Arlington PHR",2020-06-09,684,491.142857142857,NA,NA,2,3,2
"2/3 - Arlington PHR",2020-06-10,496,496.428571428571,NA,NA,2,3,2
"2/3 - Arlington PHR",2020-06-11,589,511.142857142857,NA,NA,2,3,2
"2/3 - Arlington PHR",2020-06-12,654,524.571428571429,NA,NA,2,3,2
"2/3 - Arlington PHR",2020-06-13,847,576,NA,NA,2,3,2
"2/3 - Arlington PHR",2020-06-14,522,592.571428571429,NA,NA,2,3,2
"2/3 - Arlington PHR",2020-06-15,425,602.428571428571,NA,NA,2,3,2
"2/3 - Arlington PHR",2020-06-16,695,604,NA,NA,2,3,2
"2/3 - Arlington PHR",2020-06-17,671,629,NA,NA,2,3,2
"2/3 - Arlington PHR",2020-06-18,866,668.571428571429,NA,NA,2,3,2
"2/3 - Arlington PHR",2020-06-19,913,705.571428571429,NA,NA,2,3,2
"2/3 - Arlington PHR",2020-06-20,832,703.428571428571,NA,NA,2,3,2
"2/3 - Arlington PHR",2020-06-21,798,742.857142857143,NA,NA,2,3,2
"2/3 - Arlington PHR",2020-06-22,950,817.857142857143,NA,NA,2,3,2
"2/3 - Arlington PHR",2020-06-23,825,836.428571428571,NA,NA,2,3,2
"2/3 - Arlington PHR",2020-06-24,1520,957.714285714286,NA,NA,2,3,2
"2/3 - Arlington PHR",2020-06-25,1123,994.428571428571,NA,NA,2,3,2
"2/3 - Arlington PHR",2020-06-26,1111,1022.71428571429,NA,NA,2,3,2
"2/3 - Arlington PHR",2020-06-27,1268,1085,NA,NA,2,3,2
"2/3 - Arlington PHR",2020-06-28,1205,1143.14285714286,NA,NA,2,3,2
"2/3 - Arlington PHR",2020-06-29,1104,1165.14285714286,NA,NA,2,3,2
"2/3 - Arlington PHR",2020-06-30,1499,1261.42857142857,NA,NA,2,3,2
"2/3 - Arlington PHR",2020-07-01,NA,1301.4479982901,1280.75862957505,1322.13736700514,2,3,2
"2/3 - Arlington PHR",2020-07-02,NA,1352.02434480591,1319.60537216381,1384.44331744802,2,3,2
"2/3 - Arlington PHR",2020-07-03,NA,1422.77846942826,1380.02900771595,1465.52793114057,2,3,2
"2/3 - Arlington PHR",2020-07-04,NA,1457.60989194722,1402.09911614628,1513.12066774816,2,3,2
"2/3 - Arlington PHR",2020-07-05,NA,1518.87662126062,1451.40877052837,1586.34447199287,2,3,2
"2/3 - Arlington PHR",2020-07-06,NA,1580.97744856526,1501.13146701987,1660.82343011065,2,3,2
"2/3 - Arlington PHR",2020-07-07,NA,1616.56447637577,1522.5236014363,1710.60535131525,2,3,2
"2/3 - Arlington PHR",2020-07-08,NA,1685.19700059313,1577.76355988075,1792.6304413055,2,3,2
"2/3 - Arlington PHR",2020-07-09,NA,1737.16697609043,1615.21783739318,1859.11611478769,2,3,2
"2/3 - Arlington PHR",2020-07-10,NA,1778.59645033451,1641.08671938985,1916.10618127918,2,3,2
"9/10 - El Paso PHR",2020-03-04,0,0,NA,NA,5,2,2
"9/10 - El Paso PHR",2020-03-05,0,0,NA,NA,5,2,2
"9/10 - El Paso PHR",2020-03-06,0,0,NA,NA,5,2,2
"9/10 - El Paso PHR",2020-03-07,NA,NA,NA,NA,5,2,2
"9/10 - El Paso PHR",2020-03-08,NA,NA,NA,NA,5,2,2
"9/10 - El Paso PHR",2020-03-09,0,NA,NA,NA,5,2,2
"9/10 - El Paso PHR",2020-03-10,0,NA,NA,NA,5,2,2
"9/10 - El Paso PHR",2020-03-11,0,NA,NA,NA,5,2,2
"9/10 - El Paso PHR",2020-03-12,0,NA,NA,NA,5,2,2
"9/10 - El Paso PHR",2020-03-13,0,NA,NA,NA,5,2,2
"9/10 - El Paso PHR",2020-03-14,NA,NA,NA,NA,5,2,2
"9/10 - El Paso PHR",2020-03-15,1,NA,NA,NA,5,2,2
"9/10 - El Paso PHR",2020-03-16,0,NA,NA,NA,5,2,2
"9/10 - El Paso PHR",2020-03-17,2,NA,NA,NA,5,2,2
"9/10 - El Paso PHR",2020-03-18,0,NA,NA,NA,5,2,2
"9/10 - El Paso PHR",2020-03-19,0,NA,NA,NA,5,2,2
"9/10 - El Paso PHR",2020-03-20,1,NA,NA,NA,5,2,2
"9/10 - El Paso PHR",2020-03-21,4,1.14285714285714,NA,NA,5,2,2
"9/10 - El Paso PHR",2020-03-22,0,1,NA,NA,5,2,2
"9/10 - El Paso PHR",2020-03-23,0,1,NA,NA,5,2,2
"9/10 - El Paso PHR",2020-03-24,2,1,NA,NA,5,2,2
"9/10 - El Paso PHR",2020-03-25,7,2,NA,NA,5,2,2
"9/10 - El Paso PHR",2020-03-26,13,3.85714285714286,NA,NA,5,2,2
"9/10 - El Paso PHR",2020-03-27,2,4,NA,NA,5,2,2
"9/10 - El Paso PHR",2020-03-28,13,5.28571428571429,NA,NA,5,2,2
"9/10 - El Paso PHR",2020-03-29,9,6.57142857142857,NA,NA,5,2,2
"9/10 - El Paso PHR",2020-03-30,11,8.14285714285714,NA,NA,5,2,2
"9/10 - El Paso PHR",2020-03-31,13,9.71428571428571,NA,NA,5,2,2
"9/10 - El Paso PHR",2020-04-01,15,10.8571428571429,NA,NA,5,2,2
"9/10 - El Paso PHR",2020-04-02,19,11.7142857142857,NA,NA,5,2,2
"9/10 - El Paso PHR",2020-04-03,17,13.8571428571429,NA,NA,5,2,2
"9/10 - El Paso PHR",2020-04-04,37,17.2857142857143,NA,NA,5,2,2
"9/10 - El Paso PHR",2020-04-05,20,18.8571428571429,NA,NA,5,2,2
"9/10 - El Paso PHR",2020-04-06,16,19.5714285714286,NA,NA,5,2,2
"9/10 - El Paso PHR",2020-04-07,26,21.4285714285714,NA,NA,5,2,2
"9/10 - El Paso PHR",2020-04-08,32,23.8571428571429,NA,NA,5,2,2
"9/10 - El Paso PHR",2020-04-09,44,27.4285714285714,NA,NA,5,2,2
"9/10 - El Paso PHR",2020-04-10,51,32.2857142857143,NA,NA,5,2,2
"9/10 - El Paso PHR",2020-04-11,31,31.4285714285714,NA,NA,5,2,2
"9/10 - El Paso PHR",2020-04-12,21,31.5714285714286,NA,NA,5,2,2
"9/10 - El Paso PHR",2020-04-13,29,33.4285714285714,NA,NA,5,2,2
"9/10 - El Paso PHR",2020-04-14,15,31.8571428571429,NA,NA,5,2,2
"9/10 - El Paso PHR",2020-04-15,55,35.1428571428571,NA,NA,5,2,2
"9/10 - El Paso PHR",2020-04-16,58,37.1428571428571,NA,NA,5,2,2
"9/10 - El Paso PHR",2020-04-17,75,40.5714285714286,NA,NA,5,2,2
"9/10 - El Paso PHR",2020-04-18,35,41.1428571428571,NA,NA,5,2,2
"9/10 - El Paso PHR",2020-04-19,23,41.4285714285714,NA,NA,5,2,2
"9/10 - El Paso PHR",2020-04-20,28,41.2857142857143,NA,NA,5,2,2
"9/10 - El Paso PHR",2020-04-21,33,43.8571428571429,NA,NA,5,2,2
"9/10 - El Paso PHR",2020-04-22,49,43,NA,NA,5,2,2
"9/10 - El Paso PHR",2020-04-23,67,44.2857142857143,NA,NA,5,2,2
"9/10 - El Paso PHR",2020-04-24,39,39.1428571428571,NA,NA,5,2,2
"9/10 - El Paso PHR",2020-04-25,34,39,NA,NA,5,2,2
"9/10 - El Paso PHR",2020-04-26,78,46.8571428571429,NA,NA,5,2,2
"9/10 - El Paso PHR",2020-04-27,35,47.8571428571429,NA,NA,5,2,2
"9/10 - El Paso PHR",2020-04-28,34,48,NA,NA,5,2,2
"9/10 - El Paso PHR",2020-04-29,41,46.8571428571429,NA,NA,5,2,2
"9/10 - El Paso PHR",2020-04-30,43,43.4285714285714,NA,NA,5,2,2
"9/10 - El Paso PHR",2020-05-01,46,44.4285714285714,NA,NA,5,2,2
"9/10 - El Paso PHR",2020-05-02,46,46.1428571428571,NA,NA,5,2,2
"9/10 - El Paso PHR",2020-05-03,33,39.7142857142857,NA,NA,5,2,2
"9/10 - El Paso PHR",2020-05-04,17,37.1428571428571,NA,NA,5,2,2
"9/10 - El Paso PHR",2020-05-05,51,39.5714285714286,NA,NA,5,2,2
"9/10 - El Paso PHR",2020-05-06,57,41.8571428571429,NA,NA,5,2,2
"9/10 - El Paso PHR",2020-05-07,50,42.8571428571429,NA,NA,5,2,2
"9/10 - El Paso PHR",2020-05-08,84,48.2857142857143,NA,NA,5,2,2
"9/10 - El Paso PHR",2020-05-09,89,54.4285714285714,NA,NA,5,2,2
"9/10 - El Paso PHR",2020-05-10,46,56.2857142857143,NA,NA,5,2,2
"9/10 - El Paso PHR",2020-05-11,22,57,NA,NA,5,2,2
"9/10 - El Paso PHR",2020-05-12,21,52.7142857142857,NA,NA,5,2,2
"9/10 - El Paso PHR",2020-05-13,73,55,NA,NA,5,2,2
"9/10 - El Paso PHR",2020-05-14,48,54.7142857142857,NA,NA,5,2,2
"9/10 - El Paso PHR",2020-05-15,161,65.7142857142857,NA,NA,5,2,2
"9/10 - El Paso PHR",2020-05-16,64,62.1428571428571,NA,NA,5,2,2
"9/10 - El Paso PHR",2020-05-17,76,66.4285714285714,NA,NA,5,2,2
"9/10 - El Paso PHR",2020-05-18,46,69.8571428571429,NA,NA,5,2,2
"9/10 - El Paso PHR",2020-05-19,88,79.4285714285714,NA,NA,5,2,2
"9/10 - El Paso PHR",2020-05-20,89,81.7142857142857,NA,NA,5,2,2
"9/10 - El Paso PHR",2020-05-21,127,93,NA,NA,5,2,2
"9/10 - El Paso PHR",2020-05-22,127,88.1428571428571,NA,NA,5,2,2
"9/10 - El Paso PHR",2020-05-23,109,94.5714285714286,NA,NA,5,2,2
"9/10 - El Paso PHR",2020-05-24,84,95.7142857142857,NA,NA,5,2,2
"9/10 - El Paso PHR",2020-05-25,59,97.5714285714286,NA,NA,5,2,2
"9/10 - El Paso PHR",2020-05-26,24,88.4285714285714,NA,NA,5,2,2
"9/10 - El Paso PHR",2020-05-27,72,86,NA,NA,5,2,2
"9/10 - El Paso PHR",2020-05-28,142,88.1428571428571,NA,NA,5,2,2
"9/10 - El Paso PHR",2020-05-29,69,79.8571428571429,NA,NA,5,2,2
"9/10 - El Paso PHR",2020-05-30,86,76.5714285714286,NA,NA,5,2,2
"9/10 - El Paso PHR",2020-05-31,91,77.5714285714286,NA,NA,5,2,2
"9/10 - El Paso PHR",2020-06-01,40,74.8571428571429,NA,NA,5,2,2
"9/10 - El Paso PHR",2020-06-02,53,79,NA,NA,5,2,2
"9/10 - El Paso PHR",2020-06-03,52,76.1428571428571,NA,NA,5,2,2
"9/10 - El Paso PHR",2020-06-04,211,86,NA,NA,5,2,2
"9/10 - El Paso PHR",2020-06-05,163,99.4285714285714,NA,NA,5,2,2
"9/10 - El Paso PHR",2020-06-06,109,102.714285714286,NA,NA,5,2,2
"9/10 - El Paso PHR",2020-06-07,79,101,NA,NA,5,2,2
"9/10 - El Paso PHR",2020-06-08,3,95.7142857142857,NA,NA,5,2,2
"9/10 - El Paso PHR",2020-06-09,95,101.714285714286,NA,NA,5,2,2
"9/10 - El Paso PHR",2020-06-10,191,121.571428571429,NA,NA,5,2,2
"9/10 - El Paso PHR",2020-06-11,83,103.285714285714,NA,NA,5,2,2
"9/10 - El Paso PHR",2020-06-12,78,91.1428571428571,NA,NA,5,2,2
"9/10 - El Paso PHR",2020-06-13,135,94.8571428571429,NA,NA,5,2,2
"9/10 - El Paso PHR",2020-06-14,52,91,NA,NA,5,2,2
"9/10 - El Paso PHR",2020-06-15,85,102.714285714286,NA,NA,5,2,2
"9/10 - El Paso PHR",2020-06-16,127,107.285714285714,NA,NA,5,2,2
"9/10 - El Paso PHR",2020-06-17,92,93.1428571428571,NA,NA,5,2,2
"9/10 - El Paso PHR",2020-06-18,182,107.285714285714,NA,NA,5,2,2
"9/10 - El Paso PHR",2020-06-19,155,118.285714285714,NA,NA,5,2,2
"9/10 - El Paso PHR",2020-06-20,246,134.142857142857,NA,NA,5,2,2
"9/10 - El Paso PHR",2020-06-21,158,149.285714285714,NA,NA,5,2,2
"9/10 - El Paso PHR",2020-06-22,92,150.285714285714,NA,NA,5,2,2
"9/10 - El Paso PHR",2020-06-23,281,172.285714285714,NA,NA,5,2,2
"9/10 - El Paso PHR",2020-06-24,242,193.714285714286,NA,NA,5,2,2
"9/10 - El Paso PHR",2020-06-25,301,210.714285714286,NA,NA,5,2,2
"9/10 - El Paso PHR",2020-06-26,313,233.285714285714,NA,NA,5,2,2
"9/10 - El Paso PHR",2020-06-27,247,233.428571428571,NA,NA,5,2,2
"9/10 - El Paso PHR",2020-06-28,318,256.285714285714,NA,NA,5,2,2
"9/10 - El Paso PHR",2020-06-29,158,265.714285714286,NA,NA,5,2,2
"9/10 - El Paso PHR",2020-06-30,457,290.857142857143,NA,NA,5,2,2
"9/10 - El Paso PHR",2020-07-01,NA,305.498416873779,299.391690670056,311.605143077502,5,2,2
"9/10 - El Paso PHR",2020-07-02,NA,312.739635959129,304.027966389836,321.451305528421,5,2,2
"9/10 - El Paso PHR",2020-07-03,NA,329.4801538667,317.77351791414,341.18678981926,5,2,2
"9/10 - El Paso PHR",2020-07-04,NA,345.535690794639,330.038050760274,361.033330829004,5,2,2
"9/10 - El Paso PHR",2020-07-05,NA,365.677281736043,345.876973166986,385.477590305099,5,2,2
"9/10 - El Paso PHR",2020-07-06,NA,381.424023437502,355.656066001151,407.191980873852,5,2,2
"9/10 - El Paso PHR",2020-07-07,NA,391.897962107488,360.231216737223,423.564707477754,5,2,2
"9/10 - El Paso PHR",2020-07-08,NA,406.373286607293,368.997227131387,443.7493460832,5,2,2
"9/10 - El Paso PHR",2020-07-09,NA,423.457021458365,380.070146193058,466.843896723673,5,2,2
"9/10 - El Paso PHR",2020-07-10,NA,442.008399455215,392.110842861153,491.905956049277,5,2,2
"11 - Harlingen PHR",2020-03-04,0,0,NA,NA,1,0,2
"11 - Harlingen PHR",2020-03-05,0,0,NA,NA,1,0,2
"11 - Harlingen PHR",2020-03-06,0,0,NA,NA,1,0,2
"11 - Harlingen PHR",2020-03-07,NA,NA,NA,NA,1,0,2
"11 - Harlingen PHR",2020-03-08,NA,NA,NA,NA,1,0,2
"11 - Harlingen PHR",2020-03-09,0,NA,NA,NA,1,0,2
"11 - Harlingen PHR",2020-03-10,0,NA,NA,NA,1,0,2
"11 - Harlingen PHR",2020-03-11,0,NA,NA,NA,1,0,2
"11 - Harlingen PHR",2020-03-12,0,NA,NA,NA,1,0,2
"11 - Harlingen PHR",2020-03-13,0,NA,NA,NA,1,0,2
"11 - Harlingen PHR",2020-03-14,NA,NA,NA,NA,1,0,2
"11 - Harlingen PHR",2020-03-15,0,NA,NA,NA,1,0,2
"11 - Harlingen PHR",2020-03-16,0,NA,NA,NA,1,0,2
"11 - Harlingen PHR",2020-03-17,1,NA,NA,NA,1,0,2
"11 - Harlingen PHR",2020-03-18,0,NA,NA,NA,1,0,2
"11 - Harlingen PHR",2020-03-19,0,NA,NA,NA,1,0,2
"11 - Harlingen PHR",2020-03-20,1,NA,NA,NA,1,0,2
"11 - Harlingen PHR",2020-03-21,2,0.571428571428571,NA,NA,1,0,2
"11 - Harlingen PHR",2020-03-22,7,1.57142857142857,NA,NA,1,0,2
"11 - Harlingen PHR",2020-03-23,2,1.85714285714286,NA,NA,1,0,2
"11 - Harlingen PHR",2020-03-24,1,1.85714285714286,NA,NA,1,0,2
"11 - Harlingen PHR",2020-03-25,12,3.57142857142857,NA,NA,1,0,2
"11 - Harlingen PHR",2020-03-26,13,5.42857142857143,NA,NA,1,0,2
"11 - Harlingen PHR",2020-03-27,17,7.71428571428571,NA,NA,1,0,2
"11 - Harlingen PHR",2020-03-28,18,10,NA,NA,1,0,2
"11 - Harlingen PHR",2020-03-29,25,12.5714285714286,NA,NA,1,0,2
"11 - Harlingen PHR",2020-03-30,9,13.5714285714286,NA,NA,1,0,2
"11 - Harlingen PHR",2020-03-31,30,17.7142857142857,NA,NA,1,0,2
"11 - Harlingen PHR",2020-04-01,23,19.2857142857143,NA,NA,1,0,2
"11 - Harlingen PHR",2020-04-02,49,24.4285714285714,NA,NA,1,0,2
"11 - Harlingen PHR",2020-04-03,48,28.8571428571429,NA,NA,1,0,2
"11 - Harlingen PHR",2020-04-04,41,32.1428571428571,NA,NA,1,0,2
"11 - Harlingen PHR",2020-04-05,36,33.7142857142857,NA,NA,1,0,2
"11 - Harlingen PHR",2020-04-06,32,37,NA,NA,1,0,2
"11 - Harlingen PHR",2020-04-07,51,40,NA,NA,1,0,2
"11 - Harlingen PHR",2020-04-08,35,41.7142857142857,NA,NA,1,0,2
"11 - Harlingen PHR",2020-04-09,60,43.2857142857143,NA,NA,1,0,2
"11 - Harlingen PHR",2020-04-10,50,43.5714285714286,NA,NA,1,0,2
"11 - Harlingen PHR",2020-04-11,53,45.2857142857143,NA,NA,1,0,2
"11 - Harlingen PHR",2020-04-12,67,49.7142857142857,NA,NA,1,0,2
"11 - Harlingen PHR",2020-04-13,7,46.1428571428571,NA,NA,1,0,2
"11 - Harlingen PHR",2020-04-14,46,45.4285714285714,NA,NA,1,0,2
"11 - Harlingen PHR",2020-04-15,65,49.7142857142857,NA,NA,1,0,2
"11 - Harlingen PHR",2020-04-16,40,46.8571428571429,NA,NA,1,0,2
"11 - Harlingen PHR",2020-04-17,42,45.7142857142857,NA,NA,1,0,2
"11 - Harlingen PHR",2020-04-18,27,42,NA,NA,1,0,2
"11 - Harlingen PHR",2020-04-19,48,39.2857142857143,NA,NA,1,0,2
"11 - Harlingen PHR",2020-04-20,19,41,NA,NA,1,0,2
"11 - Harlingen PHR",2020-04-21,21,37.4285714285714,NA,NA,1,0,2
"11 - Harlingen PHR",2020-04-22,28,32.1428571428571,NA,NA,1,0,2
"11 - Harlingen PHR",2020-04-23,28,30.4285714285714,NA,NA,1,0,2
"11 - Harlingen PHR",2020-04-24,41,30.2857142857143,NA,NA,1,0,2
"11 - Harlingen PHR",2020-04-25,54,34.1428571428571,NA,NA,1,0,2
"11 - Harlingen PHR",2020-04-26,20,30.1428571428571,NA,NA,1,0,2
"11 - Harlingen PHR",2020-04-27,11,29,NA,NA,1,0,2
"11 - Harlingen PHR",2020-04-28,22,29.1428571428571,NA,NA,1,0,2
"11 - Harlingen PHR",2020-04-29,18,27.7142857142857,NA,NA,1,0,2
"11 - Harlingen PHR",2020-04-30,33,28.4285714285714,NA,NA,1,0,2
"11 - Harlingen PHR",2020-05-01,29,26.7142857142857,NA,NA,1,0,2
"11 - Harlingen PHR",2020-05-02,27,22.8571428571429,NA,NA,1,0,2
"11 - Harlingen PHR",2020-05-03,31,24.4285714285714,NA,NA,1,0,2
"11 - Harlingen PHR",2020-05-04,9,24.1428571428571,NA,NA,1,0,2
"11 - Harlingen PHR",2020-05-05,35,26,NA,NA,1,0,2
"11 - Harlingen PHR",2020-05-06,17,25.8571428571429,NA,NA,1,0,2
"11 - Harlingen PHR",2020-05-07,37,26.4285714285714,NA,NA,1,0,2
"11 - Harlingen PHR",2020-05-08,37,27.5714285714286,NA,NA,1,0,2
"11 - Harlingen PHR",2020-05-09,40,29.4285714285714,NA,NA,1,0,2
"11 - Harlingen PHR",2020-05-10,43,31.1428571428571,NA,NA,1,0,2
"11 - Harlingen PHR",2020-05-11,8,31,NA,NA,1,0,2
"11 - Harlingen PHR",2020-05-12,38,31.4285714285714,NA,NA,1,0,2
"11 - Harlingen PHR",2020-05-13,61,37.7142857142857,NA,NA,1,0,2
"11 - Harlingen PHR",2020-05-14,46,39,NA,NA,1,0,2
"11 - Harlingen PHR",2020-05-15,57,41.8571428571429,NA,NA,1,0,2
"11 - Harlingen PHR",2020-05-16,52,43.5714285714286,NA,NA,1,0,2
"11 - Harlingen PHR",2020-05-17,48,44.2857142857143,NA,NA,1,0,2
"11 - Harlingen PHR",2020-05-18,17,45.5714285714286,NA,NA,1,0,2
"11 - Harlingen PHR",2020-05-19,36,45.2857142857143,NA,NA,1,0,2
"11 - Harlingen PHR",2020-05-20,50,43.7142857142857,NA,NA,1,0,2
"11 - Harlingen PHR",2020-05-21,45,43.5714285714286,NA,NA,1,0,2
"11 - Harlingen PHR",2020-05-22,11,37,NA,NA,1,0,2
"11 - Harlingen PHR",2020-05-23,36,34.7142857142857,NA,NA,1,0,2
"11 - Harlingen PHR",2020-05-24,24,31.2857142857143,NA,NA,1,0,2
"11 - Harlingen PHR",2020-05-25,20,31.7142857142857,NA,NA,1,0,2
"11 - Harlingen PHR",2020-05-26,9,27.8571428571429,NA,NA,1,0,2
"11 - Harlingen PHR",2020-05-27,37,26,NA,NA,1,0,2
"11 - Harlingen PHR",2020-05-28,49,26.5714285714286,NA,NA,1,0,2
"11 - Harlingen PHR",2020-05-29,31,29.4285714285714,NA,NA,1,0,2
"11 - Harlingen PHR",2020-05-30,29,28.4285714285714,NA,NA,1,0,2
"11 - Harlingen PHR",2020-05-31,34,29.8571428571429,NA,NA,1,0,2
"11 - Harlingen PHR",2020-06-01,21,30,NA,NA,1,0,2
"11 - Harlingen PHR",2020-06-02,35,33.7142857142857,NA,NA,1,0,2
"11 - Harlingen PHR",2020-06-03,61,37.1428571428571,NA,NA,1,0,2
"11 - Harlingen PHR",2020-06-04,68,39.8571428571429,NA,NA,1,0,2
"11 - Harlingen PHR",2020-06-05,93,48.7142857142857,NA,NA,1,0,2
"11 - Harlingen PHR",2020-06-06,65,53.8571428571429,NA,NA,1,0,2
"11 - Harlingen PHR",2020-06-07,57,57.1428571428571,NA,NA,1,0,2
"11 - Harlingen PHR",2020-06-08,0,54.1428571428571,NA,NA,1,0,2
"11 - Harlingen PHR",2020-06-09,128,67.4285714285714,NA,NA,1,0,2
"11 - Harlingen PHR",2020-06-10,117,75.4285714285714,NA,NA,1,0,2
"11 - Harlingen PHR",2020-06-11,113,81.8571428571429,NA,NA,1,0,2
"11 - Harlingen PHR",2020-06-12,164,92,NA,NA,1,0,2
"11 - Harlingen PHR",2020-06-13,150,104.142857142857,NA,NA,1,0,2
"11 - Harlingen PHR",2020-06-14,72,106.285714285714,NA,NA,1,0,2
"11 - Harlingen PHR",2020-06-15,93,119.571428571429,NA,NA,1,0,2
"11 - Harlingen PHR",2020-06-16,205,130.571428571429,NA,NA,1,0,2
"11 - Harlingen PHR",2020-06-17,300,156.714285714286,NA,NA,1,0,2
"11 - Harlingen PHR",2020-06-18,294,182.571428571429,NA,NA,1,0,2
"11 - Harlingen PHR",2020-06-19,313,203.857142857143,NA,NA,1,0,2
"11 - Harlingen PHR",2020-06-20,309,226.571428571429,NA,NA,1,0,2
"11 - Harlingen PHR",2020-06-21,178,241.714285714286,NA,NA,1,0,2
"11 - Harlingen PHR",2020-06-22,320,274.142857142857,NA,NA,1,0,2
"11 - Harlingen PHR",2020-06-23,487,314.428571428571,NA,NA,1,0,2
"11 - Harlingen PHR",2020-06-24,530,347.285714285714,NA,NA,1,0,2
"11 - Harlingen PHR",2020-06-25,799,419.428571428571,NA,NA,1,0,2
"11 - Harlingen PHR",2020-06-26,687,472.857142857143,NA,NA,1,0,2
"11 - Harlingen PHR",2020-06-27,729,532.857142857143,NA,NA,1,0,2
"11 - Harlingen PHR",2020-06-28,446,571.142857142857,NA,NA,1,0,2
"11 - Harlingen PHR",2020-06-29,894,653.142857142857,NA,NA,1,0,2
"11 - Harlingen PHR",2020-06-30,728,687.571428571429,NA,NA,1,0,2
"11 - Harlingen PHR",2020-07-01,NA,759.31240536601,752.434544885593,766.190265846428,1,0,2
"11 - Harlingen PHR",2020-07-02,NA,801.787588889173,790.961090560585,812.614087217761,1,0,2
"11 - Harlingen PHR",2020-07-03,NA,867.217246866713,849.45956356184,884.974930171587,1,0,2
"11 - Harlingen PHR",2020-07-04,NA,914.642680848343,890.422031434866,938.863330261819,1,0,2
"11 - Harlingen PHR",2020-07-05,NA,976.189635335231,943.822905484538,1008.55636518592,1,0,2
"11 - Harlingen PHR",2020-07-06,NA,1026.66044783312,986.11056268731,1067.21033297893,1,0,2
"11 - Harlingen PHR",2020-07-07,NA,1085.81877534151,1035.97439121981,1135.6631594632,1,0,2
"11 - Harlingen PHR",2020-07-08,NA,1138.16309512657,1078.77466896642,1197.55152128673,1,0,2
"11 - Harlingen PHR",2020-07-09,NA,1195.85194682869,1126.1040518849,1265.59984177248,1,0,2
"11 - Harlingen PHR",2020-07-10,NA,1249.34884240569,1168.89993391917,1329.79775089222,1,0,2
"6/5S - Houston PHR",2020-03-04,0,0,NA,NA,0,1,2
"6/5S - Houston PHR",2020-03-05,0,0,NA,NA,0,1,2
"6/5S - Houston PHR",2020-03-06,5,1.66666666666667,NA,NA,0,1,2
"6/5S - Houston PHR",2020-03-07,NA,NA,NA,NA,0,1,2
"6/5S - Houston PHR",2020-03-08,NA,NA,NA,NA,0,1,2
"6/5S - Houston PHR",2020-03-09,6,NA,NA,NA,0,1,2
"6/5S - Houston PHR",2020-03-10,0,NA,NA,NA,0,1,2
"6/5S - Houston PHR",2020-03-11,0,NA,NA,NA,0,1,2
"6/5S - Houston PHR",2020-03-12,3,NA,NA,NA,0,1,2
"6/5S - Houston PHR",2020-03-13,0,NA,NA,NA,0,1,2
"6/5S - Houston PHR",2020-03-14,NA,NA,NA,NA,0,1,2
"6/5S - Houston PHR",2020-03-15,12,NA,NA,NA,0,1,2
"6/5S - Houston PHR",2020-03-16,0,NA,NA,NA,0,1,2
"6/5S - Houston PHR",2020-03-17,0,NA,NA,NA,0,1,2
"6/5S - Houston PHR",2020-03-18,1,NA,NA,NA,0,1,2
"6/5S - Houston PHR",2020-03-19,2,NA,NA,NA,0,1,2
"6/5S - Houston PHR",2020-03-20,20,NA,NA,NA,0,1,2
"6/5S - Houston PHR",2020-03-21,11,6.57142857142857,NA,NA,0,1,2
"6/5S - Houston PHR",2020-03-22,7,5.85714285714286,NA,NA,0,1,2
"6/5S - Houston PHR",2020-03-23,6,6.71428571428571,NA,NA,0,1,2
"6/5S - Houston PHR",2020-03-24,70,16.7142857142857,NA,NA,0,1,2
"6/5S - Houston PHR",2020-03-25,120,33.7142857142857,NA,NA,0,1,2
"6/5S - Houston PHR",2020-03-26,96,47.1428571428571,NA,NA,0,1,2
"6/5S - Houston PHR",2020-03-27,83,56.1428571428571,NA,NA,0,1,2
"6/5S - Houston PHR",2020-03-28,77,65.5714285714286,NA,NA,0,1,2
"6/5S - Houston PHR",2020-03-29,258,101.428571428571,NA,NA,0,1,2
"6/5S - Houston PHR",2020-03-30,131,119.285714285714,NA,NA,0,1,2
"6/5S - Houston PHR",2020-03-31,98,123.285714285714,NA,NA,0,1,2
"6/5S - Houston PHR",2020-04-01,234,139.571428571429,NA,NA,0,1,2
"6/5S - Houston PHR",2020-04-02,259,162.857142857143,NA,NA,0,1,2
"6/5S - Houston PHR",2020-04-03,176,176.142857142857,NA,NA,0,1,2
"6/5S - Houston PHR",2020-04-04,226,197.428571428571,NA,NA,0,1,2
"6/5S - Houston PHR",2020-04-05,342,209.428571428571,NA,NA,0,1,2
"6/5S - Houston PHR",2020-04-06,164,214.142857142857,NA,NA,0,1,2
"6/5S - Houston PHR",2020-04-07,549,278.571428571429,NA,NA,0,1,2
"6/5S - Houston PHR",2020-04-08,520,319.428571428571,NA,NA,0,1,2
"6/5S - Houston PHR",2020-04-09,270,321,NA,NA,0,1,2
"6/5S - Houston PHR",2020-04-10,827,414,NA,NA,0,1,2
"6/5S - Houston PHR",2020-04-11,341,430.428571428571,NA,NA,0,1,2
"6/5S - Houston PHR",2020-04-12,388,437,NA,NA,0,1,2
"6/5S - Houston PHR",2020-04-13,112,429.571428571429,NA,NA,0,1,2
"6/5S - Houston PHR",2020-04-14,210,381.142857142857,NA,NA,0,1,2
"6/5S - Houston PHR",2020-04-15,332,354.285714285714,NA,NA,0,1,2
"6/5S - Houston PHR",2020-04-16,267,353.857142857143,NA,NA,0,1,2
"6/5S - Houston PHR",2020-04-17,317,281,NA,NA,0,1,2
"6/5S - Houston PHR",2020-04-18,326,278.857142857143,NA,NA,0,1,2
"6/5S - Houston PHR",2020-04-19,235,257,NA,NA,0,1,2
"6/5S - Houston PHR",2020-04-20,223,272.857142857143,NA,NA,0,1,2
"6/5S - Houston PHR",2020-04-21,285,283.571428571429,NA,NA,0,1,2
"6/5S - Houston PHR",2020-04-22,247,271.428571428571,NA,NA,0,1,2
"6/5S - Houston PHR",2020-04-23,263,270.857142857143,NA,NA,0,1,2
"6/5S - Houston PHR",2020-04-24,224,257.571428571429,NA,NA,0,1,2
"6/5S - Houston PHR",2020-04-25,266,249,NA,NA,0,1,2
"6/5S - Houston PHR",2020-04-26,239,249.571428571429,NA,NA,0,1,2
"6/5S - Houston PHR",2020-04-27,169,241.857142857143,NA,NA,0,1,2
"6/5S - Houston PHR",2020-04-28,186,227.714285714286,NA,NA,0,1,2
"6/5S - Houston PHR",2020-04-29,258,229.285714285714,NA,NA,0,1,2
"6/5S - Houston PHR",2020-04-30,311,236.142857142857,NA,NA,0,1,2
"6/5S - Houston PHR",2020-05-01,328,251,NA,NA,0,1,2
"6/5S - Houston PHR",2020-05-02,315,258,NA,NA,0,1,2
"6/5S - Houston PHR",2020-05-03,265,261.714285714286,NA,NA,0,1,2
"6/5S - Houston PHR",2020-05-04,205,266.857142857143,NA,NA,0,1,2
"6/5S - Houston PHR",2020-05-05,187,267,NA,NA,0,1,2
"6/5S - Houston PHR",2020-05-06,277,269.714285714286,NA,NA,0,1,2
"6/5S - Houston PHR",2020-05-07,216,256.142857142857,NA,NA,0,1,2
"6/5S - Houston PHR",2020-05-08,259,246.285714285714,NA,NA,0,1,2
"6/5S - Houston PHR",2020-05-09,323,247.428571428571,NA,NA,0,1,2
"6/5S - Houston PHR",2020-05-10,261,246.857142857143,NA,NA,0,1,2
"6/5S - Houston PHR",2020-05-11,110,233.285714285714,NA,NA,0,1,2
"6/5S - Houston PHR",2020-05-12,365,258.714285714286,NA,NA,0,1,2
"6/5S - Houston PHR",2020-05-13,340,267.714285714286,NA,NA,0,1,2
"6/5S - Houston PHR",2020-05-14,265,274.714285714286,NA,NA,0,1,2
"6/5S - Houston PHR",2020-05-15,285,278.428571428571,NA,NA,0,1,2
"6/5S - Houston PHR",2020-05-16,355,283,NA,NA,0,1,2
"6/5S - Houston PHR",2020-05-17,153,267.571428571429,NA,NA,0,1,2
"6/5S - Houston PHR",2020-05-18,384,306.714285714286,NA,NA,0,1,2
"6/5S - Houston PHR",2020-05-19,255,291,NA,NA,0,1,2
"6/5S - Houston PHR",2020-05-20,428,303.571428571429,NA,NA,0,1,2
"6/5S - Houston PHR",2020-05-21,192,293.142857142857,NA,NA,0,1,2
"6/5S - Houston PHR",2020-05-22,285,293.142857142857,NA,NA,0,1,2
"6/5S - Houston PHR",2020-05-23,319,288,NA,NA,0,1,2
"6/5S - Houston PHR",2020-05-24,309,310.285714285714,NA,NA,0,1,2
"6/5S - Houston PHR",2020-05-25,185,281.857142857143,NA,NA,0,1,2
"6/5S - Houston PHR",2020-05-26,137,265,NA,NA,0,1,2
"6/5S - Houston PHR",2020-05-27,585,287.428571428571,NA,NA,0,1,2
"6/5S - Houston PHR",2020-05-28,501,331.571428571429,NA,NA,0,1,2
"6/5S - Houston PHR",2020-05-29,313,335.571428571429,NA,NA,0,1,2
"6/5S - Houston PHR",2020-05-30,411,348.714285714286,NA,NA,0,1,2
"6/5S - Houston PHR",2020-05-31,792,417.714285714286,NA,NA,0,1,2
"6/5S - Houston PHR",2020-06-01,109,406.857142857143,NA,NA,0,1,2
"6/5S - Houston PHR",2020-06-02,580,470.142857142857,NA,NA,0,1,2
"6/5S - Houston PHR",2020-06-03,647,479,NA,NA,0,1,2
"6/5S - Houston PHR",2020-06-04,422,467.714285714286,NA,NA,0,1,2
"6/5S - Houston PHR",2020-06-05,550,501.571428571429,NA,NA,0,1,2
"6/5S - Houston PHR",2020-06-06,486,512.285714285714,NA,NA,0,1,2
"6/5S - Houston PHR",2020-06-07,565,479.857142857143,NA,NA,0,1,2
"6/5S - Houston PHR",2020-06-08,188,491.142857142857,NA,NA,0,1,2
"6/5S - Houston PHR",2020-06-09,245,443.285714285714,NA,NA,0,1,2
"6/5S - Houston PHR",2020-06-10,1007,494.714285714286,NA,NA,0,1,2
"6/5S - Houston PHR",2020-06-11,518,508.428571428571,NA,NA,0,1,2
"6/5S - Houston PHR",2020-06-12,493,500.285714285714,NA,NA,0,1,2
"6/5S - Houston PHR",2020-06-13,498,502,NA,NA,0,1,2
"6/5S - Houston PHR",2020-06-14,528,496.714285714286,NA,NA,0,1,2
"6/5S - Houston PHR",2020-06-15,268,508.142857142857,NA,NA,0,1,2
"6/5S - Houston PHR",2020-06-16,1316,661.142857142857,NA,NA,0,1,2
"6/5S - Houston PHR",2020-06-17,792,630.428571428571,NA,NA,0,1,2
"6/5S - Houston PHR",2020-06-18,888,683.285714285714,NA,NA,0,1,2
"6/5S - Houston PHR",2020-06-19,694,712,NA,NA,0,1,2
"6/5S - Houston PHR",2020-06-20,1674,880,NA,NA,0,1,2
"6/5S - Houston PHR",2020-06-21,1442,1010.57142857143,NA,NA,0,1,2
"6/5S - Houston PHR",2020-06-22,426,1033.14285714286,NA,NA,0,1,2
"6/5S - Houston PHR",2020-06-23,2457,1196.14285714286,NA,NA,0,1,2
"6/5S - Houston PHR",2020-06-24,1753,1333.42857142857,NA,NA,0,1,2
"6/5S - Houston PHR",2020-06-25,1933,1482.71428571429,NA,NA,0,1,2
"6/5S - Houston PHR",2020-06-26,1736,1631.57142857143,NA,NA,0,1,2
"6/5S - Houston PHR",2020-06-27,2106,1693.28571428571,NA,NA,0,1,2
"6/5S - Houston PHR",2020-06-28,1315,1675.14285714286,NA,NA,0,1,2
"6/5S - Houston PHR",2020-06-29,319,1659.85714285714,NA,NA,0,1,2
"6/5S - Houston PHR",2020-06-30,1981,1591.85714285714,NA,NA,0,1,2
"6/5S - Houston PHR",2020-07-01,NA,1584.64485399973,1543.4206129164,1625.86909508307,0,1,2
"6/5S - Houston PHR",2020-07-02,NA,1577.43256514232,1507.01478950117,1647.85034078347,0,1,2
"6/5S - Houston PHR",2020-07-03,NA,1570.22027628491,1468.8245371369,1671.61601543293,0,1,2
"6/5S - Houston PHR",2020-07-04,NA,1563.0079874275,1428.2112622314,1697.80471262361,0,1,2
"6/5S - Houston PHR",2020-07-05,NA,1555.79569857009,1385.12271464401,1726.46868249618,0,1,2
"6/5S - Houston PHR",2020-07-06,NA,1548.58340971268,1339.62923394533,1757.53758548003,0,1,2
"6/5S - Houston PHR",2020-07-07,NA,1541.37112085527,1291.8289035732,1790.91333813734,0,1,2
"6/5S - Houston PHR",2020-07-08,NA,1534.15883199786,1241.82152673924,1826.49613725648,0,1,2
"6/5S - Houston PHR",2020-07-09,NA,1526.94654314045,1189.7009148702,1864.1921714107,0,1,2
"6/5S - Houston PHR",2020-07-10,NA,1519.73425428304,1135.5529427543,1903.91556581178,0,1,2
"1 - Lubbock PHR",2020-03-04,0,0,NA,NA,2,0,1
"1 - Lubbock PHR",2020-03-05,0,0,NA,NA,2,0,1
"1 - Lubbock PHR",2020-03-06,0,0,NA,NA,2,0,1
"1 - Lubbock PHR",2020-03-07,NA,NA,NA,NA,2,0,1
"1 - Lubbock PHR",2020-03-08,NA,NA,NA,NA,2,0,1
"1 - Lubbock PHR",2020-03-09,0,NA,NA,NA,2,0,1
"1 - Lubbock PHR",2020-03-10,0,NA,NA,NA,2,0,1
"1 - Lubbock PHR",2020-03-11,0,NA,NA,NA,2,0,1
"1 - Lubbock PHR",2020-03-12,0,NA,NA,NA,2,0,1
"1 - Lubbock PHR",2020-03-13,0,NA,NA,NA,2,0,1
"1 - Lubbock PHR",2020-03-14,NA,NA,NA,NA,2,0,1
"1 - Lubbock PHR",2020-03-15,0,NA,NA,NA,2,0,1
"1 - Lubbock PHR",2020-03-16,0,NA,NA,NA,2,0,1
"1 - Lubbock PHR",2020-03-17,0,NA,NA,NA,2,0,1
"1 - Lubbock PHR",2020-03-18,0,NA,NA,NA,2,0,1
"1 - Lubbock PHR",2020-03-19,0,NA,NA,NA,2,0,1
"1 - Lubbock PHR",2020-03-20,2,NA,NA,NA,2,0,1
"1 - Lubbock PHR",2020-03-21,7,1.28571428571429,NA,NA,2,0,1
"1 - Lubbock PHR",2020-03-22,0,1.28571428571429,NA,NA,2,0,1
"1 - Lubbock PHR",2020-03-23,2,1.57142857142857,NA,NA,2,0,1
"1 - Lubbock PHR",2020-03-24,10,3,NA,NA,2,0,1
"1 - Lubbock PHR",2020-03-25,3,3.42857142857143,NA,NA,2,0,1
"1 - Lubbock PHR",2020-03-26,12,5.14285714285714,NA,NA,2,0,1
"1 - Lubbock PHR",2020-03-27,6,5.71428571428571,NA,NA,2,0,1
"1 - Lubbock PHR",2020-03-28,16,7,NA,NA,2,0,1
"1 - Lubbock PHR",2020-03-29,16,9.28571428571429,NA,NA,2,0,1
"1 - Lubbock PHR",2020-03-30,16,11.2857142857143,NA,NA,2,0,1
"1 - Lubbock PHR",2020-03-31,27,13.7142857142857,NA,NA,2,0,1
"1 - Lubbock PHR",2020-04-01,29,17.4285714285714,NA,NA,2,0,1
"1 - Lubbock PHR",2020-04-02,32,20.2857142857143,NA,NA,2,0,1
"1 - Lubbock PHR",2020-04-03,29,23.5714285714286,NA,NA,2,0,1
"1 - Lubbock PHR",2020-04-04,37,26.5714285714286,NA,NA,2,0,1
"1 - Lubbock PHR",2020-04-05,45,30.7142857142857,NA,NA,2,0,1
"1 - Lubbock PHR",2020-04-06,14,30.4285714285714,NA,NA,2,0,1
"1 - Lubbock PHR",2020-04-07,29,30.7142857142857,NA,NA,2,0,1
"1 - Lubbock PHR",2020-04-08,36,31.7142857142857,NA,NA,2,0,1
"1 - Lubbock PHR",2020-04-09,58,35.4285714285714,NA,NA,2,0,1
"1 - Lubbock PHR",2020-04-10,41,37.1428571428571,NA,NA,2,0,1
"1 - Lubbock PHR",2020-04-11,33,36.5714285714286,NA,NA,2,0,1
"1 - Lubbock PHR",2020-04-12,32,34.7142857142857,NA,NA,2,0,1
"1 - Lubbock PHR",2020-04-13,43,38.8571428571429,NA,NA,2,0,1
"1 - Lubbock PHR",2020-04-14,48,41.5714285714286,NA,NA,2,0,1
"1 - Lubbock PHR",2020-04-15,31,40.8571428571429,NA,NA,2,0,1
"1 - Lubbock PHR",2020-04-16,76,43.4285714285714,NA,NA,2,0,1
"1 - Lubbock PHR",2020-04-17,75,48.2857142857143,NA,NA,2,0,1
"1 - Lubbock PHR",2020-04-18,49,50.5714285714286,NA,NA,2,0,1
"1 - Lubbock PHR",2020-04-19,50,53.1428571428571,NA,NA,2,0,1
"1 - Lubbock PHR",2020-04-20,49,54,NA,NA,2,0,1
"1 - Lubbock PHR",2020-04-21,64,56.2857142857143,NA,NA,2,0,1
"1 - Lubbock PHR",2020-04-22,63,60.8571428571429,NA,NA,2,0,1
"1 - Lubbock PHR",2020-04-23,76,60.8571428571429,NA,NA,2,0,1
"1 - Lubbock PHR",2020-04-24,77,61.1428571428571,NA,NA,2,0,1
"1 - Lubbock PHR",2020-04-25,107,69.4285714285714,NA,NA,2,0,1
"1 - Lubbock PHR",2020-04-26,131,81,NA,NA,2,0,1
"1 - Lubbock PHR",2020-04-27,46,80.5714285714286,NA,NA,2,0,1
"1 - Lubbock PHR",2020-04-28,139,91.2857142857143,NA,NA,2,0,1
"1 - Lubbock PHR",2020-04-29,58,90.5714285714286,NA,NA,2,0,1
"1 - Lubbock PHR",2020-04-30,139,99.5714285714286,NA,NA,2,0,1
"1 - Lubbock PHR",2020-05-01,149,109.857142857143,NA,NA,2,0,1
"1 - Lubbock PHR",2020-05-02,166,118.285714285714,NA,NA,2,0,1
"1 - Lubbock PHR",2020-05-03,148,120.714285714286,NA,NA,2,0,1
"1 - Lubbock PHR",2020-05-04,85,126.285714285714,NA,NA,2,0,1
"1 - Lubbock PHR",2020-05-05,139,126.285714285714,NA,NA,2,0,1
"1 - Lubbock PHR",2020-05-06,82,129.714285714286,NA,NA,2,0,1
"1 - Lubbock PHR",2020-05-07,116,126.428571428571,NA,NA,2,0,1
"1 - Lubbock PHR",2020-05-08,117,121.857142857143,NA,NA,2,0,1
"1 - Lubbock PHR",2020-05-09,100,112.428571428571,NA,NA,2,0,1
"1 - Lubbock PHR",2020-05-10,95,104.857142857143,NA,NA,2,0,1
"1 - Lubbock PHR",2020-05-11,3,93.1428571428571,NA,NA,2,0,1
"1 - Lubbock PHR",2020-05-12,111,89.1428571428571,NA,NA,2,0,1
"1 - Lubbock PHR",2020-05-13,222,109.142857142857,NA,NA,2,0,1
"1 - Lubbock PHR",2020-05-14,149,113.857142857143,NA,NA,2,0,1
"1 - Lubbock PHR",2020-05-15,133,116.142857142857,NA,NA,2,0,1
"1 - Lubbock PHR",2020-05-16,748,208.714285714286,NA,NA,2,0,1
"1 - Lubbock PHR",2020-05-17,78,206.285714285714,NA,NA,2,0,1
"1 - Lubbock PHR",2020-05-18,34,210.714285714286,NA,NA,2,0,1
"1 - Lubbock PHR",2020-05-19,63,203.857142857143,NA,NA,2,0,1
"1 - Lubbock PHR",2020-05-20,82,183.857142857143,NA,NA,2,0,1
"1 - Lubbock PHR",2020-05-21,26,166.285714285714,NA,NA,2,0,1
"1 - Lubbock PHR",2020-05-22,0,147.285714285714,NA,NA,2,0,1
"1 - Lubbock PHR",2020-05-23,70,50.4285714285714,NA,NA,2,0,1
"1 - Lubbock PHR",2020-05-24,26,43,NA,NA,2,0,1
"1 - Lubbock PHR",2020-05-25,3,38.5714285714286,NA,NA,2,0,1
"1 - Lubbock PHR",2020-05-26,5,30.2857142857143,NA,NA,2,0,1
"1 - Lubbock PHR",2020-05-27,40,24.2857142857143,NA,NA,2,0,1
"1 - Lubbock PHR",2020-05-28,84,32.5714285714286,NA,NA,2,0,1
"1 - Lubbock PHR",2020-05-29,70,42.5714285714286,NA,NA,2,0,1
"1 - Lubbock PHR",2020-05-30,74,43.1428571428571,NA,NA,2,0,1
"1 - Lubbock PHR",2020-05-31,93,52.7142857142857,NA,NA,2,0,1
"1 - Lubbock PHR",2020-06-01,5,53,NA,NA,2,0,1
"1 - Lubbock PHR",2020-06-02,220,83.7142857142857,NA,NA,2,0,1
"1 - Lubbock PHR",2020-06-03,130,96.5714285714286,NA,NA,2,0,1
"1 - Lubbock PHR",2020-06-04,76,95.4285714285714,NA,NA,2,0,1
"1 - Lubbock PHR",2020-06-05,81,97,NA,NA,2,0,1
"1 - Lubbock PHR",2020-06-06,275,125.714285714286,NA,NA,2,0,1
"1 - Lubbock PHR",2020-06-07,10,113.857142857143,NA,NA,2,0,1
"1 - Lubbock PHR",2020-06-08,7,114.142857142857,NA,NA,2,0,1
"1 - Lubbock PHR",2020-06-09,64,91.8571428571429,NA,NA,2,0,1
"1 - Lubbock PHR",2020-06-10,40,79,NA,NA,2,0,1
"1 - Lubbock PHR",2020-06-11,51,75.4285714285714,NA,NA,2,0,1
"1 - Lubbock PHR",2020-06-12,69,73.7142857142857,NA,NA,2,0,1
"1 - Lubbock PHR",2020-06-13,60,43,NA,NA,2,0,1
"1 - Lubbock PHR",2020-06-14,45,48,NA,NA,2,0,1
"1 - Lubbock PHR",2020-06-15,10,48.4285714285714,NA,NA,2,0,1
"1 - Lubbock PHR",2020-06-16,102,53.8571428571429,NA,NA,2,0,1
"1 - Lubbock PHR",2020-06-17,122,65.5714285714286,NA,NA,2,0,1
"1 - Lubbock PHR",2020-06-18,157,80.7142857142857,NA,NA,2,0,1
"1 - Lubbock PHR",2020-06-19,161,93.8571428571429,NA,NA,2,0,1
"1 - Lubbock PHR",2020-06-20,94,98.7142857142857,NA,NA,2,0,1
"1 - Lubbock PHR",2020-06-21,84,104.285714285714,NA,NA,2,0,1
"1 - Lubbock PHR",2020-06-22,73,113.285714285714,NA,NA,2,0,1
"1 - Lubbock PHR",2020-06-23,181,124.571428571429,NA,NA,2,0,1
"1 - Lubbock PHR",2020-06-24,196,135.142857142857,NA,NA,2,0,1
"1 - Lubbock PHR",2020-06-25,224,144.714285714286,NA,NA,2,0,1
"1 - Lubbock PHR",2020-06-26,226,154,NA,NA,2,0,1
"1 - Lubbock PHR",2020-06-27,163,163.857142857143,NA,NA,2,0,1
"1 - Lubbock PHR",2020-06-28,68,161.571428571429,NA,NA,2,0,1
"1 - Lubbock PHR",2020-06-29,57,159.285714285714,NA,NA,2,0,1
"1 - Lubbock PHR",2020-06-30,181,159.285714285714,NA,NA,2,0,1
"1 - Lubbock PHR",2020-07-01,NA,158.912704343897,142.981233103371,174.844175584424,2,0,1
"1 - Lubbock PHR",2020-07-02,NA,158.851884675404,134.415439274021,183.288330076788,2,0,1
"1 - Lubbock PHR",2020-07-03,NA,158.781095781343,126.19809026337,191.364101299317,2,0,1
"1 - Lubbock PHR",2020-07-04,NA,158.759628302544,119.180241159956,198.339015445131,2,0,1
"1 - Lubbock PHR",2020-07-05,NA,158.744575836701,112.91109432196,204.578057351441,2,0,1
"1 - Lubbock PHR",2020-07-06,NA,158.738618198535,107.292384343335,210.184852053735,2,0,1
"1 - Lubbock PHR",2020-07-07,NA,158.735190359542,102.17031263137,215.300068087714,2,0,1
"1 - Lubbock PHR",2020-07-08,NA,158.73365920875,97.4512356471739,220.016082770327,2,0,1
"1 - Lubbock PHR",2020-07-09,NA,158.732850157597,93.0585310102231,224.407169304971,2,0,1
"1 - Lubbock PHR",2020-07-10,NA,158.732468369615,88.9365708577072,228.528365881522,2,0,1
"8 - San Antonio PHR",2020-03-04,0,0,NA,NA,2,0,2
"8 - San Antonio PHR",2020-03-05,0,0,NA,NA,2,0,2
"8 - San Antonio PHR",2020-03-06,0,0,NA,NA,2,0,2
"8 - San Antonio PHR",2020-03-07,NA,NA,NA,NA,2,0,2
"8 - San Antonio PHR",2020-03-08,NA,NA,NA,NA,2,0,2
"8 - San Antonio PHR",2020-03-09,0,NA,NA,NA,2,0,2
"8 - San Antonio PHR",2020-03-10,0,NA,NA,NA,2,0,2
"8 - San Antonio PHR",2020-03-11,0,NA,NA,NA,2,0,2
"8 - San Antonio PHR",2020-03-12,0,NA,NA,NA,2,0,2
"8 - San Antonio PHR",2020-03-13,0,NA,NA,NA,2,0,2
"8 - San Antonio PHR",2020-03-14,NA,NA,NA,NA,2,0,2
"8 - San Antonio PHR",2020-03-15,4,NA,NA,NA,2,0,2
"8 - San Antonio PHR",2020-03-16,0,NA,NA,NA,2,0,2
"8 - San Antonio PHR",2020-03-17,1,NA,NA,NA,2,0,2
"8 - San Antonio PHR",2020-03-18,1,NA,NA,NA,2,0,2
"8 - San Antonio PHR",2020-03-19,3,NA,NA,NA,2,0,2
"8 - San Antonio PHR",2020-03-20,6,NA,NA,NA,2,0,2
"8 - San Antonio PHR",2020-03-21,12,3.85714285714286,NA,NA,2,0,2
"8 - San Antonio PHR",2020-03-22,3,3.71428571428571,NA,NA,2,0,2
"8 - San Antonio PHR",2020-03-23,0,3.71428571428571,NA,NA,2,0,2
"8 - San Antonio PHR",2020-03-24,34,8.42857142857143,NA,NA,2,0,2
"8 - San Antonio PHR",2020-03-25,23,11.5714285714286,NA,NA,2,0,2
"8 - San Antonio PHR",2020-03-26,31,15.5714285714286,NA,NA,2,0,2
"8 - San Antonio PHR",2020-03-27,37,20,NA,NA,2,0,2
"8 - San Antonio PHR",2020-03-28,18,20.8571428571429,NA,NA,2,0,2
"8 - San Antonio PHR",2020-03-29,21,23.4285714285714,NA,NA,2,0,2
"8 - San Antonio PHR",2020-03-30,23,26.7142857142857,NA,NA,2,0,2
"8 - San Antonio PHR",2020-03-31,19,24.5714285714286,NA,NA,2,0,2
"8 - San Antonio PHR",2020-04-01,59,29.7142857142857,NA,NA,2,0,2
"8 - San Antonio PHR",2020-04-02,37,30.5714285714286,NA,NA,2,0,2
"8 - San Antonio PHR",2020-04-03,47,32,NA,NA,2,0,2
"8 - San Antonio PHR",2020-04-04,98,43.4285714285714,NA,NA,2,0,2
"8 - San Antonio PHR",2020-04-05,53,48,NA,NA,2,0,2
"8 - San Antonio PHR",2020-04-06,34,49.5714285714286,NA,NA,2,0,2
"8 - San Antonio PHR",2020-04-07,79,58.1428571428571,NA,NA,2,0,2
"8 - San Antonio PHR",2020-04-08,74,60.2857142857143,NA,NA,2,0,2
"8 - San Antonio PHR",2020-04-09,70,65,NA,NA,2,0,2
"8 - San Antonio PHR",2020-04-10,83,70.1428571428571,NA,NA,2,0,2
"8 - San Antonio PHR",2020-04-11,66,65.5714285714286,NA,NA,2,0,2
"8 - San Antonio PHR",2020-04-12,66,67.4285714285714,NA,NA,2,0,2
"8 - San Antonio PHR",2020-04-13,53,70.1428571428571,NA,NA,2,0,2
"8 - San Antonio PHR",2020-04-14,40,64.5714285714286,NA,NA,2,0,2
"8 - San Antonio PHR",2020-04-15,29,58.1428571428571,NA,NA,2,0,2
"8 - San Antonio PHR",2020-04-16,88,60.7142857142857,NA,NA,2,0,2
"8 - San Antonio PHR",2020-04-17,40,54.5714285714286,NA,NA,2,0,2
"8 - San Antonio PHR",2020-04-18,45,51.5714285714286,NA,NA,2,0,2
"8 - San Antonio PHR",2020-04-19,43,48.2857142857143,NA,NA,2,0,2
"8 - San Antonio PHR",2020-04-20,26,44.4285714285714,NA,NA,2,0,2
"8 - San Antonio PHR",2020-04-21,28,42.7142857142857,NA,NA,2,0,2
"8 - San Antonio PHR",2020-04-22,62,47.4285714285714,NA,NA,2,0,2
"8 - San Antonio PHR",2020-04-23,64,44,NA,NA,2,0,2
"8 - San Antonio PHR",2020-04-24,42,44.2857142857143,NA,NA,2,0,2
"8 - San Antonio PHR",2020-04-25,56,45.8571428571429,NA,NA,2,0,2
"8 - San Antonio PHR",2020-04-26,51,47,NA,NA,2,0,2
"8 - San Antonio PHR",2020-04-27,30,47.5714285714286,NA,NA,2,0,2
"8 - San Antonio PHR",2020-04-28,34,48.4285714285714,NA,NA,2,0,2
"8 - San Antonio PHR",2020-04-29,55,47.4285714285714,NA,NA,2,0,2
"8 - San Antonio PHR",2020-04-30,34,43.1428571428571,NA,NA,2,0,2
"8 - San Antonio PHR",2020-05-01,67,46.7142857142857,NA,NA,2,0,2
"8 - San Antonio PHR",2020-05-02,121,56,NA,NA,2,0,2
"8 - San Antonio PHR",2020-05-03,119,65.7142857142857,NA,NA,2,0,2
"8 - San Antonio PHR",2020-05-04,34,66.2857142857143,NA,NA,2,0,2
"8 - San Antonio PHR",2020-05-05,50,68.5714285714286,NA,NA,2,0,2
"8 - San Antonio PHR",2020-05-06,33,65.4285714285714,NA,NA,2,0,2
"8 - San Antonio PHR",2020-05-07,106,75.7142857142857,NA,NA,2,0,2
"8 - San Antonio PHR",2020-05-08,54,73.8571428571429,NA,NA,2,0,2
"8 - San Antonio PHR",2020-05-09,55,64.4285714285714,NA,NA,2,0,2
"8 - San Antonio PHR",2020-05-10,94,60.8571428571429,NA,NA,2,0,2
"8 - San Antonio PHR",2020-05-11,12,57.7142857142857,NA,NA,2,0,2
"8 - San Antonio PHR",2020-05-12,54,58.2857142857143,NA,NA,2,0,2
"8 - San Antonio PHR",2020-05-13,40,59.2857142857143,NA,NA,2,0,2
"8 - San Antonio PHR",2020-05-14,63,53.1428571428571,NA,NA,2,0,2
"8 - San Antonio PHR",2020-05-15,82,57.1428571428571,NA,NA,2,0,2
"8 - San Antonio PHR",2020-05-16,89,62,NA,NA,2,0,2
"8 - San Antonio PHR",2020-05-17,23,51.8571428571429,NA,NA,2,0,2
"8 - San Antonio PHR",2020-05-18,16,52.4285714285714,NA,NA,2,0,2
"8 - San Antonio PHR",2020-05-19,98,58.7142857142857,NA,NA,2,0,2
"8 - San Antonio PHR",2020-05-20,102,67.5714285714286,NA,NA,2,0,2
"8 - San Antonio PHR",2020-05-21,65,67.8571428571429,NA,NA,2,0,2
"8 - San Antonio PHR",2020-05-22,59,64.5714285714286,NA,NA,2,0,2
"8 - San Antonio PHR",2020-05-23,30,56.1428571428571,NA,NA,2,0,2
"8 - San Antonio PHR",2020-05-24,32,57.4285714285714,NA,NA,2,0,2
"8 - San Antonio PHR",2020-05-25,24,58.5714285714286,NA,NA,2,0,2
"8 - San Antonio PHR",2020-05-26,8,45.7142857142857,NA,NA,2,0,2
"8 - San Antonio PHR",2020-05-27,52,38.5714285714286,NA,NA,2,0,2
"8 - San Antonio PHR",2020-05-28,66,38.7142857142857,NA,NA,2,0,2
"8 - San Antonio PHR",2020-05-29,92,43.4285714285714,NA,NA,2,0,2
"8 - San Antonio PHR",2020-05-30,77,50.1428571428571,NA,NA,2,0,2
"8 - San Antonio PHR",2020-05-31,204,74.7142857142857,NA,NA,2,0,2
"8 - San Antonio PHR",2020-06-01,10,72.7142857142857,NA,NA,2,0,2
"8 - San Antonio PHR",2020-06-02,29,75.7142857142857,NA,NA,2,0,2
"8 - San Antonio PHR",2020-06-03,72,78.5714285714286,NA,NA,2,0,2
"8 - San Antonio PHR",2020-06-04,104,84,NA,NA,2,0,2
"8 - San Antonio PHR",2020-06-05,90,83.7142857142857,NA,NA,2,0,2
"8 - San Antonio PHR",2020-06-06,278,112.428571428571,NA,NA,2,0,2
"8 - San Antonio PHR",2020-06-07,158,105.857142857143,NA,NA,2,0,2
"8 - San Antonio PHR",2020-06-08,21,107.428571428571,NA,NA,2,0,2
"8 - San Antonio PHR",2020-06-09,43,109.428571428571,NA,NA,2,0,2
"8 - San Antonio PHR",2020-06-10,231,132.142857142857,NA,NA,2,0,2
"8 - San Antonio PHR",2020-06-11,161,140.285714285714,NA,NA,2,0,2
"8 - San Antonio PHR",2020-06-12,216,158.285714285714,NA,NA,2,0,2
"8 - San Antonio PHR",2020-06-13,233,151.857142857143,NA,NA,2,0,2
"8 - San Antonio PHR",2020-06-14,265,167.142857142857,NA,NA,2,0,2
"8 - San Antonio PHR",2020-06-15,152,185.857142857143,NA,NA,2,0,2
"8 - San Antonio PHR",2020-06-16,61,188.428571428571,NA,NA,2,0,2
"8 - San Antonio PHR",2020-06-17,547,233.571428571429,NA,NA,2,0,2
"8 - San Antonio PHR",2020-06-18,335,258.428571428571,NA,NA,2,0,2
"8 - San Antonio PHR",2020-06-19,712,329.285714285714,NA,NA,2,0,2
"8 - San Antonio PHR",2020-06-20,569,377.285714285714,NA,NA,2,0,2
"8 - San Antonio PHR",2020-06-21,472,406.857142857143,NA,NA,2,0,2
"8 - San Antonio PHR",2020-06-22,539,462.142857142857,NA,NA,2,0,2
"8 - San Antonio PHR",2020-06-23,515,527,NA,NA,2,0,2
"8 - San Antonio PHR",2020-06-24,568,530,NA,NA,2,0,2
"8 - San Antonio PHR",2020-06-25,619,570.571428571429,NA,NA,2,0,2
"8 - San Antonio PHR",2020-06-26,770,578.857142857143,NA,NA,2,0,2
"8 - San Antonio PHR",2020-06-27,682,595,NA,NA,2,0,2
"8 - San Antonio PHR",2020-06-28,841,647.714285714286,NA,NA,2,0,2
"8 - San Antonio PHR",2020-06-29,498,641.857142857143,NA,NA,2,0,2
"8 - San Antonio PHR",2020-06-30,819,685.285714285714,NA,NA,2,0,2
"8 - San Antonio PHR",2020-07-01,NA,709.987335680315,697.885601859877,722.089069500753,2,0,2
"8 - San Antonio PHR",2020-07-02,NA,730.072056767919,712.043821751211,748.100291784627,2,0,2
"8 - San Antonio PHR",2020-07-03,NA,762.420949031134,736.169360701571,788.672537360697,2,0,2
"8 - San Antonio PHR",2020-07-04,NA,785.787651130817,749.180702159071,822.394600102563,2,0,2
"8 - San Antonio PHR",2020-07-05,NA,811.877291199376,764.943727877134,858.810854521618,2,0,2
"8 - San Antonio PHR",2020-07-06,NA,839.426444379199,780.744215362278,898.10867339612,2,0,2
"8 - San Antonio PHR",2020-07-07,NA,864.48629262788,793.236999650096,935.735585605664,2,0,2
"8 - San Antonio PHR",2020-07-08,NA,891.142541753184,806.697546558567,975.587536947802,2,0,2
"8 - San Antonio PHR",2020-07-09,NA,917.449224967759,818.915610865784,1015.98283906973,2,0,2
"8 - San Antonio PHR",2020-07-10,NA,943.376132383054,830.109399521501,1056.64286524461,2,0,2
"7 - Temple PHR",2020-03-04,0,0,NA,NA,0,1,2
"7 - Temple PHR",2020-03-05,0,0,NA,NA,0,1,2
"7 - Temple PHR",2020-03-06,0,0,NA,NA,0,1,2
"7 - Temple PHR",2020-03-07,NA,NA,NA,NA,0,1,2
"7 - Temple PHR",2020-03-08,NA,NA,NA,NA,0,1,2
"7 - Temple PHR",2020-03-09,0,NA,NA,NA,0,1,2
"7 - Temple PHR",2020-03-10,0,NA,NA,NA,0,1,2
"7 - Temple PHR",2020-03-11,0,NA,NA,NA,0,1,2
"7 - Temple PHR",2020-03-12,0,NA,NA,NA,0,1,2
"7 - Temple PHR",2020-03-13,0,NA,NA,NA,0,1,2
"7 - Temple PHR",2020-03-14,NA,NA,NA,NA,0,1,2
"7 - Temple PHR",2020-03-15,4,NA,NA,NA,0,1,2
"7 - Temple PHR",2020-03-16,0,NA,NA,NA,0,1,2
"7 - Temple PHR",2020-03-17,1,NA,NA,NA,0,1,2
"7 - Temple PHR",2020-03-18,2,NA,NA,NA,0,1,2
"7 - Temple PHR",2020-03-19,13,NA,NA,NA,0,1,2
"7 - Temple PHR",2020-03-20,24,NA,NA,NA,0,1,2
"7 - Temple PHR",2020-03-21,3,6.71428571428571,NA,NA,0,1,2
"7 - Temple PHR",2020-03-22,2,6.42857142857143,NA,NA,0,1,2
"7 - Temple PHR",2020-03-23,5,7.14285714285714,NA,NA,0,1,2
"7 - Temple PHR",2020-03-24,103,21.7142857142857,NA,NA,0,1,2
"7 - Temple PHR",2020-03-25,37,26.7142857142857,NA,NA,0,1,2
"7 - Temple PHR",2020-03-26,39,30.4285714285714,NA,NA,0,1,2
"7 - Temple PHR",2020-03-27,42,33,NA,NA,0,1,2
"7 - Temple PHR",2020-03-28,55,40.4285714285714,NA,NA,0,1,2
"7 - Temple PHR",2020-03-29,29,44.2857142857143,NA,NA,0,1,2
"7 - Temple PHR",2020-03-30,38,49,NA,NA,0,1,2
"7 - Temple PHR",2020-03-31,33,39,NA,NA,0,1,2
"7 - Temple PHR",2020-04-01,95,47.2857142857143,NA,NA,0,1,2
"7 - Temple PHR",2020-04-02,90,54.5714285714286,NA,NA,0,1,2
"7 - Temple PHR",2020-04-03,78,59.7142857142857,NA,NA,0,1,2
"7 - Temple PHR",2020-04-04,101,66.2857142857143,NA,NA,0,1,2
"7 - Temple PHR",2020-04-05,54,69.8571428571429,NA,NA,0,1,2
"7 - Temple PHR",2020-04-06,53,72,NA,NA,0,1,2
"7 - Temple PHR",2020-04-07,65,76.5714285714286,NA,NA,0,1,2
"7 - Temple PHR",2020-04-08,84,75,NA,NA,0,1,2
"7 - Temple PHR",2020-04-09,91,75.1428571428571,NA,NA,0,1,2
"7 - Temple PHR",2020-04-10,94,77.4285714285714,NA,NA,0,1,2
"7 - Temple PHR",2020-04-11,90,75.8571428571429,NA,NA,0,1,2
"7 - Temple PHR",2020-04-12,88,80.7142857142857,NA,NA,0,1,2
"7 - Temple PHR",2020-04-13,43,79.2857142857143,NA,NA,0,1,2
"7 - Temple PHR",2020-04-14,94,83.4285714285714,NA,NA,0,1,2
"7 - Temple PHR",2020-04-15,125,89.2857142857143,NA,NA,0,1,2
"7 - Temple PHR",2020-04-16,128,94.5714285714286,NA,NA,0,1,2
"7 - Temple PHR",2020-04-17,100,95.4285714285714,NA,NA,0,1,2
"7 - Temple PHR",2020-04-18,67,92.1428571428571,NA,NA,0,1,2
"7 - Temple PHR",2020-04-19,33,84.2857142857143,NA,NA,0,1,2
"7 - Temple PHR",2020-04-20,34,83,NA,NA,0,1,2
"7 - Temple PHR",2020-04-21,105,84.5714285714286,NA,NA,0,1,2
"7 - Temple PHR",2020-04-22,117,83.4285714285714,NA,NA,0,1,2
"7 - Temple PHR",2020-04-23,70,75.1428571428571,NA,NA,0,1,2
"7 - Temple PHR",2020-04-24,98,74.8571428571429,NA,NA,0,1,2
"7 - Temple PHR",2020-04-25,132,84.1428571428571,NA,NA,0,1,2
"7 - Temple PHR",2020-04-26,37,84.7142857142857,NA,NA,0,1,2
"7 - Temple PHR",2020-04-27,75,90.5714285714286,NA,NA,0,1,2
"7 - Temple PHR",2020-04-28,125,93.4285714285714,NA,NA,0,1,2
"7 - Temple PHR",2020-04-29,110,92.4285714285714,NA,NA,0,1,2
"7 - Temple PHR",2020-04-30,144,103,NA,NA,0,1,2
"7 - Temple PHR",2020-05-01,96,102.714285714286,NA,NA,0,1,2
"7 - Temple PHR",2020-05-02,64,93,NA,NA,0,1,2
"7 - Temple PHR",2020-05-03,53,95.2857142857143,NA,NA,0,1,2
"7 - Temple PHR",2020-05-04,62,93.4285714285714,NA,NA,0,1,2
"7 - Temple PHR",2020-05-05,130,94.1428571428571,NA,NA,0,1,2
"7 - Temple PHR",2020-05-06,95,92,NA,NA,0,1,2
"7 - Temple PHR",2020-05-07,121,88.7142857142857,NA,NA,0,1,2
"7 - Temple PHR",2020-05-08,133,94,NA,NA,0,1,2
"7 - Temple PHR",2020-05-09,129,103.285714285714,NA,NA,0,1,2
"7 - Temple PHR",2020-05-10,45,102.142857142857,NA,NA,0,1,2
"7 - Temple PHR",2020-05-11,52,100.714285714286,NA,NA,0,1,2
"7 - Temple PHR",2020-05-12,82,93.8571428571429,NA,NA,0,1,2
"7 - Temple PHR",2020-05-13,138,100,NA,NA,0,1,2
"7 - Temple PHR",2020-05-14,123,100.285714285714,NA,NA,0,1,2
"7 - Temple PHR",2020-05-15,103,96,NA,NA,0,1,2
"7 - Temple PHR",2020-05-16,77,88.5714285714286,NA,NA,0,1,2
"7 - Temple PHR",2020-05-17,63,91.1428571428571,NA,NA,0,1,2
"7 - Temple PHR",2020-05-18,60,92.2857142857143,NA,NA,0,1,2
"7 - Temple PHR",2020-05-19,139,100.428571428571,NA,NA,0,1,2
"7 - Temple PHR",2020-05-20,137,100.285714285714,NA,NA,0,1,2
"7 - Temple PHR",2020-05-21,133,101.714285714286,NA,NA,0,1,2
"7 - Temple PHR",2020-05-22,142,107.285714285714,NA,NA,0,1,2
"7 - Temple PHR",2020-05-23,96,110,NA,NA,0,1,2
"7 - Temple PHR",2020-05-24,103,115.714285714286,NA,NA,0,1,2
"7 - Temple PHR",2020-05-25,80,118.571428571429,NA,NA,0,1,2
"7 - Temple PHR",2020-05-26,109,114.285714285714,NA,NA,0,1,2
"7 - Temple PHR",2020-05-27,137,114.285714285714,NA,NA,0,1,2
"7 - Temple PHR",2020-05-28,143,115.714285714286,NA,NA,0,1,2
"7 - Temple PHR",2020-05-29,136,114.857142857143,NA,NA,0,1,2
"7 - Temple PHR",2020-05-30,132,120,NA,NA,0,1,2
"7 - Temple PHR",2020-05-31,219,136.571428571429,NA,NA,0,1,2
"7 - Temple PHR",2020-06-01,79,136.428571428571,NA,NA,0,1,2
"7 - Temple PHR",2020-06-02,164,144.285714285714,NA,NA,0,1,2
"7 - Temple PHR",2020-06-03,172,149.285714285714,NA,NA,0,1,2
"7 - Temple PHR",2020-06-04,150,150.285714285714,NA,NA,0,1,2
"7 - Temple PHR",2020-06-05,114,147.142857142857,NA,NA,0,1,2
"7 - Temple PHR",2020-06-06,147,149.285714285714,NA,NA,0,1,2
"7 - Temple PHR",2020-06-07,118,134.857142857143,NA,NA,0,1,2
"7 - Temple PHR",2020-06-08,63,132.571428571429,NA,NA,0,1,2
"7 - Temple PHR",2020-06-09,267,147.285714285714,NA,NA,0,1,2
"7 - Temple PHR",2020-06-10,341,171.428571428571,NA,NA,0,1,2
"7 - Temple PHR",2020-06-11,248,185.428571428571,NA,NA,0,1,2
"7 - Temple PHR",2020-06-12,353,219.571428571429,NA,NA,0,1,2
"7 - Temple PHR",2020-06-13,282,238.857142857143,NA,NA,0,1,2
"7 - Temple PHR",2020-06-14,344,271.142857142857,NA,NA,0,1,2
"7 - Temple PHR",2020-06-15,153,284,NA,NA,0,1,2
"7 - Temple PHR",2020-06-16,553,324.857142857143,NA,NA,0,1,2
"7 - Temple PHR",2020-06-17,503,348,NA,NA,0,1,2
"7 - Temple PHR",2020-06-18,709,413.857142857143,NA,NA,0,1,2
"7 - Temple PHR",2020-06-19,406,421.428571428571,NA,NA,0,1,2
"7 - Temple PHR",2020-06-20,609,468.142857142857,NA,NA,0,1,2
"7 - Temple PHR",2020-06-21,706,519.857142857143,NA,NA,0,1,2
"7 - Temple PHR",2020-06-22,871,622.428571428571,NA,NA,0,1,2
"7 - Temple PHR",2020-06-23,562,623.714285714286,NA,NA,0,1,2
"7 - Temple PHR",2020-06-24,651,644.857142857143,NA,NA,0,1,2
"7 - Temple PHR",2020-06-25,868,667.571428571429,NA,NA,0,1,2
"7 - Temple PHR",2020-06-26,705,710.285714285714,NA,NA,0,1,2
"7 - Temple PHR",2020-06-27,488,693,NA,NA,0,1,2
"7 - Temple PHR",2020-06-28,1066,744.428571428571,NA,NA,0,1,2
"7 - Temple PHR",2020-06-29,1197,791,NA,NA,0,1,2
"7 - Temple PHR",2020-06-30,1072,863.857142857143,NA,NA,0,1,2
"7 - Temple PHR",2020-07-01,NA,904.958748980036,890.134440988382,919.78305697169,0,1,2
"7 - Temple PHR",2020-07-02,NA,946.060355102928,922.89542192138,969.225288284477,0,1,2
"7 - Temple PHR",2020-07-03,NA,987.161961225821,956.044823826706,1018.27909862494,0,1,2
"7 - Temple PHR",2020-07-04,NA,1028.26356734871,989.116912146082,1067.41022255135,0,1,2
"7 - Temple PHR",2020-07-05,NA,1069.36517347161,1021.96389263961,1116.7664543036,0,1,2
"7 - Temple PHR",2020-07-06,NA,1110.4667795945,1054.52705446926,1166.40650471974,0,1,2
"7 - Temple PHR",2020-07-07,NA,1151.56838571739,1086.7818974998,1216.35487393499,0,1,2
"7 - Temple PHR",2020-07-08,NA,1192.66999184028,1118.71930405275,1266.62067962782,0,1,2
"7 - Temple PHR",2020-07-09,NA,1233.77159796318,1150.33771679117,1317.20547913518,0,1,2
"7 - Temple PHR",2020-07-10,NA,1274.87320408607,1181.63947553581,1368.10693263633,0,1,2
"4/5N - Tyler PHR",2020-03-04,0,0,NA,NA,0,0,1
"4/5N - Tyler PHR",2020-03-05,0,0,NA,NA,0,0,1
"4/5N - Tyler PHR",2020-03-06,0,0,NA,NA,0,0,1
"4/5N - Tyler PHR",2020-03-07,NA,NA,NA,NA,0,0,1
"4/5N - Tyler PHR",2020-03-08,NA,NA,NA,NA,0,0,1
"4/5N - Tyler PHR",2020-03-09,0,NA,NA,NA,0,0,1
"4/5N - Tyler PHR",2020-03-10,1,NA,NA,NA,0,0,1
"4/5N - Tyler PHR",2020-03-11,0,NA,NA,NA,0,0,1
"4/5N - Tyler PHR",2020-03-12,0,NA,NA,NA,0,0,1
"4/5N - Tyler PHR",2020-03-13,0,NA,NA,NA,0,0,1
"4/5N - Tyler PHR",2020-03-14,NA,NA,NA,NA,0,0,1
"4/5N - Tyler PHR",2020-03-15,3,NA,NA,NA,0,0,1
"4/5N - Tyler PHR",2020-03-16,0,NA,NA,NA,0,0,1
"4/5N - Tyler PHR",2020-03-17,0,NA,NA,NA,0,0,1
"4/5N - Tyler PHR",2020-03-18,4,NA,NA,NA,0,0,1
"4/5N - Tyler PHR",2020-03-19,0,NA,NA,NA,0,0,1
"4/5N - Tyler PHR",2020-03-20,0,NA,NA,NA,0,0,1
"4/5N - Tyler PHR",2020-03-21,0,1,NA,NA,0,0,1
"4/5N - Tyler PHR",2020-03-22,0,0.571428571428571,NA,NA,0,0,1
"4/5N - Tyler PHR",2020-03-23,0,0.571428571428571,NA,NA,0,0,1
"4/5N - Tyler PHR",2020-03-24,15,2.71428571428571,NA,NA,0,0,1
"4/5N - Tyler PHR",2020-03-25,0,2.14285714285714,NA,NA,0,0,1
"4/5N - Tyler PHR",2020-03-26,7,3.14285714285714,NA,NA,0,0,1
"4/5N - Tyler PHR",2020-03-27,10,4.57142857142857,NA,NA,0,0,1
"4/5N - Tyler PHR",2020-03-28,10,6,NA,NA,0,0,1
"4/5N - Tyler PHR",2020-03-29,10,7.42857142857143,NA,NA,0,0,1
"4/5N - Tyler PHR",2020-03-30,8,8.57142857142857,NA,NA,0,0,1
"4/5N - Tyler PHR",2020-03-31,10,7.85714285714286,NA,NA,0,0,1
"4/5N - Tyler PHR",2020-04-01,23,11.1428571428571,NA,NA,0,0,1
"4/5N - Tyler PHR",2020-04-02,26,13.8571428571429,NA,NA,0,0,1
"4/5N - Tyler PHR",2020-04-03,33,17.1428571428571,NA,NA,0,0,1
"4/5N - Tyler PHR",2020-04-04,32,20.2857142857143,NA,NA,0,0,1
"4/5N - Tyler PHR",2020-04-05,5,19.5714285714286,NA,NA,0,0,1
"4/5N - Tyler PHR",2020-04-06,3,18.8571428571429,NA,NA,0,0,1
"4/5N - Tyler PHR",2020-04-07,35,22.4285714285714,NA,NA,0,0,1
"4/5N - Tyler PHR",2020-04-08,36,24.2857142857143,NA,NA,0,0,1
"4/5N - Tyler PHR",2020-04-09,48,27.4285714285714,NA,NA,0,0,1
"4/5N - Tyler PHR",2020-04-10,43,28.8571428571429,NA,NA,0,0,1
"4/5N - Tyler PHR",2020-04-11,24,27.7142857142857,NA,NA,0,0,1
"4/5N - Tyler PHR",2020-04-12,28,31,NA,NA,0,0,1
"4/5N - Tyler PHR",2020-04-13,10,32,NA,NA,0,0,1
"4/5N - Tyler PHR",2020-04-14,46,33.5714285714286,NA,NA,0,0,1
"4/5N - Tyler PHR",2020-04-15,41,34.2857142857143,NA,NA,0,0,1
"4/5N - Tyler PHR",2020-04-16,69,37.2857142857143,NA,NA,0,0,1
"4/5N - Tyler PHR",2020-04-17,32,35.7142857142857,NA,NA,0,0,1
"4/5N - Tyler PHR",2020-04-18,45,38.7142857142857,NA,NA,0,0,1
"4/5N - Tyler PHR",2020-04-19,16,37,NA,NA,0,0,1
"4/5N - Tyler PHR",2020-04-20,8,36.7142857142857,NA,NA,0,0,1
"4/5N - Tyler PHR",2020-04-21,55,38,NA,NA,0,0,1
"4/5N - Tyler PHR",2020-04-22,32,36.7142857142857,NA,NA,0,0,1
"4/5N - Tyler PHR",2020-04-23,54,34.5714285714286,NA,NA,0,0,1
"4/5N - Tyler PHR",2020-04-24,54,37.7142857142857,NA,NA,0,0,1
"4/5N - Tyler PHR",2020-04-25,3,31.7142857142857,NA,NA,0,0,1
"4/5N - Tyler PHR",2020-04-26,46,36,NA,NA,0,0,1
"4/5N - Tyler PHR",2020-04-27,27,38.7142857142857,NA,NA,0,0,1
"4/5N - Tyler PHR",2020-04-28,90,43.7142857142857,NA,NA,0,0,1
"4/5N - Tyler PHR",2020-04-29,4,39.7142857142857,NA,NA,0,0,1
"4/5N - Tyler PHR",2020-04-30,98,46,NA,NA,0,0,1
"4/5N - Tyler PHR",2020-05-01,85,50.4285714285714,NA,NA,0,0,1
"4/5N - Tyler PHR",2020-05-02,62,58.8571428571429,NA,NA,0,0,1
"4/5N - Tyler PHR",2020-05-03,25,55.8571428571429,NA,NA,0,0,1
"4/5N - Tyler PHR",2020-05-04,4,52.5714285714286,NA,NA,0,0,1
"4/5N - Tyler PHR",2020-05-05,108,55.1428571428571,NA,NA,0,0,1
"4/5N - Tyler PHR",2020-05-06,53,62.1428571428571,NA,NA,0,0,1
"4/5N - Tyler PHR",2020-05-07,71,58.2857142857143,NA,NA,0,0,1
"4/5N - Tyler PHR",2020-05-08,53,53.7142857142857,NA,NA,0,0,1
"4/5N - Tyler PHR",2020-05-09,0,44.8571428571429,NA,NA,0,0,1
"4/5N - Tyler PHR",2020-05-10,59,49.7142857142857,NA,NA,0,0,1
"4/5N - Tyler PHR",2020-05-11,7,50.1428571428571,NA,NA,0,0,1
"4/5N - Tyler PHR",2020-05-12,114,51,NA,NA,0,0,1
"4/5N - Tyler PHR",2020-05-13,76,54.2857142857143,NA,NA,0,0,1
"4/5N - Tyler PHR",2020-05-14,142,64.4285714285714,NA,NA,0,0,1
"4/5N - Tyler PHR",2020-05-15,74,67.4285714285714,NA,NA,0,0,1
"4/5N - Tyler PHR",2020-05-16,83,79.2857142857143,NA,NA,0,0,1
"4/5N - Tyler PHR",2020-05-17,20,73.7142857142857,NA,NA,0,0,1
"4/5N - Tyler PHR",2020-05-18,15,74.8571428571429,NA,NA,0,0,1
"4/5N - Tyler PHR",2020-05-19,92,71.7142857142857,NA,NA,0,0,1
"4/5N - Tyler PHR",2020-05-20,79,72.1428571428571,NA,NA,0,0,1
"4/5N - Tyler PHR",2020-05-21,116,68.4285714285714,NA,NA,0,0,1
"4/5N - Tyler PHR",2020-05-22,18,60.4285714285714,NA,NA,0,0,1
"4/5N - Tyler PHR",2020-05-23,50,55.7142857142857,NA,NA,0,0,1
"4/5N - Tyler PHR",2020-05-24,17,55.2857142857143,NA,NA,0,0,1
"4/5N - Tyler PHR",2020-05-25,15,55.2857142857143,NA,NA,0,0,1
"4/5N - Tyler PHR",2020-05-26,81,53.7142857142857,NA,NA,0,0,1
"4/5N - Tyler PHR",2020-05-27,112,58.4285714285714,NA,NA,0,0,1
"4/5N - Tyler PHR",2020-05-28,203,70.8571428571429,NA,NA,0,0,1
"4/5N - Tyler PHR",2020-05-29,55,76.1428571428571,NA,NA,0,0,1
"4/5N - Tyler PHR",2020-05-30,90,81.8571428571429,NA,NA,0,0,1
"4/5N - Tyler PHR",2020-05-31,152,101.142857142857,NA,NA,0,0,1
"4/5N - Tyler PHR",2020-06-01,14,101,NA,NA,0,0,1
"4/5N - Tyler PHR",2020-06-02,87,101.857142857143,NA,NA,0,0,1
"4/5N - Tyler PHR",2020-06-03,110,101.571428571429,NA,NA,0,0,1
"4/5N - Tyler PHR",2020-06-04,132,91.4285714285714,NA,NA,0,0,1
"4/5N - Tyler PHR",2020-06-05,42,89.5714285714286,NA,NA,0,0,1
"4/5N - Tyler PHR",2020-06-06,93,90,NA,NA,0,0,1
"4/5N - Tyler PHR",2020-06-07,32,72.8571428571429,NA,NA,0,0,1
"4/5N - Tyler PHR",2020-06-08,0,70.8571428571429,NA,NA,0,0,1
"4/5N - Tyler PHR",2020-06-09,111,74.2857142857143,NA,NA,0,0,1
"4/5N - Tyler PHR",2020-06-10,81,70.1428571428571,NA,NA,0,0,1
"4/5N - Tyler PHR",2020-06-11,63,60.2857142857143,NA,NA,0,0,1
"4/5N - Tyler PHR",2020-06-12,70,64.2857142857143,NA,NA,0,0,1
"4/5N - Tyler PHR",2020-06-13,126,69,NA,NA,0,0,1
"4/5N - Tyler PHR",2020-06-14,15,66.5714285714286,NA,NA,0,0,1
"4/5N - Tyler PHR",2020-06-15,68,76.2857142857143,NA,NA,0,0,1
"4/5N - Tyler PHR",2020-06-16,1039,208.857142857143,NA,NA,0,0,1
"4/5N - Tyler PHR",2020-06-17,102,211.857142857143,NA,NA,0,0,1
"4/5N - Tyler PHR",2020-06-18,85,215,NA,NA,0,0,1
"4/5N - Tyler PHR",2020-06-19,100,219.285714285714,NA,NA,0,0,1
"4/5N - Tyler PHR",2020-06-20,97,215.142857142857,NA,NA,0,0,1
"4/5N - Tyler PHR",2020-06-21,28,217,NA,NA,0,0,1
"4/5N - Tyler PHR",2020-06-22,9,208.571428571429,NA,NA,0,0,1
"4/5N - Tyler PHR",2020-06-23,181,86,NA,NA,0,0,1
"4/5N - Tyler PHR",2020-06-24,91,84.4285714285714,NA,NA,0,0,1
"4/5N - Tyler PHR",2020-06-25,129,90.7142857142857,NA,NA,0,0,1
"4/5N - Tyler PHR",2020-06-26,159,99.1428571428571,NA,NA,0,0,1
"4/5N - Tyler PHR",2020-06-27,59,93.7142857142857,NA,NA,0,0,1
"4/5N - Tyler PHR",2020-06-28,98,103.714285714286,NA,NA,0,0,1
"4/5N - Tyler PHR",2020-06-29,61,111.142857142857,NA,NA,0,0,1
"4/5N - Tyler PHR",2020-06-30,238,119.285714285714,NA,NA,0,0,1
"4/5N - Tyler PHR",2020-07-01,NA,119.285714285714,100.173297808839,138.398130762589,0,0,1
"4/5N - Tyler PHR",2020-07-02,NA,119.285714285714,92.2566756943949,146.314752877034,0,0,1
"4/5N - Tyler PHR",2020-07-03,NA,119.285714285714,86.1820378923505,152.389390679078,0,0,1
"4/5N - Tyler PHR",2020-07-04,NA,119.285714285714,81.0608813319646,157.510547239464,0,0,1
"4/5N - Tyler PHR",2020-07-05,NA,119.285714285714,76.5490518291351,162.022376742293,0,0,1
"4/5N - Tyler PHR",2020-07-06,NA,119.285714285714,72.4700461658092,166.101382405619,0,0,1
"4/5N - Tyler PHR",2020-07-07,NA,119.285714285714,68.7190133344102,169.852415237018,0,0,1
"4/5N - Tyler PHR",2020-07-08,NA,119.285714285714,65.2276371030755,173.343791468353,0,0,1
"4/5N - Tyler PHR",2020-07-09,NA,119.285714285714,61.9484648550898,176.622963716339,0,0,1
"4/5N - Tyler PHR",2020-07-10,NA,119.285714285714,58.846946629059,179.72448194237,0,0,1
