"Date","Metro_Area","Cases_Cumulative","Cases_Daily","Deaths_Cumulative","Deaths_Daily","Tests_Cumulative","Tests_Daily","Active_Cases_Cumulative","Active_Cases_Daily","Population_DSHS","Retail_Recreation","Grocery_Pharmacy","Parks","Transit","Workplaces","Residential"
2020-03-04,"Metro",0,0,NA,NA,NA,NA,NA,NA,26559615,6.24894172078608,4.26495594050039,-6.92321066226708,0.819391802616141,1.69606295670845,0.789063271136724
2020-03-04,"Non-Metro",0,0,NA,NA,NA,NA,NA,NA,3118053,9.01183292793436,3.5947939765941,-9.85022753538308,8.2023219049121,0.919449967035696,0.783827480430664
2020-03-05,"Metro",0,0,NA,NA,NA,NA,NA,NA,26559615,10.6367970934056,8.65668666409013,34.6638485578346,6.04118042681609,2.21179203394594,-1.80014265051023
2020-03-05,"Non-Metro",0,0,NA,NA,NA,NA,NA,NA,3118053,16.0001727275747,9.03738990018118,9.89480698840095,12.8123664794934,1.90371066759138,-2.14022201909416
2020-03-06,"Metro",5,5,NA,NA,NA,NA,NA,NA,26559615,6.43668243687687,6.50272972581732,25.463203659429,7.29642001072356,2.52673873332616,-1.9310446256259
2020-03-06,"Non-Metro",0,0,NA,NA,NA,NA,NA,NA,3118053,11.225349044555,7.6941565488213,17.7340121155099,13.7273797208422,1.09688817575652,-1.45631374344143
2020-03-07,"Metro",5,NA,0,0,NA,NA,NA,NA,26559615,6.39312511165816,6.02465089484402,23.9787977838858,9.32331679884945,2.63533463016826,-1.87536413552705
2020-03-07,"Non-Metro",0,NA,0,0,NA,NA,NA,NA,3118053,13.0513731973404,9.2478899935444,13.316991319439,19.6042732855681,1.63587719821912,-2.1603486374994
2020-03-08,"Metro",5,NA,0,0,NA,NA,NA,NA,26559615,9.24734101708758,3.42136579420067,16.6112420471975,5.69455339847209,0.0941844059428885,-0.904542696100315
2020-03-08,"Non-Metro",0,NA,0,0,NA,NA,NA,NA,3118053,15.329875163717,8.04668897288129,37.6500395311141,20.9049593250667,-0.233907077451126,-1.5269730095096
2020-03-09,"Metro",12,7,0,0,NA,NA,NA,NA,26559615,7.34528388787194,4.45036243909425,8.02039965642009,0.421473915649602,-8.1299652179536,1.52035284910405
2020-03-09,"Non-Metro",0,0,0,0,NA,NA,NA,NA,3118053,10.6304874320806,6.10518059523733,4.30985919534458,10.6681949638842,-8.00528935809509,1.75153198511171
2020-03-10,"Metro",15,3,0,0,NA,NA,NA,NA,26559615,11.0100239859624,6.34858197919009,50.5914413766011,3.11394326264577,-9.61758809229816,1.24608051689653
2020-03-10,"Non-Metro",0,0,0,0,NA,NA,NA,NA,3118053,15.3565020460646,8.05406217067537,39.2280873783472,16.822000569673,-9.1056780957732,0.451508327615613
2020-03-11,"Metro",18,3,0,0,NA,NA,NA,NA,26559615,12.7309854143788,14.0712872250704,59.342065583627,4.42777280447886,-9.37329432380996,0.663978507171328
2020-03-11,"Non-Metro",0,0,0,0,NA,NA,NA,NA,3118053,18.67954344867,14.4204165483026,53.9834194784831,19.0154026749773,-8.9934889678725,-0.25041961082534
2020-03-12,"Metro",22,4,0,0,NA,NA,NA,NA,26559615,11.1894149865837,27.5491569017995,45.0904846076473,0.399076458485774,-11.9721614312557,0.94737782442982
2020-03-12,"Non-Metro",0,0,0,0,NA,NA,NA,NA,3118053,18.5359864286892,24.0139543856421,36.7142772617005,18.9429343439463,-10.5534897657477,-0.300020707683613
2020-03-13,"Metro",22,0,0,0,NA,NA,NA,NA,26559615,1.12010433717066,32.9893085129371,1.76027912352685,-4.51841767292314,-15.5766589506682,3.97112601015026
2020-03-13,"Non-Metro",0,0,0,0,NA,NA,NA,NA,3118053,7.99079001221024,28.1167562405886,22.0371084589764,13.2675212894266,-12.4059931251189,2.63159521578023
2020-03-14,"Metro",22,NA,0,0,NA,NA,NA,NA,26559615,-8.38499466427833,13.8187894825934,-7.36530331028522,-4.70717116001556,-3.6796999508796,2.55519052547358
2020-03-14,"Non-Metro",0,NA,0,0,NA,NA,NA,NA,3118053,6.28595888036082,19.5834639731302,25.772464305408,10.4179696120606,-2.23663669725924,0.619939111498724
2020-03-15,"Metro",54,32,0,0,NA,NA,NA,NA,26559615,-9.48365483081344,4.93357967667436,-16.1785036538542,-8.05359714521214,-7.86083569537734,3.4606448391331
2020-03-15,"Non-Metro",2,2,1,1,NA,NA,NA,NA,3118053,5.23266844416077,15.5938860306972,11.2400426646223,12.6407544035095,-4.82136515371699,0.946053980980794
2020-03-16,"Metro",54,0,1,1,NA,NA,NA,NA,26559615,-3.23302111158151,16.7602270093591,-1.26365146747163,-13.2414020466642,-21.6301926523166,7.61734076124761
2020-03-16,"Non-Metro",2,0,1,0,NA,NA,NA,NA,3118053,3.66130313330167,18.5820468379784,3.63949089192872,6.29559493882546,-15.328613942977,4.53231187344886
2020-03-17,"Metro",61,7,3,2,NA,NA,NA,NA,26559615,-12.16537656042,15.7766929988966,6.85076219269209,-16.212621974762,-27.0866591170453,10.858440612912
2020-03-17,"Non-Metro",2,0,1,0,NA,NA,NA,NA,3118053,-1.5633967018296,16.9666528242781,20.0563962891702,5.97313199534013,-18.1259213773817,6.2259424350644
2020-03-18,"Metro",80,19,5,2,NA,NA,NA,NA,26559615,-16.7892389938284,13.7196451624241,20.5263214034114,-19.25274304055,-29.9071750994019,12.3511809121584
2020-03-18,"Non-Metro",2,0,1,0,NA,NA,NA,NA,3118053,-3.89413381690435,19.2247910588767,20.5922574179586,9.41064102753159,-19.5100671849048,6.83682413619285
2020-03-19,"Metro",103,23,5,0,NA,NA,NA,NA,26559615,-23.1285419362963,11.230483364228,9.08398337673442,-25.1538174972419,-33.3375760939723,14.1538483778916
2020-03-19,"Non-Metro",5,3,1,0,NA,NA,NA,NA,3118053,-9.80850953014949,18.7042437791529,7.05744895401636,1.95699393261752,-21.2993069099044,8.2060650562468
2020-03-20,"Metro",167,64,8,3,NA,NA,NA,NA,26559615,-30.721974950435,9.57355052467614,-33.052662179802,-30.2009558194365,-34.8630378236239,17.4795423003387
2020-03-20,"Non-Metro",8,3,1,0,NA,NA,NA,NA,3118053,-21.6292102912625,10.6307252455439,-22.7216792464526,-8.21740187427518,-23.8319032403583,12.6505131522704
2020-03-21,"Metro",223,56,10,2,NA,NA,NA,NA,26559615,-41.1016441700389,-3.18302443864403,-42.3116823741236,-32.9929907209468,-23.2024265764094,13.2429636178079
2020-03-21,"Non-Metro",12,4,1,0,NA,NA,NA,NA,3118053,-31.2621841301959,1.80524836587319,-39.3935901323376,-17.2800653738593,-13.7074164209834,9
2020-03-22,"Metro",251,28,11,1,NA,NA,NA,NA,26559615,-42.3221847343757,-10.8211695648236,-37.6402002144349,-37.1093281902081,-29.8918586087145,11.6640567413841
2020-03-22,"Non-Metro",12,0,1,0,NA,NA,NA,NA,3118053,-33.2523472803713,-5.048380774482,-38.2583305277802,-22.1173781823844,-21.9441888091258,9
2020-03-23,"Metro",273,22,13,2,NA,NA,NA,NA,26559615,-30.7572624094029,-3.640183204559,-10.4969761422452,-34.316403009487,-36.6647040840082,15.9120276136431
2020-03-23,"Non-Metro",14,2,1,0,NA,NA,NA,NA,3118053,-24.9183527837913,-0.589770884486536,-24.9952247326206,-13.5765072094244,-22.5903379474787,10.7202404166311
2020-03-24,"Metro",682,409,19,6,NA,NA,NA,NA,26559615,-29.9014243160946,0.0541494641432349,6.64158805460205,-32.9511672775987,-41.4872002506614,17.6677339612819
2020-03-24,"Non-Metro",30,16,1,0,NA,NA,NA,NA,3118053,-22.6037683110285,-0.607668909223809,-9.92673476348157,-8.19981243112705,-26.0882589784093,11.2359591458646
2020-03-25,"Metro",931,249,25,6,NA,NA,NA,NA,26559615,-39.7889620919169,-14.3954679782591,1.339275348187,-37.3990823254911,-45.6786129437049,20.5807713766771
2020-03-25,"Non-Metro",44,14,1,0,NA,NA,NA,NA,3118053,-20.4753401612242,0.800087438790289,-5.47095490021476,-6.7990791193592,-27.6618543578294,11.0854602902372
2020-03-26,"Metro",1330,399,35,10,NA,NA,NA,NA,26559615,-39.7934193596409,-14.6767967085412,-0.588076460039148,-39.7161481409125,-46.8163135472967,20.8231471524688
2020-03-26,"Non-Metro",64,20,2,1,NA,NA,NA,NA,3118053,-24.6338884251626,-3.34460436418647,-15.5571600627745,-13.7568426383776,-28.8098962117404,12.0759870339421
2020-03-27,"Metro",1653,323,43,8,NA,NA,NA,NA,26559615,-42.7692351071117,-16.1877248477391,-13.9354825320065,-41.7228170413554,-46.3546920431746,22.4063278954
2020-03-27,"Non-Metro",78,14,3,1,NA,NA,NA,NA,3118053,-29.7129498807279,-7.36638946533974,-16.0488083997044,-19.1595760734558,-29.7616603012896,14.5204141208206
2020-03-28,"Metro",1953,300,55,12,NA,NA,NA,NA,26559615,-48.3515109405129,-20.3631286651557,-32.432967263648,-44.7591176837949,-33.4983244452579,16.0932317151436
2020-03-28,"Non-Metro",95,17,3,0,NA,NA,NA,NA,3118053,-34.126847102053,-12.3220506634663,-33.7916822930131,-31.3081868973638,-19.705503441782,11.5269730095096
2020-03-29,"Metro",2437,484,64,9,NA,NA,NA,NA,26559615,-46.3231800236794,-23.9167084444033,-22.9329122433813,-46.8374633803176,-37.2597688965823,13.540967135706
2020-03-29,"Non-Metro",115,20,5,2,NA,NA,NA,NA,3118053,-32.0487914082082,-14.2310856458832,-27.3305533571669,-33.0155650540339,-25.5715875530689,9
2020-03-30,"Metro",2743,306,84,20,NA,NA,NA,NA,26559615,-41.4471585394798,-21.9984335030296,-37.9074063129696,-45.132992366207,-46.9105593219337,20.5827715110938
2020-03-30,"Non-Metro",131,16,5,0,NA,NA,NA,NA,3118053,-31.6475331547138,-12.6921447320038,-31.8274182201208,-22.0377238784202,-29.8951719401949,13.9099606887112
2020-03-31,"Metro",3126,383,94,10,NA,NA,NA,NA,26559615,-35.4548759346572,-13.634816673279,-4.1492490536604,-39.8384038230875,-48.327493368407,20.5272171366375
2020-03-31,"Non-Metro",140,9,7,2,NA,NA,NA,NA,3118053,-25.1952272213997,-6.19376464843086,-14.7640721045794,-16.435085095797,-31.7275160572192,13.3302407567627
2020-04-01,"Metro",3792,666,112,18,NA,NA,NA,NA,26559615,-34.1897160456958,-9.47916584468337,4.43942604854163,-38.4066610034677,-48.1984501343267,20.3929234858003
2020-04-01,"Non-Metro",204,64,10,3,NA,NA,NA,NA,3118053,-21.6192815731153,0.938758403280387,-14.3467916819444,-12.8706349096767,-32.0017585241034,12.4727556902015
2020-04-02,"Metro",4420,628,131,19,NA,NA,NA,NA,26559615,-39.7074145922174,-13.9033009208786,-20.3568426338255,-44.3757532651931,-49.7363397885521,22.1510657934762
2020-04-02,"Non-Metro",245,41,12,2,NA,NA,NA,NA,3118053,-30.8239830683567,-6.23289860784473,-26.4440646148871,-18.7789699360038,-33.6252390499011,14.3119471618317
2020-04-03,"Metro",5024,604,149,18,NA,NA,NA,NA,26559615,-42.5293149467535,-13.7357813067821,-40.4539301286147,-46.4053369397755,-49.2328686186984,24.2681223295727
2020-04-03,"Non-Metro",300,57,14,2,NA,NA,NA,NA,3118053,-35.5897889336045,-8.27853753497581,-35.7203508717599,-28.936616545972,-34.2305168586586,18.0427719276939
2020-04-04,"Metro",5772,759,170,21,NA,NA,NA,NA,26559615,-53.1481778259597,-23.2573347598131,-67.8465685293243,-53.0701936089298,-38.9776308815408,18.7955008084622
2020-04-04,"Non-Metro",340,40,15,1,NA,NA,NA,NA,3118053,-45.2999883558811,-17.4002354268684,-53.8864744929413,-39.5972365548675,-26.4105107842317,14.0539460190192
2020-04-05,"Metro",6431,667,202,32,NA,NA,NA,NA,26559615,-49.1109270498987,-23.5379090511568,-42.7358669288052,-52.0709904343345,-39.8286759535992,14.3144825572047
2020-04-05,"Non-Metro",362,23,21,6,NA,NA,NA,NA,3118053,-41.6401820188398,-18.5327332247767,-43.2035824826568,-42.8486553192326,-29.983291028116,NA
2020-04-06,"Metro",6884,465,226,24,NA,NA,NA,NA,26559615,-41.1610173774113,-19.9570222090844,-29.7896924433986,-46.1112254470817,-48.0321994727117,20.7306792356962
2020-04-06,"Non-Metro",389,32,22,1,NA,NA,NA,NA,3118053,-35.2524156357402,-13.6169730251603,-38.507617180021,-24.710458257492,-31.8434629155662,14.100665667202
2020-04-07,"Metro",7823,939,240,14,NA,NA,7142,7142,26559615,-39.0349934537227,-16.2213771866058,-6.49103674015863,-42.5815541088692,-49.9713587951199,21.4809543556197
2020-04-07,"Non-Metro",438,49,24,2,NA,NA,394,394,3118053,-32.8270440819729,-11.7301687510913,-25.2251766091052,-18.0824329920978,-34.4238262057417,14.1992953329152
2020-04-08,"Metro",8860,1037,262,22,NA,NA,7959,817,26559615,-38.6127026318828,-15.4192917267874,-4.24477988417268,-41.8060561691297,-49.90319303635,21.3485159449922
2020-04-08,"Non-Metro",493,55,26,2,NA,NA,438,44,3118053,-30.8103389920335,-10.2427430421167,-20.4054667013159,-17.7660767949641,-35.0053217688096,13.7812262274954
2020-04-09,"Metro",9677,818,292,30,NA,NA,8441,482,26559615,-39.5430534077744,-14.8383006380736,-18.1678669978347,-44.2869632850603,-51.1335540995578,22.1908532550486
2020-04-09,"Non-Metro",553,64,29,3,NA,NA,478,40,3118053,-31.6576037868051,-7.61952637399131,-27.1883854386032,-22.8551046406147,-35.6568547792657,14.2314383542346
2020-04-10,"Metro",11045,1368,318,26,NA,NA,9529,1088,26559615,-40.4488269661455,-12.0840722296819,-21.0032264206216,-46.7319575276096,-56.8257571149444,25.4122222803625
2020-04-10,"Non-Metro",626,73,32,3,NA,NA,538,60,3118053,-34.2550192046192,-10.5409647036756,-30.4807830647258,-35.1643010466553,-45.0319636388009,18.9352622006293
2020-04-11,"Metro",11880,836,348,30,NA,NA,10103,574,26559615,-46.301980352634,-14.245034209467,-51.5677196017684,-49.7661663300319,-38.9802152731885,17.0165895724352
2020-04-11,"Non-Metro",681,56,36,4,NA,NA,579,41,3118053,-38.0314673588125,-7.45489057469041,-42.4149705140623,-43.1963050350483,-26.5479561274552,13
2020-04-12,"Metro",12768,889,378,30,NA,NA,10594,491,26559615,-57.8446925685084,-38.8093860518136,-48.1094700276515,-52.4190538234363,-44.2806438813379,13.8216557251827
2020-04-12,"Non-Metro",716,36,40,4,NA,NA,596,17,3118053,-49.4213166053581,-38.0702090341546,-44.3282235653668,-44.5332830048231,-34.2026187919053,9
2020-04-13,"Metro",13165,398,404,26,NA,NA,10733,139,26559615,-38.267346226794,-18.914080063296,-24.0380506104967,-44.4870772882832,-47.8427175111454,20.2955721808609
2020-04-13,"Non-Metro",741,26,45,5,NA,NA,608,12,3118053,-28.1151933328997,-11.1583942810425,-33.3032199943166,-25.0388899589111,-33.0170943719879,13.545735755731
2020-04-14,"Metro",13788,623,433,29,NA,NA,11024,291,26559615,-36.6636381715052,-17.0553283530939,-18.0882067012452,-42.3145660183958,-48.6215176109851,21.7461444729737
2020-04-14,"Non-Metro",836,95,48,3,NA,NA,694,86,3118053,-26.1974016713521,-11.1899702101607,-30.4779946994863,-22.0781976069276,-32.6595817304149,14.305750453431
2020-04-15,"Metro",14578,791,467,34,NA,NA,11256,232,26559615,-28.9907232976159,-9.90288255385714,-2.74970647185218,-38.6566018950838,-47.3838565131529,20.3030064385911
2020-04-15,"Non-Metro",914,81,50,2,NA,NA,716,22,3118053,-13.7716826502663,-0.62767626780094,-16.3257814127521,-15.8508222327686,-31.8450195757667,12.7278307459263
2020-04-16,"Metro",15431,854,498,31,NA,NA,11586,330,26559615,-32.584535678562,-12.1489703321938,1.97596561069325,-40.6705312555303,-48.1795115876845,20.7225952971829
2020-04-16,"Non-Metro",1024,110,51,1,NA,NA,793,77,3118053,-19.5433303581106,-4.41494837407462,-21.8279837529574,-20.9803795875245,-32.2694628230273,12.9488830219918
2020-04-17,"Metro",16267,836,531,33,NA,NA,11916,330,26559615,-38.1701699909093,-15.7486019090744,-27.9402451034637,-42.3563142184246,-47.2489883922971,22.4672025123429
2020-04-17,"Non-Metro",1104,80,56,5,NA,NA,834,41,3118053,-28.8688298138512,-11.0452176587144,-27.7566775181956,-27.6701716296544,-32.6936578885724,16.2791084053796
2020-04-18,"Metro",17080,815,554,23,NA,NA,12115,199,26559615,-42.3822774482218,-17.4681583283857,-38.7210119163963,-43.3566625257762,-32.9939741212619,14.9267425436382
2020-04-18,"Non-Metro",1180,79,62,6,NA,NA,877,43,3118053,-29.4909856463953,-11.0463205158205,-34.7240852913594,-32.5392717522715,-19.638594340827,10.0539460190192
2020-04-19,"Metro",17707,627,577,23,NA,NA,12261,146,26559615,-43.5325122406044,-23.0383933266083,-40.3335171642015,-49.2681854415931,-37.1010548319531,13.063023595853
2020-04-19,"Non-Metro",1216,36,67,5,NA,NA,882,5,3118053,-32.7281494131528,-19.4784844198188,-38.3616150189374,-38.2972034265918,-27.2874115448913,10
2020-04-20,"Metro",18206,499,599,22,NA,NA,12409,148,26559615,-32.9790808331105,-17.0198056186032,-8.73826260815866,-41.1996565770581,-46.0659081415197,19.0610533058282
2020-04-20,"Non-Metro",1252,41,71,4,NA,NA,894,12,3118053,-20.7636565224409,-9.26435445800852,-26.5961642348501,-22.6542784839925,-29.6470930786615,12.2312490837963
2020-04-21,"Metro",18814,608,634,35,147908,147908,12476,67,26559615,-32.1539360353023,-14.616759702726,2.2394798257377,-39.7902066248328,-47.793642913507,20.2348088158467
2020-04-21,"Non-Metro",1382,132,77,6,11824,11824,977,83,3118053,-20.6368892325704,-7.80578525973845,-17.2125076578474,-18.3894792346663,-31.848034484167,12.8017076598937
2020-04-22,"Metro",19611,798,660,26,155420,7512,12814,338,26559615,-33.9910727774184,-13.7431775142016,-9.55984408366938,-40.4150264057092,-47.6944001819321,21.1645080363516
2020-04-22,"Non-Metro",1458,77,81,4,10871,-953,1002,25,3118053,-25.4586528246526,-9.42556292019728,-23.1725324245789,-16.7749455146961,-32.3024437062651,14.1627868620044
2020-04-23,"Metro",20341,734,689,29,159202,3782,13008,194,26559615,-31.6137072341025,-10.7777167278979,10.8702042877336,-38.7471473762696,-47.613787340598,19.830372431833
2020-04-23,"Non-Metro",1603,147,87,6,9057,-1814,1128,126,3118053,-18.9344167724381,-2.71432017205493,-17.1089728144152,-16.7385982833292,-31.5250683945969,11.9386731590218
2020-04-24,"Metro",21097,756,717,28,180273,21071,13247,239,26559615,-34.0796002749789,-11.5187706351268,-3.44328268460261,-38.1221153840055,-46.5530387891268,20.6447696582158
2020-04-24,"Non-Metro",1709,106,92,5,12321,3264,1165,37,3118053,-22.6079762899597,-5.25904657391751,-10.1090448028935,-22.3923124248657,-32.1091236237948,14.2295154439968
2020-04-25,"Metro",21978,882,749,32,194054,13781,13601,354,26559615,-37.9733971029309,-12.3576558887292,-11.6411400484752,-36.1760430429551,-31.3779960100912,12.6751935839416
2020-04-25,"Non-Metro",1795,88,97,5,13122,801,1203,38,3118053,-21.5708716779575,-2.0923624320298,-5.60880299442365,-25.8509453504611,-18.5940778633221,8.05394601901921
2020-04-26,"Metro",22714,736,774,25,196590,2536,14005,404,26559615,-36.2620716131306,-15.770142223875,-9.81422714998779,-40.8149548017098,-34.9781924706894,10.8416362699741
2020-04-26,"Non-Metro",1917,125,102,5,13218,96,1296,93,3118053,-19.4875699827981,-6.17083071887945,-6.34284106022944,-29.7303856806925,-24.0582614889112,6
2020-04-27,"Metro",23276,562,796,22,204788,8198,14220,215,26559615,-29.6171737967168,-13.6414734500757,-5.34336228398304,-38.559656868901,-44.5749143360786,18.2653529947495
2020-04-27,"Non-Metro",2021,106,105,3,13880,662,1367,71,3118053,-15.7691120812107,-4.84452567956301,-21.5697558706075,-17.4628412617905,-28.3523794553519,11.4781246496868
2020-04-28,"Metro",23967,691,823,27,208311,3523,14341,121,26559615,-30.4711371313234,-12.031672101793,-5.39391938492941,-37.8563910870741,-46.6427759204618,13.7879132475749
2020-04-28,"Non-Metro",2204,185,112,7,13726,-154,1475,108,3118053,-17.8010502381318,-4.4349315348457,-21.4457941826584,-15.882649848246,-30.7687484143462,6.6231090469884
2020-04-29,"Metro",24793,828,843,20,222212,13901,14661,320,26559615,-27.1473906713095,-8.05759422578998,7.4382420478713,-35.812289969002,-46.5632102887175,19.5916935347694
2020-04-29,"Non-Metro",2261,59,115,3,14485,759,1468,-7,3118053,-11.9133741896785,1.85722956442058,-22.5117928484886,-13.5173664796469,-30.8900948212487,11.5935922091739
2020-04-30,"Metro",25639,847,870,27,232102,9890,14770,109,26559615,-26.1268621576923,-5.80018515123335,17.4644597807337,-34.2900588340513,-45.8312884109144,18.6127097479854
2020-04-30,"Non-Metro",2448,189,119,4,15098,613,1551,83,3118053,-12.1173521030995,2.66500799106774,-34.3813268722308,-13.1945689603433,-30.0487606424738,10.8350218912394
2020-05-01,"Metro",26621,986,909,39,231420,-682,15220,450,26559615,-26.5765406890752,-4.88276347225092,5.64093696230546,-32.7575242871632,-43.6330441856234,18.3024637806392
2020-05-01,"Non-Metro",2608,166,123,4,15147,49,1653,102,3118053,-12.9388055028762,4.45664620302852,-9.29124778523386,-15.5130108373619,-29.4878363389438,11.5682408601183
2020-05-02,"Metro",27809,1188,936,27,241622,10202,15920,700,26559615,-30.684888400358,-5.86698004723504,-2.02666468616802,-30.1545040826411,-27.2649696927214,10.6371017222242
2020-05-02,"Non-Metro",2713,107,130,7,15684,537,1696,43,3118053,-13.3746120532525,4.61920102675509,-3.84463478429605,-23.1920280043917,-15.8710854995062,5.5269730095096
2020-05-03,"Metro",28722,913,967,31,242123,501,16453,533,26559615,-29.2733181927838,-10.6195933322919,-6.56390077345164,-35.7755746059865,-28.9523418674639,9.0190173946909
2020-05-03,"Non-Metro",2826,116,134,4,15854,170,1770,74,3118053,-11.0063524733521,-0.322508837840835,-9.35172561209131,-20.7826455161164,-19.6415940852288,4.5269730095096
2020-05-04,"Metro",29466,747,995,28,255760,13637,16787,334,26559615,-22.511990308024,-9.08681726719428,0.464893222511466,-34.1194738548626,-41.6597215523786,16.1474513630952
2020-05-04,"Non-Metro",2866,40,137,3,16965,1111,1778,8,3118053,-8.81345578504011,-0.843001128536405,-19.4931819312135,-12.0896044419373,-26.3990626000539,9.4096583860033
2020-05-05,"Metro",30337,872,1019,24,255760,0,17045,258,26559615,-20.6365104106852,-4.55740845048555,7.63144515749671,-32.544047940237,-43.1477759846789,17.5236694193137
2020-05-05,"Non-Metro",3032,174,143,6,16965,0,1853,75,3118053,-8.77522691657705,2.9930686785794,-23.7920958444565,-11.7884605250776,-28.1246776474009,10.3654016121773
2020-05-06,"Metro",31286,952,1047,28,273749,17989,17425,380,26559615,-20.0099724274744,-2.81209832559447,29.3663298547379,-30.3149537096103,-42.405553570454,16.9336313665821
2020-05-06,"Non-Metro",3136,104,147,4,18288,1323,1893,40,3118053,-6.57559026096509,5.97248438860838,-6.01258380934333,-9.22595761470063,-27.7909722411305,9.84144412008867
2020-05-07,"Metro",32133,1019,1077,30,294474,20725,17641,216,26559615,-22.3716227195054,-3.4398481863391,19.11486443015,-32.3813741319127,-43.1041036085154,17.2052189894854
2020-05-07,"Non-Metro",3257,123,152,5,19965,1677,1888,-5,3118053,-9.88993057879434,5.16937435885033,7.15982204896361,-10.4086801192479,-27.9559896126665,9.81191073893631
2020-05-08,"Metro",33215,1084,1104,27,319485,25011,18195,554,26559615,-23.5295057154128,-2.05821142707419,-0.938911525914968,-31.3166843022906,-41.3869724927449,17.4413954939007
2020-05-08,"Non-Metro",3394,141,158,6,21733,1768,1953,65,3118053,-13.3007957290114,3.29773448247157,-7.60704112149533,-13.8283817057313,-27.9016841625031,12.0780379771525
2020-05-09,"Metro",34396,1181,1126,22,339136,19651,17641,-554,26559615,-22.9696908081499,7.1338909865034,1.91039378225292,-29.5479487536637,-23.1259429126244,8.51540439386326
2020-05-09,"Non-Metro",3464,70,163,5,24052,2319,1888,-65,3118053,-6.63509645809942,17.0242165659558,-0.988906882591093,-17.1088390521058,-12.8494514492823,4.5269730095096
2020-05-10,"Metro",35268,873,1147,21,361256,22120,19479,1838,26559615,-22.8635207038234,3.04941283230327,1.15019707108606,-29.3569095470362,-23.2209558443654,5.56864655279757
2020-05-10,"Non-Metro",3601,138,169,6,25971,1919,1993,105,3118053,-7.00798397496952,16.7125813614431,8.51428400639605,-18.6297424933135,-15.1502850270595,2.5269730095096
2020-05-11,"Metro",36252,984,1174,27,380016,18760,20037,558,26559615,-21.2552014992318,-9.79158743056924,8.06745570797515,-32.4249978260481,-40.3294444384391,15.2639537731473
2020-05-11,"Non-Metro",3617,17,176,7,27010,1039,1898,-95,3118053,-9.2439115489149,0.20123080901128,-2.76776662873694,-11.1523339267831,-25.0923064645832,9.00089945753382
2020-05-12,"Metro",37265,1013,1199,25,411341,31325,20372,335,26559615,-21.4561836653353,-7.60068454508529,-1.19594827332212,-33.3007600326245,-41.5641501182706,17.6015160744655
2020-05-12,"Non-Metro",3783,171,184,8,28722,1712,1933,35,3118053,-9.40588385562306,0.837275765066346,-6.55540793751453,-10.674430986793,-26.1275679101363,10.4674292678145
2020-05-13,"Metro",38428,1165,1232,33,429975,18634,20920,548,26559615,-18.0810953345436,-2.70622862508999,21.9068601378978,-30.3238639795478,-40.5575464908291,16.2650393433769
2020-05-13,"Non-Metro",3975,208,192,8,29555,833,2055,122,3118053,-5.85169459882008,4.81460851031226,-6.08487293681614,-7.93203336283317,-26.0641786015738,9.17495687776772
2020-05-14,"Metro",39749,1324,1263,31,457108,27133,21655,735,26559615,-20.0495597022192,-4.22078453909734,18.6971456719303,-32.9851733850654,-41.6703920245144,16.4729749634393
2020-05-14,"Non-Metro",4102,158,193,1,31318,1763,2010,-45,3118053,-9.24061619091929,2.25256078634247,-2.01554257665662,-11.0869225187082,-26.3877893871132,8.74915712671543
2020-05-15,"Metro",40933,1184,1294,31,463178,6070,21928,273,26559615,-24.5833009759689,-6.52404597546361,-5.24993496238218,-33.5736164191711,-40.5069312853262,17.0286888243932
2020-05-15,"Non-Metro",4265,166,202,9,31731,413,2024,14,3118053,-14.181888410036,-0.797950167540262,-6.12377925704931,-13.9014885802354,-26.6770774480163,10.85825140819
2020-05-16,"Metro",42622,1689,1317,23,481555,18377,22802,874,26559615,-28.9958687102971,-8.50506779690651,-33.0466873168314,-35.8412496677879,-24.7305823920856,11.5103200116387
2020-05-16,"Non-Metro",4377,117,209,7,32880,1149,2050,26,3118053,-16.9267140237787,-1.9014375908692,-24.689915181305,-24.277267792578,-14.2213674935039,8.5269730095096
2020-05-17,"Metro",43336,715,1334,17,504436,22881,23327,525,26559615,-21.8234313983933,-7.03766071691755,4.22037097394925,-33.1038513956973,-21.8252767570745,7.50629741140803
2020-05-17,"Non-Metro",4448,71,217,8,34123,1243,2016,-34,3118053,-9.13023226799193,1.90910626248183,-2.01228786518457,-16.1211484478203,-15.062057027756,5.05394601901921
2020-05-18,"Metro",44187,851,1355,21,530108,25672,23588,261,26559615,-16.1802087292687,-6.52165107151572,9.1300744773224,-32.5084267451957,-37.7978048221132,14.0767293883704
2020-05-18,"Non-Metro",4506,58,218,1,37174,3051,1985,-31,3118053,-5.54004086550826,0.439444237966303,-5.90810586870576,-14.2174710375418,-22.9265626265709,8.05972534368046
2020-05-19,"Metro",45227,1040,1378,23,560847,30739,23835,247,26559615,-14.4445536716154,-3.64925376651592,17.9461578732872,-30.6121283161788,-39.1726911286501,15.0074104733365
2020-05-19,"Non-Metro",4685,184,223,5,39969,2795,2045,60,3118053,-4.24703064642898,1.53691295604426,-2.82120339857333,-7.62955186964854,-24.8107354129055,8.47429857289402
2020-05-20,"Metro",46408,1182,1398,20,582927,22080,23961,126,26559615,-13.2339522007912,-1.25826493588238,27.5111806881355,-27.3925037896993,-39.1094097491507,14.7099144312694
2020-05-20,"Non-Metro",4915,232,224,1,41174,1205,2162,117,3118053,-2.67199713645457,6.73946624464892,3.68291988735095,-4.68348556200625,-25.1731352274893,8.21349179957084
2020-05-21,"Metro",47348,941,1417,19,600462,17535,24062,101,26559615,-14.425721913024,-1.03981879521663,22.1930617941862,-28.4886959028178,-39.839733016544,14.9519481960316
2020-05-21,"Non-Metro",4920,130,229,5,42812,1638,2064,-98,3118053,-4.43302449698087,6.449162169063,3.49907505166175,-2.69495938577946,-25.9825483677655,8.04015586631978
2020-05-22,"Metro",48505,1179,1442,25,616142,15680,24436,374,26559615,-17.3177333044342,0.0878233694718699,12.6827399688398,-25.9076561424936,-38.7135339872852,14.3815354412069
2020-05-22,"Non-Metro",4944,147,234,5,44150,1338,1974,-90,3118053,-6.87369477648111,7.31660254089217,12.55473900268,-0.302178937909603,-26.7378382995322,9.18500668674038
2020-05-23,"Metro",49442,938,1457,15,616142,0,24698,262,26559615,-22.2518823643971,-1.12496364425572,6.54335731136969,-27.0631113943257,-18.97059963219,6.82241586154667
2020-05-23,"Non-Metro",5067,123,236,2,44150,0,2021,47,3118053,-8.07539031543,9.99097885149364,11.0886926401629,-6.69153838699784,-11.6182718841157,3.5269730095096
2020-05-24,"Metro",50234,793,1484,27,646685,30543,25078,380,26559615,-22.4598246665649,-8.77249231173137,-9.89528970220588,-33.1467822970745,-21.8170632493067,6.6246622773787
2020-05-24,"Non-Metro",5114,47,240,4,46396,2246,1967,-54,3118053,-9.59212168478086,1.7557446311431,-0.910745147821299,-18.5831519536933,-16.1436758534456,4.5269730095096
2020-05-25,"Metro",50811,577,1510,26,667571,20886,25199,121,26559615,-21.1678669605727,-9.93398724261159,-4.07672703667688,-42.7144810109872,-69.3445986203153,22.5051448942778
2020-05-25,"Non-Metro",5160,46,245,5,47984,1588,1965,-2,3118053,-16.743254874733,-7.63352212736432,-6.25429628123578,-19.608245714311,-60.0781310885849,17.4057398454961
2020-05-26,"Metro",51293,522,1528,18,685184,17613,24940,-259,26559615,-14.391725711273,-3.31806840581297,15.5942998451892,-28.3821603345627,-38.3411536595764,14.8535740654138
2020-05-26,"Non-Metro",5267,109,247,2,49897,1913,1962,-3,3118053,-5.39650877907214,1.86948345411672,-7.80669336652588,-7.71200049089484,-24.2325126368332,8.59817736916059
2020-05-27,"Metro",52269,976,1548,20,697291,12107,24967,27,26559615,-13.4938966679701,-3.4902948977288,19.6044366595873,-26.9330437074889,-37.1030984696028,14.3653425346038
2020-05-27,"Non-Metro",5652,385,250,3,51958,2061,2148,186,3118053,-3.56069234809689,4.25926664933999,7.4795282296167,-4.72439483421189,-23.509222778882,7.90308199275843
2020-05-28,"Metro",53681,1413,1574,26,720525,23234,25528,561,26559615,-12.9699507647309,-2.24232599224766,21.4618333354082,-28.1558737454571,-37.6094374133516,14.4767128198951
2020-05-28,"Non-Metro",6095,445,255,5,53352,1394,2453,305,3118053,-3.42489880674722,3.56351327445186,-7.363792557761,-5.06687528021854,-24.0476583243345,7.80408096053658
2020-05-29,"Metro",54726,1045,1605,31,735624,15099,25576,48,26559615,-15.5836754998227,-1.57171618276085,19.2601628971664,-25.2657900371528,-35.5535480524729,13.5464303609193
2020-05-29,"Non-Metro",6280,186,260,5,54940,1588,2500,47,3118053,-5.5955738367428,3.61855006302403,-1.37873813115627,-4.11733413123749,-23.49721852173,8.5436678061752
2020-05-30,"Metro",55859,1135,1633,28,755589,19965,26008,432,26559615,-19.0636102051892,-2.16079695288311,15.0914804186441,-23.9426159847661,-10.3526145943103,5.94844680977423
2020-05-30,"Non-Metro",6479,221,264,4,57808,2868,2586,86,3118053,-3.79471265880102,6.44832696894983,1.51850022418991,-6.86771863660757,-3.99291026230154,2.60764686508549
2020-05-31,"Metro",57000,1141,1645,12,762181,6592,26760,752,26559615,-18.5512483016176,-7.50091494310828,-0.914196908712274,-27.0766196170281,-13.8797794668057,6.08959997999986
2020-05-31,"Non-Metro",7287,809,267,3,58731,923,3307,721,3118053,-2.02701466159567,2.8942991539221,-1.2536046577005,-4.7239538982205,-9.67471537535701,2.05394601901921
2020-06-01,"Metro",57561,561,1661,16,795455,33274,26498,-262,26559615,-11.5877989782555,-3.38008743408798,7.50833135625472,-27.9450202072556,-35.4396704415903,12.5022613097491
2020-06-01,"Non-Metro",7319,32,271,4,69700,10969,3244,-63,3118053,-1.30117740222888,2.1205477948551,-4.83361897120043,-6.76206156930607,-22.5642550495321,6.80254191839489
2020-06-02,"Metro",58868,1307,1686,25,829192,33737,26889,391,26559615,-10.5310824463624,-1.12361732243839,26.2023337558774,-26.3528141759961,-36.9214426709434,13.6658885722435
2020-06-02,"Non-Metro",7700,386,274,3,73856,4156,3476,232,3118053,-0.574707804029971,2.31022475945634,-4.65856122826296,-5.91701328248166,-23.8443191053839,7.4934494598936
2020-06-03,"Metro",60253,1386,1713,27,821827,-7365,27086,197,26559615,-9.13917169141146,1.97555738506226,24.1372942141074,-24.9441341426856,-36.3016683377551,13.0361454873962
2020-06-03,"Non-Metro",8018,320,279,5,77401,3545,3568,92,3118053,3.00190393529489,8.76694365000109,3.60727645400974,-0.900400985814767,-23.7359755765513,6.50856359181867
2020-06-04,"Metro",61655,1404,1730,17,845010,23183,26246,-840,26559615,-10.8039276809871,0.053527134346353,27.7603563373512,-25.9685725032331,-37.3856375679322,13.0021504356664
2020-06-04,"Non-Metro",8265,247,283,4,78226,825,3795,227,3118053,-0.983193371066229,5.75193638037031,6.79923265711889,-1.32784644402117,-24.1975213189776,6.47979517918233
2020-06-05,"Metro",63184,1529,1752,22,855633,10623,26638,392,26559615,-14.0409897910493,-0.324714450923232,15.4664879597394,-24.4587222743768,-36.2776449068262,12.541567230656
2020-06-05,"Non-Metro",8429,173,285,2,79854,1628,3902,107,3118053,-5.36996460256295,4.96333469250428,10.9867164515314,-2.80478801358009,-25.4044308616394,7.6392966266229
2020-06-06,"Metro",64988,1805,1778,26,878338,22705,27624,986,26559615,-17.5649172657582,-1.03407728626889,10.6643459702958,-24.1022610207815,-13.3738185479019,5.24771232784534
2020-06-06,"Non-Metro",8565,142,292,7,82025,2171,3933,31,3118053,-5.30691075225545,7.09846546819918,16.5426583342086,-8.49303235366757,-8.32736738783179,2.66156097438955
2020-06-07,"Metro",66378,1391,1794,16,927157,48819,28409,785,26559615,-14.5109967893405,-4.89827745679757,6.37757990417755,-26.446872908966,-15.0697612801041,4.87161699289434
2020-06-07,"Non-Metro",8600,36,294,2,87667,5642,3912,-21,3118053,-1.69237395594241,5.63097413903202,3.81983079733439,-2.97190386407932,-11.1447654465111,2.5269730095096
2020-06-08,"Metro",67015,637,1822,28,940121,12964,28323,-86,26559615,-12.1037864107563,-5.23308175082271,8.74205179479583,-27.6934826835432,-35.2642077705407,12.009727927963
2020-06-08,"Non-Metro",8601,1,296,2,89076,1409,3853,-59,3118053,-3.69859523551468,1.2828391871662,-4.72845576572524,-5.58055431920181,-22.7560577920092,6.69601034400347
2020-06-09,"Metro",68535,1753,1851,29,959641,19520,28855,532,26559615,-10.8659318738949,-2.85805945846095,19.5619981356359,-26.7855015351104,-36.5233535760961,13.1148323755515
2020-06-09,"Non-Metro",8718,207,301,5,91577,2501,3872,19,3118053,-3.31081412894411,2.37482211240322,6.27930521144867,-3.29745685173433,-23.7978775758066,7.25524200188248
2020-06-10,"Metro",70811,2279,1874,23,959641,0,29977,1122,26559615,-8.21468649960762,-0.102344365866878,38.2078823567676,-23.5283154778011,-35.8148742555665,12.2116852609578
2020-06-10,"Non-Metro",8946,261,302,1,91577,0,3717,-155,3118053,0.83821732073669,6.61087003618901,3.56712781350165,-0.624948007924197,-23.7046124104882,6.46969714111165
2020-06-11,"Metro",72490,1687,1901,27,977153,17512,30115,138,26559615,-9.97192303457071,-0.438969747003549,35.9012752746151,-24.452615244516,-36.7675982641269,12.3826501964441
2020-06-11,"Non-Metro",9093,150,305,3,93696,2119,3524,-193,3118053,-1.20996469754355,6.50802283473093,14.2149477809362,-0.981850807002341,-24.2191028384808,6.24917617675534
2020-06-12,"Metro",74371,1884,1929,28,978599,1446,30914,799,26559615,-13.1844604490373,-0.531375456257371,23.2728922562808,-22.1253599188199,-36.1895150685981,11.8243129871299
2020-06-12,"Non-Metro",9309,217,310,5,93867,171,3545,21,3118053,-4.88833497625235,5.19200573525578,18.6555242314405,-1.89479950633241,-25.2200397368652,7.32446330233322
2020-06-13,"Metro",76490,2126,1962,33,993508,14909,32096,1182,26559615,-16.6447259973323,-0.888291853956714,19.2339218087599,-20.5942568476632,-11.3330641014785,4.77811599276506
2020-06-13,"Non-Metro",9521,214,315,5,94818,951,3602,57,3118053,-3.49275614345174,7.50378185175347,25.3500792276228,-2.78406284151912,-7.23038105018206,2.32312194877909
2020-06-14,"Metro",78263,1773,1998,36,1015207,21699,33210,1114,26559615,-13.8978094013716,-5.19263185574507,13.1699845309561,-22.6948682684842,-13.464500064716,4.22751794639027
2020-06-14,"Non-Metro",9591,70,321,6,97470,2652,3096,-506,3118053,-1.07074862517764,5.69845005744392,15.8064961663691,2.467658135354,-10.5507940284424,2.05394601901921
2020-06-15,"Metro",79482,1220,2024,26,1035739,20532,33563,353,26559615,-11.3868553085846,-4.42895460416139,17.2817555463417,-25.277041390581,-35.7159175443349,11.5413056629583
2020-06-15,"Non-Metro",9626,35,326,5,100010,2540,3059,-37,3118053,-2.65236802974581,2.39385796593534,7.91499964489477,-0.864522994878679,-22.9221804599904,6.4272003545797
2020-06-16,"Metro",82509,3028,2062,38,1066520,30781,34859,1296,26559615,-10.2872466380446,-1.60762144110902,33.1527058510239,-24.287729724099,-36.9002244736165,12.6314592617609
2020-06-16,"Non-Metro",10697,1130,335,9,102865,2855,3797,738,3118053,-2.18980214069961,3.04756009952994,14.4107366693661,-0.391708193759282,-24.3973761440906,7.20693256752772
2020-06-17,"Metro",85361,2867,2098,36,1082427,15907,36343,1484,26559615,-9.2945174515906,0.479160157601106,39.3255767515326,-22.3312970091511,-36.6657729503925,12.2730851554059
2020-06-17,"Non-Metro",10974,279,338,3,104940,2075,3809,12,3118053,0.174483660024516,5.19816476897389,14.8754627567092,1.23043539350674,-24.6100086448662,6.43592119232837
2020-06-18,"Metro",88599,3240,2129,31,1104884,22457,38283,1940,26559615,-10.2237983460735,-0.300080731417521,36.8915283090914,-23.5444252544144,-37.9528362095879,12.3061576637381
2020-06-18,"Non-Metro",11252,283,347,9,107418,2478,3853,44,3118053,-1.07668657064176,5.48401513548001,11.1698033489701,4.16460731180565,-25.6312006585496,6.19092195800504
2020-06-19,"Metro",91714,3128,2165,36,1139858,34974,39777,1494,26559615,-14.0777167900443,-0.197007021722958,19.6575183725873,-21.8692253411562,-37.8011114568247,11.7153058857403
2020-06-19,"Non-Metro",11591,344,356,9,110000,2582,4030,177,3118053,-5.19262971592437,5.16164263501098,14.6733806917312,2.48028887980462,-27.8176816434027,7.24691508840108
2020-06-20,"Metro",95875,4161,2205,40,1173219,33361,42604,2827,26559615,-17.1698334288381,2.21294325311124,9.25170957512362,-21.0007750566191,-13.0647697742841,5.31304769746687
2020-06-20,"Non-Metro",11860,270,361,5,113516,3516,4171,141,3118053,-3.7549658857204,9.31903274040105,14.0456508276143,-1.14120914398044,-8.75650308269405,2.28452491630639
2020-06-21,"Metro",99606,3731,2235,30,1194241,21022,45352,2748,26559615,-19.080410881903,-4.74318434333247,-7.64122438842844,-25.7954806943829,-13.7977099186099,4.25152026011401
2020-06-21,"Non-Metro",11995,135,368,7,119024,5508,4249,78,3118053,-5.94276916966844,7.5222427702789,4.49209031416636,-0.761645502612026,-10.7351938319544,1.4730269904904
2020-06-22,"Metro",102674,3068,2273,38,1224665,30424,46962,1610,26559615,-17.5333735373586,-10.3284180671135,-3.25900025765398,-28.6518810482554,-39.8319063263414,13.6790906114955
2020-06-22,"Non-Metro",12207,212,374,6,126255,7231,4360,111,3118053,-7.09646833422494,-2.55536108654516,0.140013811266527,2.76061603939025,-26.526870720514,7.83925894305473
2020-06-23,"Metro",107721,5093,2310,37,1255040,30375,50572,3610,26559615,-14.0084111831298,-5.54705733222955,6.32694460650011,-27.6399901233632,-40.5582338963183,14.8905147291457
2020-06-23,"Non-Metro",12649,443,377,3,131192,4937,4635,275,3118053,-6.15459025893768,-2.47701290856619,3.46706329161288,2.98351491735205,-27.7449168225858,8.88774780605042
2020-06-24,"Metro",112855,5135,2370,60,1266614,11574,53359,2787,26559615,-12.7572047969388,-3.1902774135235,20.3631215955583,-25.4630923954537,-38.8463851552052,13.906779686802
2020-06-24,"Non-Metro",13066,421,384,7,132690,1498,4945,310,3118053,-3.99560496314328,1.26517937487971,1.33274355554346,3.37138486418786,-26.5653429357149,8.09402125057105
2020-06-25,"Metro",118458,5604,2424,54,1275692,9078,57131,3772,26559615,-15.5791370761097,-4.52707706657605,17.1538849416229,-27.3161156800227,-40.0096027733352,14.3383031075184
2020-06-25,"Non-Metro",13459,395,394,10,134166,1476,5190,245,3118053,-5.28463680657082,0.888146512831001,-0.719618503215384,0.49120845480363,-27.0451350805951,7.60536542785911
2020-06-26,"Metro",123733,5277,2493,69,1305413,29721,60157,3026,26559615,-20.190065755726,-4.43383899660815,3.69120670338464,-25.8877889800979,-39.1085576623911,14.9239690222815
2020-06-26,"Non-Metro",13891,448,397,3,138776,4610,5483,293,3118053,-10.8583237745318,-1.5607069679017,-7.10435551474265,-2.72473873987191,-28.3519273266132,9.352976092308
2020-06-27,"Metro",129103,5374,2567,74,1351311,45898,63625,3468,26559615,-24.0080339291234,-5.7149294208243,4.92671674893757,-24.7955601067518,-15.1517061577402,7.518895308923
2020-06-27,"Non-Metro",14263,379,405,8,141029,2253,5655,172,3118053,-10.6480825216144,0.936356001842136,2.80041873363816,-8.35057359536691,-10.1352067371264,3.66156097438955
2020-06-28,"Metro",134286,5185,2647,80,1399474,48163,67877,4252,26559615,-23.5960298954746,-11.6710252600637,-6.85923463293699,-27.8057621442482,-14.6653373362818,6.95635790381053
2020-06-28,"Non-Metro",14437,181,414,9,143712,2683,5719,64,3118053,-8.81933866605963,-3.40728578668553,4.63154486448251,-4.54442730879272,-11.1372690776647,3.5269730095096
2020-06-29,"Metro",138319,4033,2726,79,1432250,32776,70068,2191,26559615,-15.9883138471218,-7.88986634465322,9.08351305979361,-27.5191900195936,-39.0533835087992,13.1845689307806
2020-06-29,"Non-Metro",14692,256,425,11,146417,2705,5780,61,3118053,-6.67608916602794,-2.94749173191718,-5.23050590658365,-3.72624692055306,-26.4970552658464,7.85652659438231
2020-06-30,"Metro",144489,6173,2816,90,1463625,31375,72788,2720,26559615,-12.8460304642564,-3.79920112385431,18.9678301833054,-26.5295287898551,-40.3584530555458,14.0509825297896
2020-06-30,"Non-Metro",15497,806,431,6,148958,2541,5732,-48,3118053,-3.18123898297773,0.0240972209964673,10.6972447395077,-0.836132901690794,-27.9549200715073,8.15961309720589
2020-07-01,"Metro",151788,7319,2904,88,1494053,30428,75905,3117,26559615,-10.660988682304,0.581063351357268,24.143673940347,-23.1776403396367,-40.1786055427308,13.522856937335
2020-07-01,"Non-Metro",16274,778,442,11,159782,10824,6266,534,3118053,2.67439429771112,8.27205151838743,18.7008621125452,5.12763352308411,-28.1623188740554,7.22687056545576
2020-07-02,"Metro",159000,7215,3014,110,1528210,34157,80485,4580,26559615,-9.51919797823098,3.29101395467638,19.0387594934089,-23.3414296697777,-42.7602065176857,13.3690357185606
2020-07-02,"Non-Metro",16977,706,454,12,168599,8817,7269,1003,3118053,5.19939357800783,11.9546898576406,19.6302205045239,5.29371419608851,-30.9992634285317,6.94683360017016
2020-07-03,"Metro",165857,6858,3132,118,1560845,32635,83535,3050,26559615,-14.8072194866767,7.53118248398239,13.4142783542063,-28.7386160975543,-57.164149839557,17.8907598857781
2020-07-03,"Non-Metro",17675,699,470,16,180877,12278,6246,-1023,3118053,-1.6239512616991,13.5896166776168,9.13086020565702,-5.40634808485244,-46.6091744407684,12.8740008259489
2020-07-04,"Metro",173385,7536,3265,133,1602201,41356,89500,5965,26559615,-37.0710549901275,-7.44199044754244,-3.72209143296954,-35.1934303867042,-30.8144142500067,9.35982481338651
2020-07-04,"Non-Metro",18405,733,483,13,183341,2464,6773,527,3118053,-21.5113628092367,6.09571709137929,28.6976535692128,-25.2624412699053,-25.5830842064509,4.5269730095096
2020-07-05,"Metro",176609,3227,3381,116,1643634,41433,91711,2211,26559615,-28.6754383563389,-18.2697824901179,-19.3679633251984,-33.0962374347808,-21.7952792363742,7.24550502292615
2020-07-05,"Non-Metro",18630,227,499,16,186332,2991,7672,899,3118053,-11.2344836379277,-4.36631626966546,-4.61180649434799,-4.01312532156007,-19.0193977536678,4.5269730095096
2020-07-06,"Metro",181649,5042,3513,132,1683624,39990,93449,1738,26559615,-16.6403013299787,-8.23232723134568,-2.46256218235181,-29.3114784765275,-43.7283486950312,14.6102406409696
2020-07-06,"Non-Metro",18908,279,515,16,191002,4670,7646,-26,3118053,-7.78267476962983,-2.14089850307109,-7.48379850789428,-2.15969648167127,-31.7305902333433,9.66980815913139
2020-07-07,"Metro",190597,9206,3666,153,1721698,38074,98318,4869,26559615,-16.6487139919412,-6.15078336841577,12.2621555093361,-26.152953743747,-43.0706852160815,15.2195785030184
2020-07-07,"Non-Metro",19988,1081,525,10,195418,4416,8433,787,3118053,-9.65360224649437,-3.94375328684332,-2.07210876717528,-4.29296132076817,-31.6030382061488,10.3091467813986
2020-07-08,"Metro",199601,9005,3853,187,1760788,39090,103411,5093,26559615,-15.1345691091118,-4.00571471250265,22.4399711439524,-25.0541539836053,-41.3602907569667,14.4940775111999
2020-07-08,"Non-Metro",20963,977,538,13,199217,3799,8951,518,3118053,-6.35533345254277,0.338919035453245,-4.2409134097925,-0.202700116409842,-29.6914766384404,8.53970097179174
2020-07-09,"Metro",207877,8313,4005,152,1818141,57353,108163,4752,26559615,-16.2451344129975,-4.10464756783302,20.2348925481855,-26.5206983052499,-42.4304583944918,14.5017683722654
2020-07-09,"Non-Metro",22469,1510,557,19,202264,3047,10157,1206,3118053,-7.81700844547537,1.10930274251208,0.059860439179515,-3.32478125708454,-30.4382960674928,8.37233042814081
2020-07-10,"Metro",216499,8657,4186,181,1863199,45058,112646,4483,26559615,-20.0865228214975,-5.72973358857823,5.43960400373635,-26.9642706716285,-40.9781115719635,14.7719625023089
2020-07-10,"Non-Metro",23612,1150,577,20,205923,3659,10752,595,3118053,-13.1857335145791,-3.20518101898822,0.561681581647861,-7.38334406657369,-31.014941575503,9.95955126475614
2020-07-11,"Metro",225710,9211,4370,184,1898971,35772,119649,7003,26559615,-24.2270555698299,-6.45231867168691,-4.35201937045448,-25.5748942074894,-16.0032980839268,7.90955784106864
2020-07-11,"Non-Metro",24752,1147,595,18,211951,6028,11617,865,3118053,-13.1443625276825,-0.0768074456012979,-1.93930305449507,-11.6730096695753,-11.811515900331,4.66156097438955
2020-07-12,"Metro",233244,7534,4562,192,1950350,51379,124908,5259,26559615,-22.3506658463064,-10.4576298316594,-11.8241558321142,-29.3421661546271,-18.6980713939177,7.26460387274522
2020-07-12,"Non-Metro",25414,668,626,31,215273,3322,12233,616,3118053,-11.7980752498826,-3.66165318157571,-1.91644624552088,-8.66628492010954,-16.0642204409673,4.05394601901921
2020-07-13,"Metro",238529,5285,4771,209,1986251,35901,122218,-2690,26559615,-17.1601139717381,-8.23323675210362,-3.8534763162659,-29.8409165070657,-41.2457410030425,13.6996537398022
2020-07-13,"Non-Metro",25784,370,655,29,219571,4298,12127,-106,3118053,-9.87484658395407,-4.40829179252789,-13.5815009628184,-5.89536798808919,-29.4883582138333,8.7373906557467
2020-07-14,"Metro",247979,9450,4986,215,2025464,39213,121166,-1052,26559615,-14.855939818639,-5.00249161328283,13.5310838123349,-28.3053384902739,-42.4864903974338,14.4363348646476
2020-07-14,"Non-Metro",27079,1297,690,35,223596,4025,12564,437,3118053,-7.51092215458308,-3.20606004826252,3.8509709655319,-3.70843678312832,-30.7889855127693,8.7338361024272
2020-07-15,"Metro",254142,9648,5213,227,2059254,33790,125494,4328,26559615,-14.2629323917138,-2.89250866418391,17.6809552701832,-26.7137812595417,-40.9151780194157,14.2039076782728
2020-07-15,"Non-Metro",28223,1147,714,24,227520,3924,12570,6,3118053,-5.62847643675128,1.47395330517406,1.03163895711689,0.841971074260968,-29.3794599341084,8.40598360543939
2020-07-16,"Metro",263353,9241,5439,226,2072453,13199,129278,3784,26559615,-16.2204320678874,-4.61091227261981,15.5241189116128,-28.0640047693582,-41.8529708545873,14.2526220784177
2020-07-16,"Non-Metro",29303,1083,737,23,229030,1510,13075,505,3118053,-8.29475645895296,-0.567405791818887,1.88834315386216,-1.64155942324773,-30.3757724396724,8.52020472741656
2020-07-17,"Metro",277098,13745,5654,215,2109307,36854,136313,7035,26559615,-19.9538183687095,-6.33422977022551,4.4154716393177,-26.9405512942029,-40.972377267085,14.6683655445767
2020-07-17,"Non-Metro",30474,1173,760,23,233903,4873,13838,763,3118053,-12.8584209327287,-3.48676975584736,3.40623907705601,-6.08585060030619,-31.2608257256313,10.0212637003844
2020-07-18,"Metro",286021,9133,5848,194,2147149,37842,142448,6135,26559615,-23.0925380681865,-7.13548035573516,1.95081385718398,-26.56282947686,-16.7313020893958,7.39555688405244
2020-07-18,"Non-Metro",31709,1248,779,19,237083,3180,15053,1215,3118053,-13.3277870576241,-1.57374751454676,2.22173743264819,-11.3941509516446,-13.126862312827,4.94608589069594
2020-07-19,"Metro",292905,6884,6065,217,2198164,51015,146122,3674,26559615,-21.2669121958648,-11.1276584576059,-4.39208977565422,-29.1030989935841,-18.8652678266016,6.5622679980215
2020-07-19,"Non-Metro",32125,443,801,22,240918,3835,14890,-163,3118053,-10.5745598530855,-3.56504252898268,-0.543462371458693,-8.63000363786896,-16.4756581910494,3.5269730095096
2020-07-20,"Metro",300007,7113,6283,218,2229854,31690,137428,-8694,26559615,-17.5413462276419,-10.2232430084084,0.820887372637402,-29.1860104124789,-41.1646871540445,13.3575378668037
2020-07-20,"Non-Metro",32427,312,835,34,243982,3064,14781,-109,3118053,-10.6745981732452,-6.4146036391817,-12.980774602874,-5.59102548805448,-29.6479860665243,8.7588494494155
2020-07-21,"Metro",308072,8253,6498,215,2265963,36109,138620,1192,26559615,-16.3779415498591,-8.03323025254034,10.5479600865156,-29.6754315120104,-42.5696125644662,14.8864511762529
2020-07-21,"Non-Metro",33667,1243,874,39,248914,4932,13903,-878,3118053,-10.01892311874,-6.12332517528534,-8.37837700734676,-3.27972461730044,-30.8912381560161,9.45804996301272
2020-07-22,"Metro",316347,8281,6731,233,2292436,26473,140686,2066,26559615,-15.679954218374,-6.26922426381993,17.0643833747997,-28.03215122105,-40.3329860211229,14.1980014581623
2020-07-22,"Non-Metro",35271,1607,910,36,251635,2721,14559,656,3118053,-8.19302843284711,-3.43407722353977,-0.858874149554195,-1.50031218508155,-29.1715144852561,8.84264893373325
2020-07-23,"Metro",324828,8482,6968,237,2319555,27119,142686,2000,26559615,-15.7798610822507,-5.48100713583631,20.8634619222829,-27.9356803067063,-41.0241575704677,13.6718421292461
2020-07-23,"Non-Metro",36297,1028,948,38,254821,3186,14659,100,3118053,-8.61172958755945,-0.692453134850764,3.30571275543603,-1.43454063276585,-29.3421063129924,7.90890721115157
2020-07-24,"Metro",332172,7634,7188,220,2350422,30867,144687,2001,26559615,-19.1359882576136,-4.99327986524922,3.73995581505184,-27.568312604915,-40.2406856669195,14.1323978341535
2020-07-24,"Non-Metro",37654,1360,982,34,258634,3813,15266,607,3118053,-12.8939001866488,-2.43392535254889,-4.26785173818415,-5.61959005482008,-30.5905943583471,9.84531459562604
2020-07-25,"Metro",337108,7038,7406,218,2377013,26591,145839,1152,26559615,-26.9819666972949,-11.5379573735075,-9.91857623343646,-31.931028880729,-19.7621855488134,8.97222745377695
2020-07-25,"Non-Metro",38738,1091,1018,36,260934,2300,15866,600,3118053,-16.9647415371234,-6.33028915680969,-0.731363006268081,-16.8355236427048,-16.0004490235841,5.41563309055586
2020-07-26,"Metro",342614,5535,7599,193,2412747,35734,147477,1638,26559615,-23.9523731700014,-14.9969985172958,-11.9090127954247,-33.0555180889707,-20.686902211359,6.9428766630043
2020-07-26,"Non-Metro",39042,306,1045,27,263731,2797,15899,33,3118053,-14.8945261669488,-9.90930672086969,-10.436086854729,-9.57098095106412,-18.503887531767,4.58091902852881
2020-07-27,"Metro",346241,3629,7798,199,2452519,39772,139810,-7667,26559615,-16.3698804708846,-10.8609671578208,2.1913255432848,-30.8667150499332,-41.4496716622803,13.0203037055731
2020-07-27,"Non-Metro",39682,643,1082,37,266028,2297,15227,-672,3118053,-10.519494528632,-6.50036270290527,-13.492829241732,-4.75678406047892,-29.8803621994718,8.58825807768257
2020-07-28,"Metro",352809,6568,8022,224,2470754,18235,140984,1174,26559615,-17.0123269045317,-10.2321587368194,-0.257957398481093,-31.0209584477324,-41.7335641784416,14.7334297872314
2020-07-28,"Non-Metro",41456,1779,1123,41,266596,568,16151,924,3118053,-9.80515143019108,-6.15683234333667,-1.0586260687558,-6.18519087927459,-30.2969145511313,9.27829176299503
2020-07-29,"Metro",360771,7962,8210,188,2493666,22912,143549,2565,26559615,-14.6119259057812,-7.02431254765396,14.5700977296133,-27.4674735072027,-40.9290005909103,13.6564519108205
2020-07-29,"Non-Metro",42536,1083,1159,36,269384,2788,16514,363,3118053,-7.45090380643751,-1.99679223697262,-9.18452728103151,-2.58112206111011,-29.6534303781959,8.50440484944171
2020-07-30,"Metro",368342,7574,8440,230,2530486,36820,144097,548,26559615,-14.1889915923433,-5.99300711607156,20.5053606198132,-27.3148993770033,-41.5837036425485,13.1911741330427
2020-07-30,"Non-Metro",43765,1230,1194,35,276524,7140,15834,-680,3118053,-7.44063970912232,-1.10212105535437,-1.42918006631267,-3.37217497405744,-30.2390032830886,7.62567071756891
2020-07-31,"Metro",376287,7950,8634,194,2561105,30619,145729,1632,26559615,-16.385066072727,-5.39461817196339,8.61771127163838,-24.3994465054041,-40.4222810525383,12.7511122144864
2020-07-31,"Non-Metro",44659,898,1230,36,287869,11345,15951,117,3118053,-8.21851061923111,-0.837414344875901,-6.28857884959552,-4.83031281336366,-30.8694650457772,8.83904621555911
2020-08-01,"Metro",385196,8916,8804,170,2603992,42887,129896,-15833,26559615,-20.6001937194962,-5.89433732201269,-0.42004013896497,-24.9096078024687,-17.46521716043,6.67139016883922
2020-08-01,"Non-Metro",45289,634,1262,32,297000,9131,16177,226,3118053,-7.43290298138012,2.0757785720385,6.207250347922,-6.271249944575,-13.7739610520361,3.32312194877909
2020-08-02,"Metro",391153,5957,8963,159,2696226,92234,131042,1146,26559615,-17.9566456692651,-9.87584288493407,-0.415208506180471,-26.0242397918509,-17.7451959076157,5.41250782472598
2020-08-02,"Non-Metro",45558,269,1293,31,305409,8409,16219,42,3118053,-4.9243333389339,-0.958165745902258,1.85757021356003,-2.36386313137449,-15.8593158674078,3.05394601901921
2020-08-03,"Metro",396176,5559,9131,168,2801622,105396,123653,-7389,26559615,-12.9407899666284,-6.97408912991753,5.39895915104974,-27.3014218441881,-40.1038701294387,11.9262161588397
2020-08-03,"Non-Metro",45838,280,1324,31,311627,6218,15576,-643,3118053,-3.65061819921851,-0.0784438718142615,-15.7117294556426,-3.98264545491898,-28.014661109734,7.02519674836668
2020-08-04,"Metro",404086,7913,9290,159,2850372,48750,123653,0,26559615,-12.7299716761833,-6.07415051468179,19.7109872801044,-27.3017978453816,-41.1779067250524,13.0539855187389
2020-08-04,"Non-Metro",47095,1258,1358,34,320371,8744,15576,0,3118053,-4.92299510274414,-1.39880176909303,-4.76559939182118,-2.20085727388456,-29.5247793330252,7.73506321598422
2020-08-05,"Metro",411961,7877,9470,180,2910175,59803,125371,1718,26559615,-12.5651479257362,-4.89132361515592,27.8082188614193,-25.8338734139886,-40.2001264078847,12.7490566446053
2020-08-05,"Non-Metro",47926,843,1389,31,328090,7719,17454,1878,3118053,-5.57780923780633,-0.654385819799267,3.07247196247165,-0.36460707612066,-28.5927355896207,7.47318521605501
2020-08-06,"Metro",418140,6180,9664,194,2951310,41135,124729,-642,26559615,-14.5241970772806,-5.99450007715856,26.1364015015037,-25.7599845187763,-41.0194881772546,12.6815819255485
2020-08-06,"Non-Metro",49345,1434,1423,34,332018,3928,17994,540,3118053,-7.40452038920883,-1.60091375016543,-3.62265038526172,-1.22302546864526,-29.0806074618972,6.84804120943521
2020-08-07,"Metro",424114,5977,9832,168,3122728,171418,125980,1251,26559615,-16.9664680379515,-6.41816684949064,10.6988190533901,-23.8590989726339,-39.3495866132235,12.1709541331158
2020-08-07,"Non-Metro",50410,1075,1461,38,354533,22515,19616,1622,3118053,-10.639289810915,-3.15501604081415,-4.07226480303011,-4.79853819827136,-29.414747989374,7.82860292929158
2020-08-08,"Metro",430073,5992,9987,155,3271665,148937,126600,620,26559615,-19.0682801691724,-6.23858714698059,9.76072684297472,-23.7206803382857,-16.3384575258109,5.65251355541095
2020-08-08,"Non-Metro",51410,1037,1481,20,379979,25446,19608,-8,3118053,-9.36928720465261,-1.0108788374074,5.45001055888645,-7.05856294008424,-13.0684669027327,3.32312194877909
2020-08-09,"Metro",434733,4660,10149,162,3396984,125319,123559,-3041,26559615,-16.747602850158,-9.62739742350101,-2.4399672344411,-24.6879928332502,-17.2648773208248,5.05562221530351
2020-08-09,"Non-Metro",51629,220,1504,23,392215,12236,18017,-1591,3118053,-6.79753023051693,-3.0934860395433,-2.16045727527797,-1.19316583340395,-15.2030400943434,2.5269730095096
2020-08-10,"Metro",438786,4053,10307,158,3522723,125739,122302,-1257,26559615,-14.8977811518757,-9.94480445436736,5.71171892630969,-27.6659706045323,-40.0513709711347,11.6283672758396
2020-08-10,"Non-Metro",52031,403,1535,31,410562,18347,17243,-774,3118053,-9.59020235082093,-6.24776783170989,-12.8468075439405,-4.81884124926296,-28.0167841814576,6.74108594849355
2020-08-11,"Metro",447365,7691,10477,170,3602930,80207,123724,1422,26559615,-14.3092580006364,-7.68633328088072,17.5218896772371,-27.1285122507751,-40.9603010994985,12.642135349706
2020-08-11,"Non-Metro",53255,1226,1572,37,415688,5126,16084,-1159,3118053,-7.4296365435999,-3.33059412886174,-2.0049223950555,-4.83844183392757,-29.0382092054359,7.15769901965302
2020-08-12,"Metro",452890,5527,10632,155,3640867,37937,127682,3958,26559615,-13.6805862866254,-6.03304769463151,18.7079821490309,-26.3306086786782,-39.9191038501299,12.484697456138
2020-08-12,"Non-Metro",53930,686,1600,28,419486,3798,16173,89,3118053,-6.38253033410064,0.2054596365848,-2.15067241423815,-3.44981357293267,-27.9694533313366,6.65034393405234
2020-08-13,"Metro",458530,5641,10795,163,3784437,143570,125401,-2281,26559615,-15.6773256880971,-7.07745461138313,14.2144496082171,-26.4557659804987,-40.9331340632037,12.5320828021611
2020-08-13,"Non-Metro",55045,1119,1636,36,428547,9061,16340,167,3118053,-8.78830610049442,-1.19404706639422,-3.25648684538419,-4.42808315715292,-28.7388465649554,6.40191616672712
2020-08-14,"Metro",464414,5890,10923,128,3850866,66429,123420,-1981,26559615,-17.7034306491181,-7.5551160731852,2.47702209093182,-24.5535274731241,-39.5269398282725,12.0576592076059
2020-08-14,"Non-Metro",56179,1187,1668,32,433051,4504,16805,465,3118053,-11.3633797831347,-3.69552262733728,0.801291307443207,-5.21847408711815,-28.6099874761021,7.49854306521285
2020-08-15,"Metro",472069,7657,11052,129,3851053,187,116630,-6790,26559615,-19.3552751402313,-5.76260424957411,-0.21902237203941,-22.9900425591681,-17.2270128732004,5.39656795048687
2020-08-15,"Non-Metro",56769,689,1700,32,433063,12,16547,-258,3118053,-9.12233670455157,0.349923487500193,7.41825681413889,-6.61151752245187,-14.0763146190296,3.56904983261278
2020-08-16,"Metro",478158,6089,11160,108,3918066,67013,118138,1508,26559615,-18.3542611160439,-11.1043483882111,-11.2074915949432,-24.7239873189447,-18.5881499994079,5.06030357141391
2020-08-16,"Non-Metro",56884,116,1725,25,439817,6754,16351,-196,3118053,-7.43219433770845,-1.78749990745708,-0.712554852089333,-2.65905382840004,-15.8648878245836,3
2020-08-17,"Metro",485911,2559,11263,103,3996252,78186,119419,1281,26559615,-17.1040004938149,-11.9135813184282,-11.7953354705225,-35.1862659597211,-40.2585287944731,11.5997005875321
2020-08-17,"Non-Metro",57039,158,1756,31,445452,5635,15699,-652,3118053,NA,NA,NA,NA,-30.2098093692277,6.24585634982337
2020-08-18,"Metro",492395,6484,11390,127,4059493,63241,116258,-3161,26559615,-16.6175176808977,-10.2332531798533,-1.37224541249229,-36.2233833876399,-39.6063422204266,12.5346000272164
2020-08-18,"Non-Metro",57837,800,1773,17,449280,3828,15123,-576,3118053,NA,NA,NA,NA,-28.9500943410537,6.44297422112247
2020-08-19,"Metro",498820,5883,11513,123,4081501,22008,113484,-2774,26559615,-15.4041283791992,-8.24560073405842,6.43771252907085,-34.8074010243726,-39.0685517819998,11.9912719401435
2020-08-19,"Non-Metro",58436,620,1801,28,452095,2815,15005,-118,3118053,NA,NA,NA,NA,-28.664633598484,5.61116453535365
2020-08-20,"Metro",503536,4344,11621,108,4145540,64039,111539,-1945,26559615,-16.3867094984657,-9.24360625454408,3.69633217384488,-34.5874087486336,-39.8590596228266,12.1105876577128
2020-08-20,"Non-Metro",59023,609,1827,26,459651,7556,13248,-1757,3118053,NA,NA,NA,NA,-29.6723209066076,5.60484755744544
2020-08-21,"Metro",508076,4178,11712,91,4197605,52065,109659,-1880,26559615,-18.131874854555,-7.50801726731488,-5.99260173871841,-32.2285844660252,-37.9546920907927,11.5247679940089
2020-08-21,"Non-Metro",59504,497,1857,30,467131,7480,13084,-164,3118053,-7.32367611411523,NA,NA,NA,-29.2167463830095,6.69443326839971
2020-08-22,"Metro",512628,3936,11797,85,4248791,51186,108178,-1481,26559615,-20.0147580145926,-6.26472145704863,-11.5836415914605,-31.5911689472095,-16.0440604805779,5.2629971315901
2020-08-22,"Non-Metro",60511,1017,1876,19,473052,5921,13503,419,3118053,-8.79670310460563,NA,NA,NA,NA,2.56904983261278
2020-08-23,"Metro",516770,3237,11882,85,4257442,8651,103644,-4534,26559615,-17.8141988703074,-9.935303554004,-10.4775590176701,-35.2343637755418,-16.7512738966331,4.77937062284995
2020-08-23,"Non-Metro",60767,257,1895,19,473769,717,13038,-465,3118053,NA,NA,NA,NA,NA,2.5269730095096
2020-08-24,"Metro",519256,2394,11970,88,4270823,13381,100700,-2944,26559615,-17.8335565392284,-10.3828846430974,-9.61241842846909,-35.527196546027,-38.0848923153491,11.2334567620141
2020-08-24,"Non-Metro",61128,363,1925,30,475570,1801,12990,-48,3118053,NA,NA,NA,NA,-26.8328593915731,5.53080935547965
2020-08-25,"Metro",524530,5019,12056,86,4320283,49460,94898,-5802,26559615,-14.6765265580757,-2.59994042490055,-2.57630526886973,-35.1812940895482,-39.8339741441746,11.8485864344042
2020-08-25,"Non-Metro",62200,1084,1947,22,479126,3556,12932,-58,3118053,NA,NA,NA,NA,-28.7929280965978,5.9363258957853
2020-08-26,"Metro",529218,4588,12137,81,4417685,97402,93008,-1890,26559615,-16.6117798230475,-4.79554503813607,-1.54638103549743,-37.5652883090938,-41.7237746374453,13.425929501522
2020-08-26,"Non-Metro",62919,727,1964,17,488383,9257,13114,182,3118053,NA,NA,NA,NA,-27.5281103667807,6.07606879531061
2020-08-27,"Metro",534291,4584,12237,100,4450438,32753,89187,-3821,26559615,-19.879270760208,-15.3246852223739,4.14386858748562,-39.2779973499337,-43.9483451319994,14.1809024664758
2020-08-27,"Non-Metro",63446,536,1984,20,492233,3850,12978,-136,3118053,NA,NA,NA,NA,-37.6058270985799,8.75360441594303
2020-08-28,"Metro",537653,3305,12326,89,4502833,52395,86884,-2303,26559615,-19.9315411761517,-12.6982967144163,-11.5715466881477,-33.3161297336139,-37.7671628643315,11.87525519136
2020-08-28,"Non-Metro",64115,674,2009,25,498266,6033,12876,-102,3118053,-5.74275708558643,NA,NA,NA,-28.5375047987333,7.48304963378207
2020-08-29,"Metro",541789,4194,12390,64,4521379,18546,79934,-6950,26559615,-19.6963366092654,-9.89443115868756,-12.5764652698483,-31.4634735783215,-15.8064203902559,5.34025185382948
2020-08-29,"Non-Metro",64741,643,2030,21,499380,1114,13004,128,3118053,-7.68881106656722,NA,NA,NA,NA,3.32312194877909
2020-08-30,"Metro",545364,3517,12463,73,4548216,26837,79496,-438,26559615,-17.8271694940619,-13.0718005715884,-17.7915480936244,-35.9052934981855,-16.927358043547,5.24160888916239
2020-08-30,"Non-Metro",64990,249,2050,20,503267,3887,12977,-27,3118053,NA,NA,NA,NA,NA,3.5269730095096
2020-08-31,"Metro",548212,2623,12529,66,4567914,19698,74792,-4704,26559615,-16.5905399635891,-12.4204818381696,-10.6841510518339,-34.6679219992034,-37.4000252851728,10.7486786794393
2020-08-31,"Non-Metro",64757,105,2066,16,506778,3511,11413,-1564,3118053,NA,NA,NA,NA,-25.956952008,5.5073240514597
2020-09-01,"Metro",552002,3560,12616,87,4582755,14841,73615,-1177,26559615,-15.2706806894026,-9.73026625393409,-10.0506550645323,-35.7595690301765,-38.8741814612212,12.0595398838642
2020-09-01,"Non-Metro",65331,611,2085,19,508080,1302,12261,848,3118053,NA,NA,NA,NA,-27.0508589878378,5.57080399095607
2020-09-02,"Metro",555859,3774,12680,64,4642887,60132,71493,-2122,26559615,-13.6115720445399,-8.14581385823278,-2.36586091950135,-33.9486813159159,-38.1562019594597,11.8988552244334
2020-09-02,"Non-Metro",65808,484,2101,16,513321,5241,11879,-382,3118053,NA,NA,NA,NA,-26.7730960551787,5.97402487736097
2020-09-03,"Metro",559351,3435,12742,62,4669361,26474,68005,-3488,26559615,-13.2181987915481,-6.82944912691818,-3.04023931535696,-30.4324719093977,-38.7264096226224,11.0712568462716
2020-09-03,"Non-Metro",65996,485,2128,27,516050,2729,7948,-3931,3118053,NA,NA,NA,NA,-27.6079577874835,4.80058218735555
2020-09-04,"Metro",563113,3672,12815,73,4729318,59957,66382,-1623,26559615,-15.5070351750184,-7.57502696128104,-11.4181388978506,-28.8513708758424,-38.3023349485171,10.5815324617888
2020-09-04,"Non-Metro",67716,574,2148,20,521612,5562,8438,490,3118053,-1.21578407607682,NA,NA,NA,-28.3687387470435,5.63202354833684
2020-09-05,"Metro",566816,3756,12870,55,4750846,21528,63377,-3005,26559615,-17.9078379212728,-7.75118791470429,-10.6168148387508,-31.3246682636011,-20.1335560989584,4.52387805270879
2020-09-05,"Non-Metro",68499,807,2157,9,524445,2833,8179,-259,3118053,-4.74275708558643,NA,NA,NA,NA,2.5269730095096
2020-09-06,"Metro",569761,2750,12937,67,4769205,18359,63456,79,26559615,-13.973520872677,-9.1360954209359,-5.49559231080271,-37.1630303770215,-18.9415162444149,2.95324612138965
2020-09-06,"Non-Metro",68549,54,2169,12,528316,3871,8108,-71,3118053,NA,NA,NA,NA,NA,1.05394601901921
2020-09-07,"Metro",571768,2004,12991,54,4826886,57681,64842,1386,26559615,-13.8506150874758,-9.94632068344062,1.90708485996126,-43.9856605884064,-69.9176281576498,18.2521125770444
2020-09-07,"Non-Metro",68602,73,2181,12,533608,5292,7878,-230,3118053,NA,NA,NA,NA,-63.1288304552338,14.9345839792425
2020-09-08,"Metro",572912,1140,13044,53,4838704,11818,63993,-849,26559615,-17.3375938973799,-10.7698869310887,-7.0339755924336,-31.4651917020894,-39.9457154892977,11.4718757994044
2020-09-08,"Non-Metro",68879,290,2198,17,534672,1064,8068,190,3118053,NA,NA,NA,NA,-27.626467770599,4.69471250573351
2020-09-09,"Metro",576649,3578,13113,69,4905280,66576,62824,-1169,26559615,-18.7506039141949,-12.3283746069957,-16.2534096789351,-34.3311297241018,-37.6253748271184,11.8629506681889
2020-09-09,"Non-Metro",69142,718,2213,15,541901,7229,7275,-793,3118053,NA,NA,NA,NA,-25.9602939100137,4.10103001639608
2020-09-10,"Metro",580256,3477,13168,55,4915359,10079,61509,-1315,26559615,-16.9450147886074,-9.87227204656889,-7.96294754135238,-34.2601676473682,-38.172898721435,11.0501047540613
2020-09-10,"Non-Metro",69553,434,2230,17,545088,3187,7015,-260,3118053,NA,NA,NA,NA,-27.1275091978152,2.676149155457
2020-09-11,"Metro",583192,2877,13229,61,4973071,57712,61509,0,26559615,-17.3584345335185,-10.2577177294334,12.9446393570926,-23.1353412487839,-35.0402394864172,9.50779986653489
2020-09-11,"Non-Metro",70073,549,2242,12,552820,7732,7015,0,3118053,-8.7451742990724,-7.39403430260874,22.9680346371137,-4.96222623804234,-23.1623070567885,2.17117926265395
2020-09-12,"Metro",587106,3539,13273,44,5064254,91183,59848,-1661,26559615,-16.2329624446272,-6.78073829717524,19.9677969962563,-18.5921855970784,-14.1912007561958,3.74583042717591
2020-09-12,"Non-Metro",70483,465,2258,16,567367,14547,6682,-333,3118053,-7.05240819616355,-3.21887398318999,36.7461265805814,-0.00426090659846995,-12.8372623808414,-0.676878051220905
2020-09-13,"Metro",588773,1662,13326,53,5015761,-48493,59567,-281,26559615,-15.9762361448546,-9.40929054377718,2.96423881579727,-22.8698826048587,-15.7537045686242,4.40369580529705
2020-09-13,"Non-Metro",70661,178,2271,13,545415,-21952,6256,-426,3118053,-7.96355172453041,-4.60966052821855,25.9163814846732,-4.46629497449722,-16.0373193037663,0.0539460190192057
2020-09-14,"Metro",592555,2367,13375,49,5048049,32288,59764,197,26559615,-16.1924401922149,-11.7255657090643,8.16009033399187,-26.7540761732999,-33.3368611394364,9.5948241232443
2020-09-14,"Non-Metro",70849,190,2282,11,547822,2407,6083,-173,3118053,-8.81192944399985,-7.54514317021482,-6.70424497610263,-4.44137162571682,-19.7788033144537,2.94482029970372
2020-09-15,"Metro",597153,4072,13431,56,5099389,51340,60826,1062,26559615,-13.9127614234894,-8.38989428137256,19.5540140438217,-25.6649845600399,-34.5166243392465,10.8831071629901
2020-09-15,"Non-Metro",71593,751,2293,11,553778,5956,6023,-60,3118053,-4.87108331619834,-4.21333195512015,23.0228501068652,-0.751347040737894,-21.136633115595,3.81505030049565
2020-09-16,"Metro",602634,2874,13489,58,5146370,46981,60306,-520,26559615,-14.354766990574,-9.53206485423874,20.0431720303577,-24.6553532827067,-34.449786612779,10.4985542167208
2020-09-16,"Non-Metro",72138,583,2313,20,557677,3899,5939,-84,3118053,-6.74406914422528,-4.446126616286,-5.35572237387524,1.09985921429854,-21.2688110926566,3.4624694885183
2020-09-17,"Metro",606426,3270,13527,38,5242776,96406,59250,-1056,26559615,-15.8758911294004,-10.4009852729779,20.5663488582076,-25.9841560169139,-35.431778735038,10.5807611481894
2020-09-17,"Non-Metro",72393,393,2329,16,565756,8079,5869,-70,3118053,-6.63756921702958,-6.23164925594951,32.9386351847015,-1.52845171459078,-21.8754791081403,3.91915215098571
2020-09-18,"Metro",610236,3299,13572,45,5358800,116024,59625,375,26559615,-15.5274444800713,-9.14232590736006,13.0270338050421,-22.4747333341214,-33.1052265229448,9.43692005032211
2020-09-18,"Non-Metro",72000,697,2342,13,573745,7989,5849,-20,3118053,-7.73230274623599,-5.83343444008966,15.1297191367078,-1.89841752739692,-20.8363065514682,4.36137797555243
2020-09-19,"Metro",613457,2829,13623,51,5388675,29875,58698,-927,26559615,-14.9481171654099,-5.9938962639294,26.9038008824136,-18.2592820659899,-14.6735521209128,3.34282207892192
2020-09-19,"Non-Metro",72611,611,2353,11,577258,3513,6088,239,3118053,-5.54536133875464,-1.78796392346704,36.2993405341087,-0.321996459969866,-13.5574855455304,1.32312194877909
2020-09-20,"Metro",615818,2136,13679,56,5415915,27240,58582,-116,26559615,-16.5815285760525,-11.02926400877,-1.84725539556547,-26.2504410199052,-15.9870096123655,4.42921109715116
2020-09-20,"Non-Metro",72716,105,2368,15,581008,3750,6034,-54,3118053,-6.7100787890646,-4.1737787867387,20.8084704364974,1.00691576684115,-14.5370286630587,2.05394601901921
2020-09-21,"Metro",622875,1633,13729,50,5465303,49388,63181,4599,26559615,-20.7670815411651,-15.5253670352793,-28.1412458790087,-32.4315940953135,-36.4013318137671,12.3358112919272
2020-09-21,"Non-Metro",75512,114,2389,21,585935,4927,7867,1833,3118053,-13.1721563474353,-11.1790449352889,-2.61667016189917,-7.59179518205458,-22.8319271320569,6.41422332826347
2020-09-22,"Metro",639993,3277,13769,40,5535645,70342,64268,1087,26559615,-21.4721077369795,-14.8208979203678,-25.3371874804285,-35.3823244409138,-40.1336518376129,15.40340148908
2020-09-22,"Non-Metro",76214,708,2403,14,594761,8826,8158,291,3118053,-13.1114541399953,-10.4301000977871,-1.96680640073948,-9.31165351201008,-23.2057072434792,7.31878200528794
2020-09-23,"Metro",642816,2444,13810,41,5618462,82817,64388,120,26559615,-16.5513111709655,-10.2556968862151,0.265442040458182,-28.1933501965353,-34.2230281479196,12.0435330835385
2020-09-23,"Non-Metro",76783,595,2420,17,600568,5807,8169,11,3118053,-10.1606013098276,-5.62334898894973,-6.13384647615205,-4.26722019423402,-19.5716387075392,5.74683040407454
2020-09-24,"Metro",646705,3418,13867,57,5668132,49670,64022,-366,26559615,-15.9289869859691,-10.3451677077371,11.0473393748734,-26.748741355459,-33.9551515049687,10.6857512246055
2020-09-24,"Non-Metro",77214,433,2431,11,606890,6322,7954,-215,3118053,-8.26726825196541,-5.75661040195383,-10.7868425953021,-1.5299375936459,-19.9070868622504,4.81798499640078
2020-09-25,"Metro",650783,2773,13917,50,5744345,76213,66753,2731,26559615,-15.9751833676675,-9.74377219780987,4.32035103579806,-24.5150789816854,-31.8935446567261,9.49849742727329
2020-09-25,"Non-Metro",77769,573,2447,16,618574,11684,9054,1100,3118053,-9.38985753134279,-5.72150681319894,14.9300987506323,-4.92155694082929,-19.4672378855241,4.89487887227392
2020-09-26,"Metro",655294,2955,13963,46,5766695,22350,67819,1066,26559615,-15.9320847612284,-7.08351851387296,15.3817387452779,-20.4839589200952,-12.6170797888858,3.52726941606927
2020-09-26,"Non-Metro",78144,371,2465,18,621787,3213,8925,-129,3118053,-8.02911393111298,-2.72233873554233,30.1219464049369,-2.58094527581516,-10.9038687579734,2.50229633491834
2020-09-27,"Metro",656953,1257,13992,29,5925970,159275,67397,-422,26559615,-16.2603765517505,-11.1772137968171,-0.460872295026343,-23.5718675997536,-14.6576202204883,4.35142618254484
2020-09-27,"Non-Metro",78179,35,2470,5,640331,18544,8600,-325,3118053,-9.22448460830122,-4.95839337406119,18.4574811440962,-0.825448987659899,-13.6178840541835,3.39329396335859
2020-09-28,"Metro",661320,1318,14023,31,5954208,28238,60310,-7087,26559615,-16.7647486636661,-12.074445883724,-1.40872044858314,-27.513167814792,-32.2046912458604,9.98918301463116
2020-09-28,"Non-Metro",78423,85,2477,7,643087,2756,7252,-1348,3118053,-10.3419285596921,-7.0334513869774,-15.6144627139067,-1.5568128379689,-18.4810497204456,5.0068506818098
2020-09-29,"Metro",664340,3158,14057,34,5989389,35181,60687,377,26559615,-14.6094554210062,-9.68647087397461,13.8808664853742,-26.2893439720687,-33.2964655094456,10.3326936910511
2020-09-29,"Non-Metro",78944,707,2495,18,648070,4983,7336,84,3118053,-8.00505739736658,-5.92509245503296,-0.974796691499546,-0.976026672462277,-19.6824770790165,4.47500224120741
2020-09-30,"Metro",669672,5009,14093,36,6034853,45464,62909,2222,26559615,-12.6660657423786,-6.18743980302142,15.4879345894461,-23.1708281808242,-33.1856479179968,9.63286845445213
2020-09-30,"Non-Metro",79295,374,2512,17,652323,4253,6857,-479,3118053,-4.5184510209759,-1.59284688727503,-5.58232231321403,1.8537075584149,-19.9117270672802,2.95288115260963
2020-10-01,"Metro",672649,2727,14142,49,6127443,92590,62686,-223,26559615,-12.0772006016043,-5.46822249487447,15.5610704729066,-23.8609288125928,-32.4268531316158,9.20121660727429
2020-10-01,"Non-Metro",79852,553,2521,9,661073,8750,6909,52,3118053,-0.544519836934904,1.81723096394568,25.8770080014659,-1.47139333160225,-19.6915288600321,1.53436394296862
2020-10-02,"Metro",675688,2294,14175,33,6233961,106518,62151,-535,26559615,-14.0552549901881,-6.54511259153425,5.05890818089988,-21.1706259786582,-30.827245205881,8.37156401763805
2020-10-02,"Non-Metro",80316,499,2537,16,674678,13605,7279,370,3118053,-2.64941940375453,-0.511848481378193,13.6592761733029,0.923848553692426,-20.0342499453593,2.15497897629222
2020-10-03,"Metro",682416,3082,14213,38,6297036,63075,63998,1847,26559615,-14.3386605689213,-4.40742067682119,18.4456799193051,-18.0496797129069,-14.3721002781274,3.07678448651703
2020-10-03,"Non-Metro",80594,297,2551,14,681576,6898,7277,-2,3118053,-0.22139860326058,2.12155251843239,45.6165226790907,-0.432302463106065,-13.674899695508,0.460141183229106
2020-10-04,"Metro",685222,2103,14253,40,6331606,34570,64370,372,26559615,-14.4787616497888,-8.65898146454056,3.83326863530037,-21.7397384685009,-15.6548500590316,3.43778502344641
2020-10-04,"Non-Metro",80672,78,2558,7,685012,3436,6947,-330,3118053,-2.37119855093594,-1.35491500155786,24.4898174550139,1.41744674742797,-16.1723924054858,1.51710731718913
2020-10-05,"Metro",688304,2014,14294,41,6398996,67390,64063,-307,26559615,-15.8637631089037,-9.59216361719321,-0.320486880081516,-26.1239059754113,-32.8042830284666,8.99939909215176
2020-10-05,"Non-Metro",80999,198,2585,27,689733,4721,7010,63,3118053,-7.00614414372604,-3.76928309124389,9.2380575483846,-0.949557417456345,-20.2709717191955,2.70093573614898
2020-10-06,"Metro",691738,3192,14332,38,6427362,28366,64403,340,26559615,-15.1358175472369,-8.09232215332432,11.4067865750886,-25.0275544758113,-33.970111439085,9.57937753979234
2020-10-06,"Non-Metro",81697,732,2597,12,692535,2802,7207,197,3118053,-7.06520223523286,-3.06716382358651,16.7184187159286,2.16631703858454,-21.1519740374454,3.13400279159853
2020-10-07,"Metro",695217,3179,14363,31,6466943,39581,63926,-477,26559615,-15.2702357395786,-7.36752000991278,15.2542765840574,-23.8845854071105,-32.2684332936267,9.70007272273165
2020-10-07,"Non-Metro",82339,716,2611,14,698554,6019,6886,-321,3118053,-7.15630473713352,-1.80678844572069,-8.55821872256657,0.748220924267722,-19.474619586176,3.08299139669082
2020-10-08,"Metro",698953,3349,14402,39,6506991,40048,64942,1016,26559615,-15.6316744268727,-8.31816817981061,13.0255424195726,-24.5389753575491,-33.3624182147345,9.95567846171228
2020-10-08,"Non-Metro",82841,496,2623,12,704110,5556,6935,49,3118053,-6.19609731977236,-1.01315453596705,20.4482269503546,0.698633226869549,-20.1428153981546,3.62640177363911
2020-10-09,"Metro",702458,3124,14434,32,6592702,85711,65417,475,26559615,-17.0149249860231,-8.00828524006216,-1.81787762558184,-24.0419142377115,-33.3901748093829,10.3069085685746
2020-10-09,"Non-Metro",83372,544,2638,15,714538,10428,7128,193,3118053,-8.57890805627744,-3.32411179092791,2.81976628025115,-0.23541041497422,-21.0148118193135,5.49873847398067
2020-10-10,"Metro",706328,3714,14466,32,6646948,54246,66566,1149,26559615,-16.451810189779,-6.84446944179014,14.1261340937418,-19.373727768269,-13.6954917852308,3.65431085387754
2020-10-10,"Non-Metro",83732,381,2649,11,720758,6220,7038,-90,3118053,-5.52530331364025,0.0608825946639405,24.3145878547667,2.22953128249971,-12.2325391502594,2.44043362375538
2020-10-11,"Metro",708711,2229,14490,24,6708341,61393,67014,448,26559615,-15.9144595405032,-9.42903371212134,-0.386608479283156,-21.4458755976992,-14.7000925000606,3.71775412562167
2020-10-11,"Non-Metro",83767,40,2656,7,728974,8216,6899,-139,3118053,-7.45880209184868,-2.65623971511586,20.9117799163206,4.13474276914758,-14.3106209066772,2.97238620875464
2020-10-12,"Metro",711154,2237,14520,30,6795476,87135,68134,1120,26559615,-15.1694522312779,-9.88431035832738,7.04397571907579,-25.3274094399538,-38.2222401419119,10.4658547186687
2020-10-12,"Non-Metro",83972,147,2666,10,739886,10912,6899,0,3118053,-10.2453472582771,-6.16431692319373,-4.77669218603159,3.84047071494126,-27.6593908946182,6.28103405335964
2020-10-13,"Metro",715522,4290,14548,28,6859398,63922,69953,1819,26559615,-15.266667468017,-8.79950280241404,20.3317217638151,-24.594530811731,-33.5100682437609,10.0227151502054
2020-10-13,"Non-Metro",84734,766,2678,12,746531,6645,7173,274,3118053,-7.40028945850906,-4.38963140199204,27.259977494464,0.732618523919841,-20.4093156250714,4.55262840166081
2020-10-14,"Metro",719713,3979,14580,32,6903284,43886,71429,1476,26559615,-13.7018310071927,-6.98348396356292,20.2143518694349,-22.3123929781491,-31.6945270342519,9.86953585892957
2020-10-14,"Non-Metro",85369,666,2686,8,752173,5642,7210,37,3118053,-5.55090157234216,-2.41694473964549,14.4728218528858,4.01008204279774,-18.7160644757263,4.07938594343027
2020-10-15,"Metro",723775,3957,14605,25,7008483,105199,71290,-139,26559615,-14.4469231786621,-7.20998135271495,15.8112459100264,-23.6630466611835,-32.6280897424977,9.84387084224623
2020-10-15,"Non-Metro",86033,671,2692,6,763261,11088,7430,220,3118053,-5.38588188510436,-1.85025829408363,30.4892308514537,-0.346338942965619,-20.0766480962004,4.07196012910461
2020-10-16,"Metro",728986,5050,14622,17,7069604,61121,73404,2114,26559615,-15.4205185833905,-7.74581068882838,-0.522726931025686,-22.026387682432,-31.3956244668717,9.39239884913644
2020-10-16,"Non-Metro",86692,695,2700,8,769647,6386,7685,255,3118053,-7.21903889237387,-2.87911307285376,6.49663908472831,0.524750531517194,-20.1935458793034,4.70851215522906
2020-10-17,"Metro",733463,4196,14631,9,7124907,55303,74366,962,26559615,-15.7151071706245,-7.39976833427976,13.5507139161905,-17.7323744382182,-14.4085464357723,3.58079444905285
2020-10-17,"Non-Metro",87100,535,2705,5,775703,6056,7809,124,3118053,-6.34579055249946,-3.05946564235171,19.601858773352,0.240799096070227,-12.6420914155312,2.29878946024384
2020-10-18,"Metro",736618,2987,14642,11,7181353,56446,74702,336,26559615,-14.7252753207247,-9.94979357068714,0.577142486505256,-20.0039635438518,-15.7104128807657,3.96927385952366
2020-10-18,"Non-Metro",87161,71,2709,4,783681,7978,7644,-165,3118053,-7.13763723860507,-4.98319278542412,18.9954870234917,2.66668784532987,-15.2456607336021,2.80834673840692
2020-10-19,"Metro",741251,2173,14648,6,7243205,61852,75800,1098,26559615,-17.2795067691101,-11.6621148058531,-2.9993957829149,-25.6450694605976,-31.4130493825008,9.30654817541872
2020-10-19,"Non-Metro",87276,101,2712,3,789098,5417,7130,-514,3118053,-10.648866970994,-7.72499506818353,11.4992908110411,-5.47582495338456,-19.4698179702782,4.60704739705917
2020-10-20,"Metro",745286,3889,14650,2,7274084,30879,76177,377,26559615,-15.4509276679431,-9.26845590901524,13.2604007328926,-24.116175237498,-32.4197873573961,10.1472727763208
2020-10-20,"Non-Metro",88271,970,2713,1,792060,2962,7796,666,3118053,-8.46230541726054,-6.75409966878702,16.5542299533666,-1.17568705438913,-19.5306399053735,4.81893305973041
2020-10-21,"Metro",749764,4235,14652,2,7332999,58915,76177,0,26559615,NA,NA,NA,NA,NA,NA
2020-10-21,"Non-Metro",89045,822,2714,1,798441,6381,7796,0,3118053,NA,NA,NA,NA,NA,NA
2020-10-22,"Metro",755258,5174,14652,0,7414555,81556,77516,1339,26559615,NA,NA,NA,NA,NA,NA
2020-10-22,"Non-Metro",89842,754,2714,0,809710,11269,7866,70,3118053,NA,NA,NA,NA,NA,NA
2020-10-23,"Metro",760972,5017,14652,0,7414555,0,79854,2338,26559615,NA,NA,NA,NA,NA,NA
2020-10-23,"Non-Metro",90600,750,2714,0,809710,0,8172,306,3118053,NA,NA,NA,NA,NA,NA
